id,class
15ed028ba1e232160c4861c00e27aa6ffee8396eca31c011628ae630fe0f683b,madang
1698c6476c9c4d801f46eec0a47de0974fe43e350c0b75508ac84ff0d33a757e,madang
16f579f0ae6fa83be3c68e22c81360142acd4b48fba2e212c98e69ea3fc1d352,madang
18b342d58845feec7a6b7dbd8dbc486e80d44838a39f19c7982d7fdf40067291,madang
1960d468fd3187c3c4ddef4a9241781385521ff713c4c3a1ad60a39c259632b6,madang
1b8200df753f9920febc34871825b4bd1406c98b16278893581e2684d0d50a35,madang
20d0cdd7190d66261e5ea405a75e0de37cf22d1421506b11ee3b650a66773493,madang
21981ea1674e17a68ed6d54ad34af56a1fe19bb8e8e6aca856d1cb7c8aa4000f,madang
23bfe7053636c02c25460ade14470bb57efb91e2390647ce055ca1203fcd3f2c,madang
24dda68580b996d1afcefa2afa2ebe760e58b753356a3fffde3682e4c9a026cc,madang
282f632f0e9a7e37f58c8aa59e063266d68e5029b235693d7617958e5d345a3e,madang
2b50b13b6626c8a5e7ec769aa0c83d38f72d605e22396c4550e82fd72ad28a3a,madang
2c278741c2b4b56469d40794592e1c4264a8df6cced730df9c2f109567819edb,madang
2d1f73e46b026a3f92d2baef5b88bbe060d9d33a0941efa6ed6dc14b825cd112,madang
35dc3318d4c06c330d69608ee6e136f2b3d8353bccd8f87aeb6c6d8a2516ba7f,madang
374ec269c4dfc7c51cacf1ee56e7c6f84312df5e1f8ebb4781660d004ac2b0d3,madang
385bca3fb09a9d8eea0abe28968f69f8fd0f57044d75def5def07c1fda0e71c2,madang
3991cfd9f6e84e9dabca56da5538d9c25a3b28b20218069d6abe2ef39666740e,madang
3b2f82306cd430f893e2dedf914e9aa6499dbd43238407d86649e2239a53322c,madang
3bb71e33df326b216027f8d1e84504d309f2b615db555585dee13c6c42e7019c,madang
4551b08f155747104cacb490ec137a6584f3bae1f0e44f9841864338b617307b,madang
4703d0b84f2d0897a7913f5c287537a11ea0428e97a1df2d8ebf0c24cfab36c0,madang
48761dc09dcd8d8a13917a24e25289c484efd54fd63a1a338186f6ee64ee708c,madang
4e048292a50a017b73d28cbf64e9e9cf51f29e8dcd1597edb1ff7d3df2a1d0cd,madang
4f976c139c8b1d215951f83efcee4f7efc42e8bc09e7b585ed6058069509e4e0,madang
50788de6b2062907cd599285f0f4019f3d417a9766c9c3ead301f9078383ab5d,madang
51772fc149f80a98d3e80d9792e48d6383321e9e4673531ab1106a452a75862e,madang
5300180e0711e1fd407031a031d8349526938e7abce3fad849e35a1798f83f47,madang
55666ea92d7730137c979546d7a65e610c0e2bd9ed812f9a8b361d9d0be10f7a,madang
58f18f7e433bc117299239b29996e7fe67be5619ddeacca4625b8a09e24827c1,madang
59308ff40acfbae369e80782671ad51456be4dfda4d4644c0563ff5baf27a284,madang
5d25f472c4e5bbaa8d5f1ec865b150d88b0cda57a2d77dbbec7e1559ecd95048,madang
5d976fd952270475046f04037f1f86648cc27772a957fa5b168f667972dcaa88,madang
6287a6051f153f2cb04ffcb6588f8ba90a14de8c922e9ffa09f209ca21e56b79,madang
633eba64253687b1c0833da1828f4252b6bf4871a794d4c95cd9c24a6dfebbfc,madang
66d3e68c6e08ee8c822b0401217810f7dfe3f34398ab21ea55f8fbc781b629aa,madang
6a88e1af2ed2040cd28f8a9b6b215e0dd9f6bed5875e6ba1636204a3e46a5c4a,madang
6c25e4203fa825dd0726b6aefed971d8f44d3cc0d4700765c4b36dc1f2a96a0e,madang
6e6702ceccbb97fe6bf8a61215170d2622972502dd8248fab5872e92213da6d7,madang
6eaa1af4d3a16f2642228ce652e0b94901b5f80bee87ae2d358b33432fc68906,madang
746954e544014330ec2deac4ea2c321a427510b23f0663487bbae111d0d6182b,madang
7a00700d1ba3fdce9ccac3601457982b333438d619f67a553a5ccc7c14df4b76,madang
7ac97123eb46846a7c7b708c69d431be4019ae53516e717b5aa60b6015bc87a7,madang
7dc357367d830e2379a4e3fb07c5b11e91add73fac6ecab61dc7e5a8fc4a488d,madang
7fd8d6f6fbe17fac674d2c1e581a7f953f4bc314bcd3404c877bc0bfe998d510,madang
80feb98e4f392e75bdf973c2093f99cd1a9c5226e2d81dafda97e1596372140c,madang
818661bcba5ef8b81b3acdaf9d4b5d73564df5754dfae3844df0fa30a1af13eb,madang
86b689c5ae844adc7c0f9f0a8e695c836553ef5a23bc74e417d6d36304603ee2,madang
89f2bba06d5d3a9d64f552d16826c663c81a16eff148e17c196295cda2c025f3,msil
8a7af1d259eb76185573b4cee6a8755b0ee20d8c1788fc727b52dcf637142160,msil
8b4e07a4266afaa7244143bd8cc674fdd90f8a534be39f174c1c0d951da4f61b,msil
8bbfa04243a4ff6561f2b184364e41517be3ff18c3163bfc40b19ffefa47de6b,msil
8c02b12206f1cfa2b3400b0e185adb85fec3c9d2666d89f863de3df361fc449e,msil
8cb7c88334c21af24cfc7a7d2207422529e8b8d073f54510fa35c729c4cef98d,madang
8cfc3469e1e78d456009111a7879b8ac8e58fe22c4d33304bda1892fdf725c40,madang
8dab4480516913d20aa34cd6548e32810d83b445f86c4ddeebe8d9f916fa73da,mydoom
8e13e22c2cd4a7dea2926c9192e1654a5e273fcf4cbe8bc985193f955ec537a1,mydoom
8ee07263566cd99e5bc754ee5062d48107e46bdd7ee0ff93cffdafc602af11bd,mydoom
8f19ce0e51d24fcdf46a1221e07c26e92bfaa8651c56278086b95d32d9460a5e,mydoom
8f6c52bf47fe5ae38cd4374ba611a3da939fd77137d9bae66d2e03ed32e9879a,mydoom
908b0bc4aba4151eded89958f78fb9d1a1dbbe5401070e7da4d0b69a104cbbee,mydoom
910bdb7c36ab3cf7512be396e4d3e1ddf3dc06b0cbe0f3e42a963adc17db51c3,mydoom
91d7f292a78bacd0fc8f32a0308e82c70c6ca8aca55a6729f0de2950c4a1d17c,msil
92192b5edd74acd3e2e4c1e83b9b92aa1a213b9d3dff49bba04c891f19fd4c16,msil
921da43859f23605c3801813500b634b0f1755bae7bd88983cd69d6a5ed05b36,msil
9285aca6bdf613e4cd5225065bd2880ca273ed266b16f2ff1cf71537cabb7f3f,mydoom
93ebed68a00687979f9b90ce562a27232a1f4d8c80916a73d2bdb550252c62df,mydoom
94cb6ced74153a022b9435d99a5b8f1a73c506d3e51a11e84b5725a90f31f0de,msil
950fa1af9deae9442000b4a5a236da59da321eedaf677cc06fec8fe141aaf77c,mydoom
9568a3a7bddb90b603983666d6419c537e7a16bf4d3363a9977beffc78165779,madang
958418cfbfc9f1cfedbaadcc98d7d0373b86703cfa2dd9a5656d4201af1f7e79,msil
95cf61ca7437c844556b621543b8bf0d27b203cda80054e3810453bef6d3300e,msil
9621bbb87ccd11e305009fb6be7716212dab122a4943ef96e49b38315827a615,msil
9628addbdca36ca65cacaf9402bd9d2fe0df91f7731373abee49372b81f2ccf3,msil
98c3d470ea368e05d82d9f68f924e9157dc46cc27dad877ad859911ac6e34807,msil
99282937b300a0c4ccc74f32693cdc3e456c9bc465dfb64cbc729da5973c92af,msil
99dd4a945f937b905eb6e3cb31b652a0602c25a1437cb4a219686f4f0a9361b0,ramnit
9aee0736aed1f7b929b0a7195f8d55240eab48c9022008f5000d2e6d1adc2ad1,mydoom
9b06d65eefed37a24c210841eedadb3d09961e32a62d28d35042e712000c4b1a,mydoom
9b554934fd4e01d321216a31ac3196619c663c12ae972e481e20e5ee85b62103,msil
9b82e44766ebb070e26ea30439ffd57335b8d8c9bdbc05d7c7e7bad5e45c9c45,ramnit
9b8c8093cc1658a1b96a8f9757fe787ba78b6c0b9d4c8c471e26c26c3e1b5bd1,msil
9ba3e9c44a19d534230d2fd373dd1d46e1a9b74421085f132c4b6b17fb3e4d84,mydoom
9bb78c7807301645ce879759acbcd6d8fb01960daf4635f6123141f5287636dd,ramnit
9be9614cb2dce14da98aa4da67ddbff6421bc79f1f08d80704d1a8d41ae8c73d,mydoom
9ca64d08e1408948a3189baff6eda2a3c7580af2e60bc114e9e0f1cf310e0991,madang
9ccbfa83ad07071ffcad54ab26cff0172fb2da5a5a81a392bcea8f82e2a295d3,ramnit
9d3bdc4c15779c8a01696c446758a614c7cc36c2fa3a37efc0724a76c7076b82,dealply
9d5c7502b7104a71ae0df5548e184bfa2141931ae60774f73c8be8812889b75a,ramnit
9d8361a8534f36c70da49c4dfc9e0398895dbcb789bf2e643ffee16a0b10ed72,dealply
9ec373081c7982a2e2f6b616c148282b9db31703569b5bda982b0e1c87f596fc,dealply
9ecd5b9d5736176dfee29e6878d1db1f10345f233e5956ad3af515b0493aeaa3,ramnit
9fffe15c9912387cf5fda39006cda31ed092ec90c722454284094ba24314cdc0,mydoom
a08d80fb7fc67ca8d3b767a31e9f39ede12ff81963992fcc5829133f984e2efc,madang
a0a4ee49ad65dff6d1b4680556a965f525776601bece5ba4899159e9156565f5,ramnit
a0ec21f7a119e9c24e250d25fe65ecb95cfc336a904eafdc16e5f40b36a9b8c4,mydoom
a169bdc2626d97d14caeb36641f23fd8473d3442c1d85372e7767367c563d058,ramnit
a16db5d5c3e649d6b33616f0c6c98e61de6171ea4ab67e7112c6f803508c8a6e,msil
a17b277e33315f408c9eda5034069882a224099d042926f2bc7aa7659a7e753c,madang
a18f0de5140e7d1d6b7bbd3ddd13d0dca673f02909765abd233cff2903ae6a03,ramnit
a1a99f3714ac8517ac7653415418760f24801e79b1ecbe0375145f7c2505ee87,dealply
a1b6a06eb5aa8adc4a26fac138f5d0b8ca250b28ae3dbd3b2c91c0c1a4aa6ed3,msil
a1bf0b4bc38cf3046df12d6f945f3a1b38c72b598b3cef37d7f6a229e621c7e8,dealply
a1daac45d228f36fa7c6df526d7a04b36da7cdbf5c98472b6f0d0bbd7a8b42f0,dealply
a2014205fdafe9821777d2a00c836e0bba4ecaf4152b6fb628d4e975da0b0133,ramnit
a25b75d9f09067eb054f7a880024c0518f2a5cc4f8cd275cc1ba623278e3b96e,msil
a272bac1970b8c3a010c7864747af702147bf895a0ce633915f5a3c5a9e91e9a,ramnit
a2a2261c591d54d7d65b29cd933b242e728d0366dad7236816567299d2734b69,msil
a2c4fd91de08e312ee091ef09a9f848150b346e711b63352a189c627015b8db6,ramnit
a2d1a8d6f8aa217f69f0907e3cd479f5849e9f2c61948c7ecf7105f51ba80306,msil
a2f5ab18eb89e4fa12224c4448fd5b8bcc2c5dcc8b747bdcf36c7dead7a911a8,msil
a3026089a282767155c4987c10c2b94af79f0926d89c2d327879f2991159b53e,mydoom
a45de56ed2d510e82143c5a19191eeeb5ec8807e7d9dd22358aea5b839d68755,mydoom
a543fbe35377f6c890567a91ab737b27f22b35159397a8b33f582083509a3d88,ramnit
a55922036aa11f9f78ca5e6a2768b64a30fb28369b1b8dd91a796feec066c68d,dealply
a5930b968095e4f70dc5197ae2ca64b06859918503e62c7936325e417a2b3a98,ramnit
a5bb777b54e9b5b0704b14b003c24adb93ba65489a788ffbd64c58f8d81c0e76,dealply
a6a2c70af721ecff09ecc580aaebd378059f9f1a0178e91bfd003e01eb444009,dealply
a7540a9337285b283d3053454ed89f83cad78735459eb1efe3a6f9d3c41886b1,msil
a76228a8c82551e839a4f2b9abf13ad441abc16b89f5717c53f1bf2585fa3136,dealply
a771c3c28dd9da9e3a1ac2b626f17a1cb15676d27eb035a3b9c784bb724bb6fd,ramnit
a79a7305a76dcb11250f7fec383bc80e94e5dcfbca6bb6d2f392275322dd7055,ramnit
a7d7255604314a0ac46800b56b407b8670dcbc2efcd45a824b1e6069ea170d98,ramnit
a85fb03bfe918d315226dec712cbc1c6797f60366cfe04865d4952a580e8595c,mydoom
a8c95356578af90f262f42d6842e182d499e4f6c52d621d0296fbd90b8a8aeb2,dealply
a986e7295464f16d65c341e383094d55079f1ea3941b528fee2f19f2338079e4,dealply
a996c6fceadf340cbc89c11ba8b21cb9e25c51e017245791d3a0f129dc0c6fe2,msil
a9fbd030433d485f0379975875940f3d68be970db1e269650170ac93f3e8aa76,ramnit
aa214a765b9b285768c997c25e35a01b86358e87230322afc35b4ff372fbdf5a,ramnit
aa85b7bf0294b8a259ae06ddad978664136e05b0196e761442ac449007894781,ramnit
ab2c6f71cd4b51b1e8aaac2752afe3b40250497b18390b3934e48c8b8031503d,ramnit
ac18441c84fc3b3dff3bd7ef42390e9eada45ccebaa20ce748a6cc7560e076e0,ramnit
ac1c2a70ce8061c50146b6f22a12d20dc9e167381a810067be468239831ea74c,dealply
ac303db19a12e079287c0f80a8717dee7b2f7ee40b705660ec7ca6276058b1dd,dealply
ac3548fc7aa77d8b238ea5b12445bda0cb54a78e4a9d5d68e8df32a9e2b91ade,mydoom
ac50670917d53dcc7d919284e484ef61f20cea69db62ec0683b8450f7a89ba00,dealply
ac5183f1560d6e8736c9c60d1e6d446fafc585cdc3e205c3390a7d9fbde06fa7,ramnit
aca90587f963287f3b750868f81e4e0414f1af09a940c16c77eca805e91c82c2,mydoom
ace360cee6166fe6ebe4fce3665bd53bbd0fc7b1908a85ee1dd8980eb19647cc,ramnit
adf19d959104a2f0ed92a510412deadb961f86735d318db9c051036be0ef6302,ramnit
ae28d23a478b6db389367bb58a0e82542e5fd67d05de11d5095738a9e4e35bbc,madang
ae6e5a098b0bb2fc3125c0976463e50c47395e0e169589117c6ca0199fc7c474,dealply
aeac08ba612af466eb79e6974c7f9ed2078fc151d3fec90e4d1ed57588aa6353,dealply
af117fe2148ef403195cc7036a5b29c2da53b693c23fdf69bf8af9fecbc9569b,madang
af23410ffce1b2c2652b17642f3ad4db9751d25a0b39f22a908a24a3b8d08bc1,mydoom
af493e7b99b49df6525b69a7b6db6bb20e4622ebfed3c09553da8ea823560052,msil
af99d1cbd15932a2a498661e656e06d04fc49cd9977b039409ae62bfb2cfcbd2,ramnit
b001705f40d86e4c3691b8e13ef1ba685a9a9e534f25c7891d4515625b1660d0,msil
b00a1c56934010f47117db7b4220945fdf2100bd3516d414101f95cb75cce52b,ramnit
b00b78de86d49991c3fb4dd797ac2a0ca5f27e3701767422a20cbea3ecae37d7,msil
b0345494a41aa342078ec35ef6f9f804aea6d0fbb3e1221307c47e0ee73f1b48,ramnit
b042361ae77938e09c5c898896bc82e212472104d4957f3dbad5f57faf97aa78,msil
b05ed2fa86d3dcf90a56272edc858f226e44cbbadf61047ec7b64ccaf732bfbe,ramnit
b0716c77eb1dcc1452016145eed30332f0ffda5c1b6f2bfdd20df81cb25f81e0,ramnit
b12f3956db487520d0aa832988564340a3e1589e10c19e603148f1ee4decf859,msil
b19d467dbdacfcd52b09471122cde381dae116e6d434ae8d0092c9c0f06d3c94,madang
b1e16e873e2bf3e0ce05d437b66baa021d2567c668fcaeeca2c34a54f2d78c15,dealply
b20ca7ffe7927dcee6ce2c644a9a2c80cc2bb079d705bc3be1e8d8264edaaf51,msil
b2342cd71fee8018e0c036d964d578ea44041e310df3e033adaf640f324e286f,ramnit
b23668a7a1e3fbeb67711b0d777f841ff4efac5bfab586fbe09ae1e7929ee556,parite
b2c4d8662879b27048a75f642a2c0614ca0d8db846e17f4329491235dc5a9fc4,dealply
b2dc78cd063e312a341cbd40b078cc12aa70d787d300ffa76bd2a747b573f406,parite
b2f548dfd5afa7cc2dbea78b440947b21af79552c0e55b11d477bfc3b1eeb65c,dealply
b3248c57290753f314e4a70d27f8e654d062e0db803faa4710ca8fee805deb0b,mydoom
b32c7e9aa6a32b83ec0e9c3af42bdd99c3d1c3f4cbc18dc4ddf432b26eff4301,mydoom
b350369a1f17093b93d9421b0d6954f91c4660d720d996b6764a8e52fdd653fc,parite
b3866114a0a3950327a596cc70f4d477097b08f75c34cbcdebfd953b331a23ea,madang
b38f8a746172f7a05434385d5d76dcca43cbefeb9be7d9caf4303b36b39e0ca4,madang
b38fec4ad3d9c875e7a018a203d7263c598fbd35554a595c013c8e9644917a45,parite
b3a71bafc52e7a0d8a9243b4d30aa6881eade8eac4ba4507f375673540242627,dealply
b480d745092da4ab4df4e1b52273ff685ed5117bd29fa1bf4ed0c0e45eb14c54,parite
b489b8db91f5d7f8f586c3a39f6c3a18f8362b9f63c6d4f4d178cd887949e11b,dealply
b4a7a308ec27bfcc9d905e1232926b1bbf72504a48cde24299e86fcd40271c98,mydoom
b4ab6e5232d16b2643494ad89a2433193ac3828b42bd73a11fd1bc7f67d23211,parite
b51273d9e453628a903fa69174bba01b79ff4d112b51df866a23dd23d0a7287e,parite
b55a414c6e36f6ab82e77f41a2e34c69801db1b06cbb975b05c5977590a4e979,msil
b57557c8eb32abb122e4e6790107796acb6832d1586d47d5805410d835c7dc88,mydoom
b59149ca380313245a6bb70affae638b5f103524768dc686e57c653c42a72905,mydoom
b5a9a2cac79b639245bef3a1602cf276d2162df17ffef861fdb5d9a801691628,msil
b5b086bbcd0ea4b4c3483e585691133ef32013912475726831ca3bc2d016ef28,dealply
b6644570cbbd59bf9fcd924beea3d571dee5053db94ead48841e4230b32e59c1,dealply
b6acdece53f05b1c37eca9147d1ed004704287b79cbe24a9ddcf2893cb7fca67,parite
b6bcdd7c95be9e53bc8c93bc0f35ce76153d3d2011c5443975ad0802478401fe,mydoom
b6d199aab8cc1e6df56a548a056a1ef6ea405cbe17dbae8ab256f080f50510ab,mydoom
b6f4d8e0f790b96e6aa08e989ccc841496152c5996e983f550dce8381d5b3ce1,parite
b7029559e3b4048ea2cb4b847d5dc308c0e9648409613a7ca643a50e7c4a1fe7,msil
b71f5118522b17583eb4c4961bb790e110665752d8bccae789c10384cfe52be7,dealply
b72a881205defb13d78d597521a88c22d27f1b9adc455bce1f0e9ab5e2d61810,parite
b73d3631f24f0ae734d29cb4c53d420a9cee003708ce494906be7e67583ef11a,ramnit
b765ec2c1019c39f2140651982e8d409bda8e1bdf48409db5b2bcbac7afb4cfd,dealply
b76c06b87cee68d57123c07fe538d7b86cc51bbf59d69f4f76d3df1a3d2968ea,parite
b787bca32fc51f786fd70119c7227a16ce181d829a91b4bcaf656b6f26ace2bb,dealply
b7ca96f1095d418cedd0bd3963bc4cf3c8758d325617376119ffdc8bdfefd56c,dealply
b7fe987ac3b01fd206d66c638bef845225fbfb43eb44588088a3187e040b4163,parite
b80ff8c351d02167a188baa2309c6854c0c749c8bb0f1fb7a36735c309017ba6,parite
b829d4cd3a4ed4abac79a218c1348f901505f42beb02840e93a8729037185405,parite
b8408f8d9e0ff9004f0f96d6ab79a2e89dabdd38fbee23abe75a25aacec8d492,msil
b88c2547a7524448ae862cbc1030894fd29c365787a740f2ca4b259a3dce139c,msil
b8ee1a3593c75d12bbbf8734bcf0848e5896f685869161d3dd9c1c0966bc1b19,msil
b8ef9c08015169063f8aaaa93f83ea7104ea380e97d36261c4434714014c1792,ramnit
b92852cd36cf1f12953fa003ce0b579d8b81c6c16c3a2453df4fc7492d9c5a15,ramnit
b92c4cf87ede632a773a007c6825f5b27845fb82040138442f955d647ddd3498,mydoom
b982a020f97fd20a05cd172fe68f67c3c740b1db7b8ee402a7e3de3315cff40a,dealply
b98395cf040fd43eb7da7dcec6d125960d561d908fc09cd03e99ff06035cef5e,mydoom
b99130c4fb7535a64ee1f677b3915e6e562ee4f3f7c772c1a8af546e624e315a,parite
b9fa62d1531ca956b066a68cc0ca983a1c9adc2a34d202cba697d39a95f91a34,msil
ba0a91bd52e535fa379e41f9407126e2b673a479dd134dc8e7de06527364f73a,ramnit
ba26b4c843010470fadff1289bf7d969e63a1de23072caa3bdfb7965cb11b093,mydoom
ba4729713b1798d503159502ed91b6564069b18a82be0be4fac795ac29a3c1f4,mydoom
ba729f9b9be1b0c67e45fd6f79aa8e5eed02a2629643d2ffcd83ab1a400d53d5,dealply
ba881de5df4779bb9738f4e35adf9685b7a34f3466ef4a46424d424eeb895a28,dealply
bacb3b4074839bbaeb1da093b9579e01c2b4826457ebb5cee9da57e76c2ab209,ramnit
bb3df50695802f556b03a85b003e3e1a4bd50440e65b6cea172e18962b9cc72b,mydoom
bb4564dc68a1a82c763cbdc77a2947ee064bf065fadc5947f23c05c2aff39fd4,ramnit
bb666bb46d699628887a81096ab836161e4ad5319a599827d8c061c28dbab78c,msil
bb99ce33fa4e0a08a1b7d4eebc2ec61530366ebfbb26eb12e31210b2cf158b8c,dealply
bbd22b7babd891722c8f736e0694b88781698e37bf0634ac0e1b35afc5d510a2,ramnit
bc621b220fed28a7e7db9e34526abe66f117d9409e84b3bd5f944d1a21656ab8,msil
bc92b1921919720c8569658461a52a48ac095b76930171ff4a2c4e2cf9a247ca,ramnit
bce12ed0fa80a0155024ac90359f9fc7bd79ef224adbadd553c6ea77c064923d,madang
bd0700b367d7019b1119bb0e1a80bbaa2d7cb6c4e9627f9fc38f55089e42d353,msil
bd1ea40b2430dc8a68945fc86eb7146289c5bd67514e319ecdd4f4e90d4c7a32,msil
bd2a5ffb2aab183813fddb5c494e2487ffc4eadac0ca7dec2576d13c034ffcf0,madang
bd7382132a2b221298820f94dd53ea63654b158af38241c4756ace77800b7898,parite
bd751e7c666b3f72816093dddfcf463e0d83abfa1bbd1890c09ac4f1609d7c83,parite
bd9cb4343d46765b9d9d417dbc77006953703a9a7fb574be987de8bc607caaaf,dealply
bdde89caecfed3112f111e875536309dd5dd9ac20e708e4926f6b617c84212ce,msil
bde133681f26de24519aa2e89115ead1b321a260a4d0fe9560f46069aad1039a,dealply
be8a5d3e637f0f036429ca51b9cc06f49000c969ab7b19fdbf896e663e737372,mydoom
bec41812b5e394ef935fe325ed9e2fddbbee74fce98cf369ded6b87b35ea867b,msil
bedce0b29a060a16648da8b80df5772d5e50694dacedfb2357ffdf099a009811,ramnit
bedf8afb5c51340c244bf6001d5822abe7c70f374866bedb78463d6b1ba441fd,madang
bf1e9a8f7a2b8ea88009089193f91bbacee21d23e00cbe84b6bf4db8b7e54ee2,dealply
bf2720a9b3956428c34148db0e2313e9ee1efcd54eec3dc0c056a0f3f758b285,parite
bf4849d7f4ead4587d49d6d5136505900d3fa910ef27a8646535a46cf3338b08,dealply
bf509f95926e88862e31d15fd01ee8239dd50d4c64589831253972cee540663d,parite
bfad2106c02ea1c2e738b915f47f61b86b4f5a26a2354ef113e72945a7949c80,msil
bffe79bceca4dd1b0dd86e78f51cb55f04a41a2033e3771781f8e48bb02a2b6e,dealply
bfff05ca9ceaf9334348367ee8f54758fe076997605377afebf68618ecea3615,parite
c037d52119899ef5e22578e1046d06408c3ce2299f51ee34b63afbba2f33251c,msil
c03d274ebe808da7bbc993b25dcc65b00f74f98afb6026f6469e282a26ad465c,ramnit
c07066ac3423fdf74cad174b53a92e995ad78b6046e11dc4306aa773c1321c2e,ramnit
c09589c86df1b2b7e83e462365ab63cb371a3af17835e4a5a4da99433f0aea9f,madang
c09f26dc9167b868b0640983619a54872a322152b97fd30374ea5066152d7928,parite
c0a951f7909c151cf9e7911fe126de2dcca6393be275fb572a1180a9d7f4fdd7,ramnit
c0b3ec92c1eed4f2143c652e3f7e55bef24d016590a2f4e84a13e47767fd1966,ramnit
c0d0d3f837d15b1f4c7cf47ce751d6f375f02d48423de19a2e7885462d7c87a0,madang
c16bd484980c77241c3817105dad17d55399f8c3050fc8684de6f1401852b55d,dealply
c17f9ebb780a33adbb9c3f014454dc333419f1915d2518f95c6db1816b6cca1e,mydoom
c22d845a973c66c590f2613f304b9fbf5e75344b636b756422d5b68cb3a3dd49,dealply
c269accbb588683020b27684d22e180a4dfb5bb6c053bcd968d9edc490c50c63,mydoom
c2702954f69668538b774fce347e664a325dda4e357ec58b12dbe8ffe5f7c4fa,ramnit
c2b0a0a54f465069565704aff37ff8b0d4c09ad774d346d099cd39465b9b2eda,ramnit
c3021039a081e57c36e6a66513b3e830881086696ff9b51f375c7b60cc8d82f2,mydoom
c33ce757ae4ac4cec2021505b3bdf6b23a168ac388478ac8fc568c6249283044,madang
c34b79a390e204eca43543930f90018026d8aa762eb9ae3fd50916503c737be9,parite
c3c259eef0ca03e3afee4d13580230417446f7d022a03e43caffc98aff01a539,msil
c405a5151a022f2a127032701548ba36740931822a67b0fe097ee656db28adf6,ramnit
c40baa6ed5f3c411e058cb9e722ea746eeeca0ad3ee422ac1f90d9ad89e81ca5,dealply
c414e4f54bf11b40b9545d9998ee17923a1e018d76cd4be604cdfc1cf2b6e468,ramnit
c4193d5bd54880120995e5d31bf9aa390b19cc1bcd79836834e4e35c1587ec31,madang
c45b22f8ee8c2c3459c8e424642a23b495104850d33bd0cb98e90bb00f459cc4,ramnit
c45bc57657574de2d9ae799b52f4c9ba87895682db1794414f404f8fcc08f89d,madang
c45be0f8aade175cf636da4c9dfb7cd3a44c0cf8c028b4df6527c5adb7d1ac44,msil
c45ca13bf514c932aaa002409e96f06ecc5a218022fdc05e59e215ef39509f91,msil
c472553f6a638cd194c2e145c4db93ef8d2a6b20c2b6759a763edab81c9c7eeb,ramnit
c49505d0c68d981536f8fc4b1e09e4a94f783e958ac5bd3605bf507de6f533b4,dealply
c49c97d40cb5a472f929da0dae70c18ab36a0d087d00de56713968815b3c4d3d,mydoom
c4aa09c34a6c5702647dc630b0d2dcb821cfe6f9add859236a07dc0225f97838,mydoom
c4b2fa3c7053616623ba1a43130afb7f648c47be19491fd3f6765cce77c7713e,ramnit
c4dda7539d7b19b07d5def932f58638f8467ee0d95df6fc562a809a1eea0e512,madang
c4ec70a4f8513419b620d3bfd2e1669e89e45df2842b415ebd2f7d28a85c0a64,msil
c4f32f407cfe53917e962bf66ad4e6a85d79f502d1ac0862fb4a7e4fa3fa3653,parite
c53f89c7b66104f76485f4c14f49fb23204559fc4bb52593998119fd6e8a2786,msil
c59989159ccced5e052919a08585b647085f25f70ad12eaa39b23762b29b254b,parite
c5c359a9123fd99181fdd0ff66d2b0b24773634d73ba1d1ae4126feae20f1243,parite
c6025eb5ce57012f9bf6baacb5aaeabff7a08035308c68c7be8819ff7bbd29e7,parite
c6035cae95525451dfabe9cbaf02f6ef785f33b8055b6f6946ae1ef22d967185,mydoom
c6044f70935269750b082fab6bf23cab9ef40d14ebbe2a2afe9391c13d6b293d,msil
c627478f82c135ea94ef397e32e5a508a24f708b64c00e345b004350b6374012,dealply
c684831088829a24ba62e5370327dd811cd41c28e669651e8695e849136160be,mydoom
c69bdc9e87ea50b7f229c4997b4b4569204ebfcc5b1c3b6223159a6c4ccd7bf5,dealply
c6b6a82acd23c0202dae8b9fd733a62f9ec7d1db13ab555db5abbb84bdd7a4ee,ramnit
c6b7d0428dde22b63cd5152eb13566a8232c71171ad620ddb2a837530817d1b0,ramnit
c6cc3be77087ea3052e3a86eaf446fd3026299971fa57cafa425fcbb27b0dbec,ramnit
c709681febf2ee0e9154a49eb2af6fc17938df8ce04faaa18f9bb5ccf817498a,parite
c77cf44b731158f1cb8596ef62ea6a4d5e31bab47572c137e141fc3ddf67da23,mydoom
c7aa8e1dd86c091003020a11f416186b6e7aadca6f959ac831db77f58ab5d4d0,msil
c7b483e00cc35083baca8212c57231fc901fca18b785f8a5c03046d56a3ce697,dealply
c7d812332e5f5b560571170f301e23ff08451527fc6a682da8f9f8cd4b224e2a,msil
c804bf69c22aa020b2b5fc5cd8117289575b6ada199a7c4fd76ed0251666ecd0,mydoom
c849d8846b68715739f910aa9cc63db12faa9e7c01bc29121a4eeb8ff64bf53b,mydoom
c8514cc7aec0ecc819cb5c42639545854ba9c1b13ce3bd57e3f9c374eba21edf,mydoom
c88f388f1369b1f637a9fbb2eda6f61e6a9b3a4c64361729458945f941faa190,ramnit
c8b6bafaaedd47f6bf8eec78c4c6842304895b6b1b9a8d112985330d5424a74f,mydoom
c8d61a0398a64e1bb90bda469538cd8d95370157a290a40893c14e37816dba56,ramnit
c8db906d99d7f0650c7554c2f6f7c5f464c75b399d083f3d74ffec2fbd93f8a9,ramnit
c8e0242fde0b0c50a29883d4b6bff0d9766aff80492c996ae87a1a08a27e911a,mydoom
c981d8c71ef66b81d66426ae300bb51980f149d0e263acd4741fb75342c4d5fe,ramnit
c9956f1d3a98372708999cfb5177a16d8f115502b8b11720c69eb0be177d4e1f,mydoom
c9ba0e8e24379c180d8fee041b678ce4386e46e2c7ce602c16e29779e58f40c6,ramnit
c9fddd71632e5568ee263e6f34b0c63530fc853638b29eec3c377b87ca0672a7,msil
ca0997463346db36ed6807b6595b2aa618dca39457260c67d9096869d250fafd,mydoom
ca34dfbdde45a210e4f0cb48e92c26379610c9b219db0e4eac21622b18260cf6,mydoom
caa068b655f7fc9855f078bedf27a449c228cb9e785172f004db1a82c8523c00,msil
caeaf33880005b8d45a6146d088ee40572fbca9efb4cb136da69a22989cb99e7,dealply
cb0431d641b751efc7824af9c9550365583a7e64f97bee7cb4e201e6ee4f81b5,dealply
cb0d2763ea961eef1afbc8e27ac45c153c2c7098f9e21d58508043e2902925c0,msil
cb16922c316c221ffc889ab28d46c76a0eec12172739a292a46f6b31a7eb7384,msil
cb23aec7ddc9f8e38434914eb9870d5b426a57190dd1c8708b6ac63fe6f6224d,dealply
cb2cf1c1bbf6a6cfc36d2335f5318a7ea6e7824f259a41c083e99565a65b5700,madang
cb88e4b6a8cb564e9208ff477c05cc1c5d4c383f4d9611770050b2b8924712e7,parite
cbe79f858bcc57767ab158658fa7373852f7bd4e79e7d4446ac3e138b76889eb,msil
cc08ff6f95ae3a5f2162f3998f114a3f2d9ae38567225bdd98d39206a21f7790,dealply
cc49a9f0f27d27e9e9a9f07274a363f67f30fdcf76b9c8d6b5f274d86a1f4135,ramnit
cc4e570351c29d15e60ff7cb82ab1030cd62774e8f5584a83e02a58f2622e2cd,dealply
ccd6f46e14f65df9b97535efa3a5c2405ed6e5ce4045ff57f5669485281931fb,ramnit
cced6017bb458abb8d9c948f7ddac035af895f9eb256e6844f6d7d848237dfaa,parite
cd1adb41480ffcfdba7d6fd71a103798b1e35aa1f41f81311a2563d4f3e99cab,mydoom
cdbae81bb6bd99e4534bc83e3c6927e0d9291acdd407c3d864252add3c81e8d6,parite
cdda3dfafd8a531d537e04cb1f6cd2866770c384e1d19c42619c687482f48047,parite
cdedd58c93c2eae1d431afa025dc2519a3476079da2c91193abbf49e30ee4abe,dealply
ce20c3fbeb3cc7ef6364ac298a7c798c26a89b171eec4e1593680cabeafee3d9,msil
ce3d048cd2b969daba07ce3c94b5ecf70347b0ff130677d04beb0f6783630af2,dealply
cea77e4746a2bd3f559c03e9088e30bcacfc11001a652a336de3c08acc865b9f,msil
cec7980e62db39b71138c2f67e3827ad703ef4b0bd09b40b638519d8cc7c9b31,dealply
ceddb10b55bd0c6bb10d94ace42a5e73bb3cb60db5a4864201a5bc8dfef15bc5,dealply
cef0ae16747543e95d56f7bc4b4e4bb5b8d61cd6bd44479f26a9ae466a1e760b,dealply
cf03fbaa33396066b6bf23f0d6ab4ccc5d949b0dc262fcc9e65f5a3404c136c2,madang
cf08f874b9b61aa0e4473f0b9e16abdd3a7ccf49c862f06216a3f824de005293,madang
cf184cd53f4fa869ca6aceb17dc3a8d4c34093ab4c5557e2d17c5270673e0ba2,ramnit
cf4a05209c5e675ae88455f6481acc4e7517f7f9a9af7517f1cd853d4838bbd8,mydoom
cf613fc7e824ecc0cc973253ae37cd89cebd644f425d3a9a988a06683196bc5f,msil
cf9a9961f2c124661f54dff72be8a70a95d2b2172e20be38b99cf863d99503a0,msil
cfd2980c3af650e710ada119dca0ebdc4d8d57ebb12f7f441f46ccf61e8722fe,msil
cfe260d391c7f02813a90896dbfb70141930633cac3e84bbb9f1cc4a82fb33ff,mydoom
d01529cd236080bca8d42553c6605739c97272b68aa8a7b57b9073abcf66e36d,dealply
d0b8e0dc97346653aee7e7a8a25f96bec6b294eb2f40f886439760651aa6f6aa,parite
d0c332a3e8b165f5b44f8a29d17be43b20f3625d0fdcd4e7dd50344db04829ff,parite
d0c372ada35950f6734d0a2d6c8fc0c274ca49cbcfc2448dcc6db3754bbd0ff1,dealply
d0d9dfc0457c6b34e58ba749c6b4696be20baaea5e7fdbeb17bfead8c9556b7d,msil
d1b06af98b5a76697989827a7fcdc81f9318dd382643c3a306d9024eaf5ac002,msil
d1b7211e96c332511b533b4d856261a3f70fce72113a8dcada7bedeac75ba0ec,dealply
d1ef3dc511eb866794ac9c390321681b3183aa9622fe366687728cc94429d1fb,madang
d1fa64d4c2d5fd801bd3f2ab6ad11fb48a56cac90c27a40872859ab228f7677c,parite
d212a5225ad9727e0f5ff2b9cd121011dc350c23e179b9cf70b3ba4c140c44bc,madang
d2343d54a74a5c7e941d0e35e878ae409f16197089b670040e40126de1a9f124,msil
d24605a79178100f29bec4dba4718676ec872b07ed9adbe43373d3b8328b2feb,ramnit
d2caae76f1229aff4ba4dfb118594ead1a303779a925ace7734ca77ee0032482,dealply
d2d4038ede61e9a8b7b18e713b3efb76d49f7357073c9689ba204b9604684362,msil
d2f566e6c6d04866b52ded281babfb28780707eee60ca7dcb2db8e9cea4ce7ca,madang
d3358c729eacb85509dc073b8a14b9d5bcd3af37415e72302e40f1556113aa7f,mydoom
d3885a69286287b76ce6bbce27dc3d3ce63eb02bd0cff6b35757cfe9f4350122,msil
d3ab5ab69c7d3fe3235343242d9adfe9ce0324826d1ec7f50085e2651d73b36a,ramnit
d3b0c4522ed0665ab8dd06c8c8452cd4dd12f60d0d27b1eab3182ff398bda42a,dealply
d3b2f06e91754228a8ca6f21159c22b526a895b15e067642a0260dae220a30fc,ramnit
d3c31595dd38a876717abf68e58b14dacdc8d1066f54f2ec9bbcd9df96d77619,ramnit
d3e076d6d6fb258c45517d4e66d8349393a3aa2594620d9a56ddc5bfea0a8ca5,madang
d3f3a2fce4a7030206c1ecd401e867a90635d4e24bfa7d0ba20d665765d0d596,msil
d48bbab1b1c6d95d60ef115263f3b0b353d6f82555da0a3023a2190b1433fe82,mydoom
d4b33dd2b76ee5612bb3588f39aab26c2c63e24dd18835681145e04c07dd5f11,msil
d4bb06752ff9ebc94b452eea6ccd8e718bbfb7c2193e893ab52d6e760f2c7b50,parite
d4beb1021a1b10d5091e0534a86fa6d897d164c731f812fe7e467d444c713628,ramnit
d4d67cb111980e315ff994175372d7d5579ebe13ae443e3f49bac06badb796ac,dealply
d4dc137cbc2dcf70d1ab04692ae06bdb32a8d1ebe240eda14e69565690c694a7,parite
d4df18de47dbcc8a40d2006061bcd934ff2ce01d85dfd5aa05de44a3667f0a26,mydoom
d500ee5f8e6af82fc5886eb2fdd12645c0793232dc8ef16ab8f4db06d19a0620,msil
d55932b2ab2d3b6cf03770a7a0206500ffba1f5c1b389774f25bf54e97b4bc17,parite
d598874c63e5d1e449d3f2c32bf3c73ea2fd84282bfacfcddb685ebe0bfdafff,dealply
d5c4b7cba0b8259c9667ffc4095297e1cc569c1340b0ef34e4ff43d3380dbd68,parite
d5f3aaac4787ea4682c3a4283b11ca341c2f3fda5be59b22a83fbd5dd891dbde,madang
d60112c4145cb276aec80c57677dded63f2ceeaaf687d62387e753ef9e8c55d7,parite
d62189a575804843f0d1de4ca7d299a9f0e34372359188af9b633cd7dd59d9b4,mydoom
d640498f61bb1a0cdcd48b36f7d2c1dbe860e9f1c0363a4cae7ccb5a1c7adb49,msil
d6431fc4b53f887895dad43d4b84f10cd89aa7ae2f952ba5a6301f233423b036,ramnit
d6563663a74beab145e9b65f34ec1b1fbb46f64d38ea4f778f886fc8fcf87bcc,msil
d69019b829610b72a48507b83db6b46544c0ef1435a481bec57cd407c973fae1,parite
d697c8005bc4543076f414abdd14694d2640b2f896233e9d0714ed915b57c234,ramnit
d6c15435f4f179bd8b88386c6247d6daad6d0c996a9f40b8bc9f6db881d14b67,mydoom
d78ae97615ba81a5673fa8eff9b61bcc91f51d3a50551ebb9aff8aa851e1f313,dealply
d791f23d01403960f2e0bd54b62c9b5b83711a5eb538f34769bbbaeb618e520b,dealply
d7a0a34fdf5fd8a48d2c4d748f8d7aef167a43d3fcb2cb03d20306c2fa6b922f,ramnit
d7d6f5012db00a4f2566616bb3b184394b3dd9f0bd743d34f753828a0d91aca1,dealply
d7f9266eea99859feed31a5f0602114a6d71d38cc2cf1f00ddc4cd4f76cab71a,dealply
d803e4342c762280689c174b64e5e9f10f77dda1f3f24529ee8f1def5ab46d71,ramnit
d80c26a9e94fc3fb10cf8d4b3ec83731fa3027c0fcc147d5c9414d08a5e4fa4e,parite
d839ed722fceca76459ec44c55b348c24fedcb4f67c8cb35559dfcf54c4c3de8,parite
d86e09cfb9564f9954cbdc9127cdd94f337c72a62234e8bb918bbbd0339e7146,neshta
d8a5bf33e3dfd5f9e84a27014a3a300ce6de54fd904812c2e259182af4da5305,dealply
d8bce20b3f2f56498a1041ee3d2d615872b148657873a7ad7be999cf8e017a7c,madang
d8cdb82a1631428cac830f3f57a8d1ee0ccab262a37cce6c16094d496aecd066,neshta
d8df71f5318fab07afa5b4a5c568d09b619e837ac475e0104bb614c8a70db8a4,ramnit
d8fab4a04fb92cad9e40388632b5c230415547b5cb1b9dfe8a164e30d666007b,parite
d9039bd08a1b116901984bbf387facd3d5ac5714598adf731eb7de1a619ccf89,neshta
d92198f71742170a51874a9f2e247b590f21f7a9208a7e6be5e55ac406b3346a,mydoom
d99bfe49424f3e1a6b257e067238fbbe0eca5386bf650e8e72fd166c93a3d5ce,madang
d9cd4301098c1d2d9c645830db9824c1f0ab18eeccd7ad9f0ecd6283f5acbad6,ramnit
d9dba6d1cc4adb1491d4b39c805d2699ece5d998bb3d95b97f5d31e487ee9e45,mydoom
d9e822db9ca80827cd522fd2b2f13dd439078b0e852c7a25dcd1b3ef8634df34,neshta
d9f65c55c46342b1283c7c3a516953cf592da3751fed92a7025c7c85c78aced4,neshta
da03bf8b071b47afdbcbff58a00ef443c2c65060434c1ff1e0149d2e18d3b453,dealply
dad39f8bcd89467bed7d8f9020699c3858767439ab777c3e5ba7199dde000d94,parite
db0539a365c74324bc7981e5e32b91d8b8903cf44a08b3ef0d29bc861358da9c,mydoom
db337d4ed58e3c1efa9d2278441964c97b3b5d1f7ae532aa4ba90378a35c1290,dealply
db6fb026242f96d17b303717085ff0f4458e68e0a68f40795abb658d23acc84c,dealply
dba5bbf373b945a2f030a288e0f38273b3819e41386224029887e4f4aabfefb2,parite
dbba70a35eb79f5281f23ee99de6ab5cba79d8f39030fa9631c74b2012d0ee3b,neshta
dc047c8d1e6183ce3d836acf9ca6f792173448d4a90313fa05f7639a5ae5f9e2,neshta
dc2a4fbd7d2b76e0f295c5ecda5572e3e0c09200eae04f963471889ae69b0925,mydoom
dc30c86862f6ae7bf446dae10a5434f3dd47add014c8fab218b28e52537a5554,neshta
dc8486c701b81d979424da39b26061cab41d0c9d18a2b1ad5ce88fd3fce83e1c,dealply
dc9c7bcdf757c64d20a94206a7320732fd16f15ae50e2312157d986969ac442a,dealply
dca17ae7dc6c0136a22ade806a4e65ce61bfeeb1683a2aea0073faf04b9c92d4,parite
dd3df305e808f94e54b4655652e1b51108e0f7decc8973f06cdeaa5390d818fa,parite
dd68b3fe5db46c9182ddef3ae984bc1e036ca887e3a85abf11ec6eb397e79489,ramnit
dd6f3067d151f09bb4a2f5a124e267761d20c470a388a33563b8fda2f6ec04da,neshta
ddaaf8a474ac86915fff736b0d683fd83b685f11b01fde49cbb301163d25c0ee,parite
ddbe6c6ac9bc529b1888976df0922aee0916e0b163339addf4bc7b7113b80827,neshta
ddd96124b427885470cab0c125117c3d349af99e279053ce92f7f510fbd3d04f,neshta
dddbbf3008cb90061de52cab5cf17c9582e35b776a0288f300a7cbff2789b4c1,msil
dde146cd502212b6ee0fa6f7bac169ade22efae02a29c0a2faada48eaecbac84,neshta
de0731495659c23ee228a3f94224bc611ffb9cf00c1864e80a7d932d5b637e22,ramnit
de08954407de0850a3f03fe7cec7d652997d53efd20d2e44b704da6fad011739,mydoom
de158a61460cb35a788d95192a4809a363d3293e8dc65ff21c5dda8c22033bfd,madang
de35e0f1df3b20b99c0c7f097b121a4f396d714329360c8cdfa404405ee07842,ramnit
de5dcc80e5234362e375db9942ceacc9d7235ae5314e02e9e63522a3ddff6d10,mydoom
de6844d70f1965c4b42bdb0f1cb59184526524a9add09d0cfd4e01c0481f9bbc,expiro
de7936f6fb40d9ccb11fb7e8330424a44b76f13b61be8bddaa9fb807dcdacadd,parite
de79f60c2e1c680cf807e8d0ac529875907428ae1f1080a137271705e2183a02,expiro
deb29d8668c934258a4b2ecf16e764fe39f01da3f107da10f53206478d9927f9,neshta
deb9bc5f4b21ec79801f9bcd30af693f0b361175d7bce2a4902d587ff8de82f4,expiro
dec5e19dbce28d3e50b30b882e1d191c8893d27e571317b4d24bb46149521bd5,expiro
dec892c6a17c541df483815c411ce0746a2341fcb595012f1f09824f2dfc7745,neshta
ded363fe6ee0dc32e192347d3ce1d269408bd580eca4843f9a9623b9123fd32d,parite
dee127ada4ab7f9c9768a1400c6947d72871582320db549efcf67c2022874c93,expiro
def29446786f622fe1ba4905868224687d514a86493bbae7cda7694fb9e21956,parite
deff26c4609821347890c6c99e265489b0941cf0d90c064036c694c1fd302c4b,mydoom
df074a22fbd22eaa94e5cb404b87ff2c5d7474502135a26e6cde812d2ce85421,parite
df1137613f46a4803644e1d5c55b46505c2dfcd76ffcac01f36c8bce0eb18ff0,parite
df1f8f308ea3cbec2d991eed02916795013058e772f14796ebe7b17cce2718fb,neshta
df2ccccc4c55a51a001587a25964272f32fe119454a429341c38f718b22696bd,mydoom
df2e9c5a931d2b2647b45e4f209f3ca548ab57d3a84ac7ffb23fb410cdac95cb,neshta
df641878edd2dc56fafe28a34a2bc99e9f3f8f59a6cfece50b6f961e034d4f02,neshta
df6af2f0ca9a970e9982555b47c9eebd6f1fcbf22cab3eddd645bf00ac32476e,neshta
df871e46d50172a9564d030032d2a8395498740f27063df6d007dc29e62f3e41,expiro
df8ba92836991e6d72f8cf78f0be57bd9779664b532899a9d425a481ab9ad9a2,neshta
df8e4f272b80bb8f89f9110ad5678ab13ad7f8a5ba8a3b612b651421c265d071,madang
dfa8b0252826fe7a0be6f931a79e5664c206bf3c1ca8c8b054398e52e7269bd7,mydoom
dfa8df152515a44b0070579b2e4851dbbb53dc1f8c58cc756b662c032aa37c39,mydoom
dfb555434c49ad267d21ff0dc22874783bd0084e4be2813042b1ea64e419a176,allaple
dfc0e8c9770b44ce0df6037f3c68dd2bacb4cf81d97c606be65d999004af34ff,expiro
dfc895b3a086a079b2cd3a48bbad4c8976c7f6bfbfec3d738b98e61342942bb0,neshta
e0063f0785f8ea2c7a08520fb57067b469b8a530ac11d68f41f0b6a18049dc73,expiro
e043aa64bfb30a5a4a0431710814015b338300f0e63b20bb069e0134b489f1b9,parite
e0450bb9eadb5e912d58a679bb33a2be5670ba5ade8549d5273c4ba04cec4bda,msil
e0492d81221cc1470feee4d59f51bfa11dc8d6d0f8b613293b0a1a2963933fc4,mydoom
e056f48a0e4ce05a06a765c90a09636953dc3bceed919140ad6fbbfa4477834f,expiro
e07e4f87d444c9329555562e51256ff91afc1274063e6947cbdcbe0b4aa4e72d,neshta
e080007b0bd76a483039ae97f2afc656a660d2b91380326874eed2a0bd68e23f,allaple
e090620e93ccaad02c3abbf4ba6e54dd3f098675b3c3290396280dfa559266ea,parite
e0b4d8f9daf0229558f98b888e8710437ba41587a84cf3b876fb7d955e5214fa,expiro
e0c7a9fc7136776cb8c66326533859f02c760b1d48ddb5e7207d107c1936a741,allaple
e0d21688a15d54e585999fc36a2ba4f73026d7c1f7d2b78d13d53e5a70cc3258,madang
e0dac9a232606b3a6a4308050023134cf2a87d2218b9353803094b5c888cc89e,expiro
e0e17c541b11ecb721ccf5e2aa6f8aad93280fcf2aec25565949358fd176f57d,allaple
e0e278ff658cb8214e50b1037c41d021c79ff74ed217e420544835ff42bc81e1,allaple
e10d7e178cdd86236485a0f5094b90d4eb0cca5fe27867b5b83a80343dda40b9,neshta
e11c04505943ee84711ef92e88c8fbbac635f59d5d94f04a5e20db5b6c29e5a2,expiro
e1381fa60643f9d5ac2b017179902acda513e538fbdee255a4cba6e0fc845dfe,allaple
e14544d46ac2efa7a15db3f11a4fb7c20ed9b30231076c781e0b0588c56f3b9e,expiro
e14560749f7e851d6f43202051307cbf4e01d802ea5624a55eadcd6cf5705d3c,expiro
e14dd7c342a5a822bc6729f33c7a37ebc9eecee5afef507f3ae0c5efa790bea4,neshta
e1ada07af642713573a777fe90692c5c5241b3260f94cf3a4077817116deb709,parite
e1fbbb7369974ec1f0195461535bf4ff1be5af0036f361e48793e0c71e7146b2,neshta
e227414bb2e01a2309694b84985746d3d659d3d048670fcc7926458ab57f175d,parite
e2427833176b4d10a879b01c0693adffe6efba798b49ddff301e6867d8de2cb9,dealply
e257455bce51d4902a08fa1b245599a1e359a4225937914b5eadac6c53837df8,dealply
e26a7e1b7f8ef33d19465a79eaef99b73b41b4f527789703f8d347bf65c9b48c,allaple
e27ab61bf47b8849df0a258ed1569da8bbad4458b31ef9f4a2908566b09103cc,ramnit
e27b6ad0835d0d0f1bb58014d877a523e3cd8057879c283472c9f1bfb22c1370,expiro
e2a327332e91661c43bf3b9ca9eb18764732733cf82ee8bc757cdffcf0c69d0e,madang
e2cee45a7704a2fd4a6f41cc840355108bc39cfabe12f6b59864836d509f8762,mydoom
e2db5fadbc8a95b34e3cfd0d4eaf49f63af315895bd50738b00f4c6a4b2fa3f3,allaple
e2df1d05c61f6668a4b933100037ff825e3a5cdc387be2929b9ad009ddff0b58,msil
e2e304f03659ad902e641049d1153ef535c03914612078ce90b5d10546c501e5,msil
e2ffae70d31eac7a4f185b2c50a6a28c86341eaf9f0cdee939bf5e06679a1bd2,mydoom
e3016b3821f4dcad6d90518b9563390ce1a2d2b1d45a1c8cf05ab138a5f4b42b,dealply
e30c864a2bd9f83abaec2d273e1ceae06f66c0ca426763457593e568866c4c16,msil
e323eeaa4bb4a7a81b0518048dc42780c7f9fd6b773bc6b60e1d2aa18f245fb6,neshta
e329ba370f212d4f3107511908b41ff201ebc4132a50ef27ec50b2a3d875b3f2,expiro
e33033275703a5bb47d5297951b10e7d4fe61aa1709d3832dc17447a9048088c,expiro
e3328828312e1558ad61cd630879a6009b585900353c73517cb70d21b8f99a89,msil
e336c6a139248318c68ba173ce1be121063286cff7f5ce76d00eaf96f5fded48,expiro
e342c80aa303cebbfac9099152250b8c88fad634a7eb0f2e4ee653f19f00aa66,expiro
e347655464bd7a0f7d987413b91d565142c4893493c82de3e1f839821006f962,expiro
e34a331ddeefa24297c530634224fed06b70cc997cd6ab6e5bbba006e839f77b,msil
e391f6ec13dc372f34b7f030a24254707a77ebd3dfd554b08c3ad0ba19a09284,mydoom
e39b44aa6869a4b3c6457b8ad5877cee92f0fe9787dc69373e70e7b130b75433,allaple
e3a31fd1326cac41624cfb2c14a769e1075ecbcb34521d492c04082a4fcff69c,allaple
e3af64c46414bdd7b48bc3d39951183c31b830311d0addc373e66b31bd066b84,allaple
e3c1a3b6e2786f48cacce8b16afcfe6cc346b64d9e70936cb2ba0d25e17bb56b,ramnit
e3ceca5e95f531991b99d12a4ec0450bf59c57c9feb0afba30220071e4e485ab,allaple
e3d622f1c4323b6494eab711b33e6f4f8b81a99569562768b05682370a739a1b,expiro
e3dce8941a07321a46a6d60c66474832ac600cb9b93b070f1c663a4beef6476c,mydoom
e3e19a27b97cb222159593865b57a92aba200fab48fab7945d177ee2899907b1,parite
e4092a9403841ca3caeda8a088008f11f64feaaeffa1cfc749f9c100f2ea06b9,expiro
e416bf005a5a3090b7f4c513412318afcb5f00fd5d93d5dd036b7f28477f4a10,madang
e42520a227010fd0c833cb205097fe2ef717be950eb2ad4998c09577bb3ad098,ramnit
e4408c316a6d82b050ab4c7baed49b705d5fd987621e6ee48e61103e7747153e,allaple
e475fc0040459c9d8a99bbf2354c694ae560983fb9283694adb64341893dcdb0,neshta
e477428f27b4cd9a9c4e140fc15347ee94731562359e794148572cf35096c0da,expiro
e47880c1a4f9d4b3a922eafb7b037e855106d04d27cffccb5ae179bc5996d4d1,madang
e47db69194d6d4559fb3ff402a2928f57bd6d321a93f2190b300add2e45d4ea2,mydoom
e481ad5bb5f6b27510ba2cba12646d09a0a35873928d17e67e2715d3802be12d,expiro
e493264e9df81d54b393f54c823af2e1c982324e100a3c51127a632227cc2385,mydoom
e4c8f1d5bcfa19e170222f6e795c3d3cc2298b71caa14b18928aeede4646673c,expiro
e4ca91d00619ecec073c45d777ba4e349fd7c19e93f15d9e0f922ac660e63347,neshta
e4d5d5b7948474d357d7eeff27501503369d512ee47e74a15acb17083c8e45ae,neshta
e4d9b5267bf3cb6a72487ddcffd69cbb6383ae4647c4a97204c0af16f292ec41,expiro
e4db366ec1dc9d643a5263f67dd452b9de440ba72c38ef7205d478d670cff7b8,parite
e4dd5a9eec837f4fa8b323302db9dc92baea70a74d048bdab94761d0e52def72,allaple
e4f4aa262d007bcf712900187d9e44692e236d63cfb3781b77a572131a9b413e,expiro
e4fcc502a10309f45c3afab75b2722a6dcc4b13cd06d2e82ee02bc822705b757,allaple
e51410f930830427f06c662c221805df12a84c406fa57b4715d9ca7b278f0ab9,allaple
e51bab4cabd2ff9965a4eaf0c6926ed3c4d8787dff2d2a3dd1c497ff0879afb7,neshta
e53292585af47a8835220d7a494fccfa36bd1722fc9f26a2c7d893b592c97816,allaple
e5350744d7955fb32fa0daec9a001d2abea62109334c02e6ab2e03edda10adb4,expiro
e537453615df53a7004d79cc1cb3161b5a92453ca6e2cee643f9e4926fac4255,expiro
e56de6349ebfc044b538fc5a595a20c5ecab2b32b2ca537187d6b40bf4fd7191,allaple
e572607ff3ce8210167d6964b7033f14cdf7541cd9f98e6b4198f1591e410d1b,expiro
e58439193a448876d9f8bd47df730bf94cd9ed177953b0ff0da5d438f4b5ee7a,parite
e592ea748c7864988c623f7797b1749216ca83268bac9c5e7c500b5dfdc7fdbb,expiro
e59b7995c42d73c2cb7382f8ee3fba3628868225ec45efd29324b6deae7aa04d,parite
e5a88c7085e33547a7981810d099fb89e0ddec9dfe01d2c062171d1ca3cff714,dealply
e5a9132cc62a7af45afc9bfc393101bd062c8a968af7114334c535c1078dae2f,parite
e5bb243e5fbfbca3ae3957646139ccf581d3080af5c970ce85f8a27c3a45681a,allaple
e5d0ecb412fb7428b0646601e7eb2d333f331c86441327557e8dc8d61889051f,neshta
e5d733e25ccb570df0538dcf13f4788430ad40b24c506509d6751eed3122691d,dealply
e610cbcffac9994cc231b7ff5add4ad5c7b54a86092a2e44d7262b60c89c5880,dealply
e621981dc445c543f95367897c814f090c5739ab080c2d07011ea5e85ca2c72d,allaple
e63d902b0d353aa908509b4ebf2f15145d5babd6d685b0c2556f20eb5de06f10,allaple
e645d316369b165b66b032c4719795d3e77975b0c27cb08d7b7ac845e66d366e,mydoom
e64888b46996ec2ea8f21d7063c7818ef9e78bb7143e928ee4b32853f003a80e,neshta
e67d37d2b778d7e09091b4879b40fef3ae966846f133efc644e151d05217a1de,dealply
e6844f2f009940c8592987c24e770cbc91b3832c2d125447e376c997e44a80de,neshta
e695fa2e274396c2d6274e06b35a78c34efaac1dbccf100f5cb56faceabc3997,dealply
e6a1b243c89e63a932a8bf86340a0290e59787c9dbaf365fd3e4981f375fb585,expiro
e6ba187be536e1ccb3d196dcc3aafa505fe59e45bed34838b585bab222e22e4d,neshta
e6cca855059785ef80f75ed2841a37c75527e1efce0aab0a8bad0088670c062d,allaple
e6d3e5e4af487089acdaf5df3cd60a017196a2b87488b28a0427ee8b078adbf0,allaple
e6db4665c65a6fab3e447117cd3b8650394a4961861632dc3243b921e00b3688,neshta
e7126e77e2851990d448b3d72062b130c430fdab636c3c5b5014f1096f8356c0,expiro
e71e0d0b08525c294ab16240bb4b6716be1b5af80bcbbb4adb4e02428d5c9a4c,expiro
e72fc7375bf6131d26c9e635a76415363d5b764f4d5c13f61dbfd502fee0ebc5,msil
e74588ab621138fcc000b2b3fd01666c3386a8001de116e15ef688d74a74007e,ramnit
e767b9920f124f99151570c162881fd6df7fc7f03637836f29f65ce4fef7a1df,expiro
e76ba8470e921c00d4645728a2280d5e7e032cae70490e0047f153a28ca6cb43,allaple
e77702dbcfabfbb2920a139105087879552efd9c81704c6c873560b9419cd490,neshta
e77abb7f4909ac73fe587ead7f5795b61d6803182a5d3c9d2ddb14ead5ecd5c0,parite
e77e3263a0a683824996fb92fa152a3b8544781cf07552a787bb9cfe61067a36,expiro
e78b833ce157bd33fa4a55022763240db3b84b978ebca5efa58dc8f37a0143c8,neshta
e7a27e2d48b11bf351fee64d2da71c14e054e411e228b47f99711221b639ba4f,dealply
e7b5cb303f36cb58c4e266adba88b0c032fc38978dc2b7a9466cac7c2a151b6e,msil
e7b669af52c629041a9f40b41df9f8e7bd99290584b6d59c6c072ae66ef55679,neshta
e7c55e4817d6afcf3a273c2f590f29d06ddeec04a66e46aa4ff53a10c06efadd,neshta
e7d4dd53bbbb3c9bdaad00230dbab73ff111c2d35170a33513939be72b666e65,msil
e7f4ee35e93f3a858375452acb368ec031317ea790ee86efba530d7f94f60c99,expiro
e8089b3615043c547c8bf185e2de81e7ff60a3a306e5370ef001eb0b3adb7d0e,allaple
e808daa137cedf5d20940a8a816ebca4967d0c3a35cad782fcb0d3566a782fc8,allaple
e824726cc68e2119ce20a437871ae8b5ae049d0f1aa8edec47dbcf3b0f23cdff,dealply
e82e0b9109937ade84cb267c47d64ab2f328b1eb3b7f21878f6275ce83945c38,allaple
e82e724320700efcabc6f3b9a22718420c8788a237ea0f2c722d985f69095c0c,expiro
e8393e338595693a27c09beaa282ae59ce2b126bec1f32b4ab22e2f68fa217dd,msil
e841e518fd57ed2e087b166d9807dccf1acd908246d9a227855a0b14b2767480,allaple
e86a52c7566749bbf5a5dad9681ce9d66d7f53c0db865bac3cde631ae2761399,allaple
e89343d5e48db450e11a18f0b0be14e2806e19d001f1bb8c71a5d95841adb0b0,msil
e899011d4f92574b05bbf1e32e6c8b019de4153ebdc14adc7dd822f8bec2bce6,allaple
e89a21796ae73a52b6e9835d2f2d6e61c277a27349aa342492bc9f47594ab8bf,expiro
e8b0fbbd2d6d4dc35837a15fc72283f2190cee25de067a0fdd2271b69dad9fd4,neshta
e8b41750526b1b9aa5920e4b75d80ade2a952ac0bf2caac0870c0de5b5638bad,dealply
e8bf058690109fea9b33d30b70c9b388e8428f9445c203dc7bd2a640e68460f7,parite
e8dc740571a5b5a087f97b1ba016430f639d91f44d8abb213ce485454d017cf7,neshta
e8e9325f05dacbaa81156a523566c514dd52fde5dec390db9e17563c870db672,expiro
e90791128b2483bf91bbf1f7df774bdbf6882c4029afdbfdff9014216c33eb11,allaple
e9233dec4b950b03f2fa31622e03b6c11b3521a3d69516a69126ef4cc1b196bf,mydoom
e928460fc3be53084f06d01ce47dedcd69c6e0b240585cb4c34a8b9265714fdf,neshta
e92f5b77460097a806f3ca58440f0861d20cc2e8e5692e11442468b8c051ddf5,msil
e935e1f3d28195369307aa6a3f9500e7eb50afdcac86ed920705dfb1cc06569e,ramnit
e946832cfca87d46a0b577a7ba1b4493ac45ee565c205cb724485f0d51b45fb9,expiro
e95259607dd42a50954279cc215ba5e883b8eaa45f7517bf1ba20cb669872d36,allaple
e9540b77c4c6f224f1a7a59263d01a6ab5dff17d99afadec63e560c78b70d218,neshta
e954547ea263805b95aa19fb7a4710f8c76eb3ec2dc348fd3fb3e4b87215c599,dealply
e958d20e8af9e1b2cfde68cbc3ac08340c31fda19a33653c495aa7490bb6a865,allaple
e9809bc9af69f6f5356fe206dfb2eac88210f70e0e822431cb95598eab1dd905,allaple
e98beaff19b3c459e669f0f6a65b596122c5a140fd7ca97ca2671317d24053db,parite
e99973f812b9764a2bd4cf1c04e38100a2eb35abf5ba6a9971a555af94100ea3,neshta
e9a6744e930545ac058c3eb2e146b9ed0ec6bd077db4e92a3df265365385abf0,neshta
e9a79220636a10f557c786d51b46f1bff71bbbd98733e0424facb131aee23011,dealply
e9b3d086073f0cbc0842e0c1d531e526d19a2a78d88149a836ca17d3961ac865,msil
e9cc8c5ec081965a22e259d0e21bf5deaa36089a60b73caeff354116de6a7d66,parite
e9d851bff22f3bde29f6ae75c609d0999265a9bf3812e90fd36407aaf935b09b,expiro
e9efc4ace92efcc20d9230cdc9949ba8cfbed896d55f70c403baef055135d42d,mydoom
e9ff5730e3a1db1c80ef8e17d7c6caf9a54d7b702fcd09eb0689ae7c08ede64f,dealply
ea01b903ed5d19b7adc6feeda735ed00a8d6af8ffd3abdcd670557c82e5ac5de,neshta
ea03a0254a973894e17ee21a041b58b056f66fc57e7b089440e97d04dbff4c22,expiro
ea0e76214388b27173eac07d1862a74abc8d85d1623e4953f7e197cb91de438a,allaple
ea3415a4c88e9ea49e1a7149822399b1062c2439d0d92ab0ff9dc330c34b36af,expiro
ea6270f71c20b0d7601932f0256fefbff91dd4e6a0bb927e934279d46c2f255b,mydoom
ea8556259fb4adc4bcb43fee2fe7cb3f6af0e0e403e5524dc583e6246e9df891,expiro
ea85f2337db35abd0f0889ce92499f49f12c71c9884ce94a1e1f8e779f9b36b8,neshta
ea9a949de130da7d2b00ceeb99e9785b31b8a76715a817d1cef2e6edabd9f937,madang
eab8d166874589462769b7e79dff138c191667cadef4c942966276509e875d0d,expiro
ead64597799b1aa118dfbb50c32a46059b8fd0640f21b7d388af210e9be24107,parite
eae59425857ce77dfc9b3fc8c852fa01734fbf364ad3f45624733ca680a44bfa,allaple
eae863c8641b4b3e5d69d2a683e51e32c595bcc5ab49882154cec6f6742fc5f5,parite
eae885db4362be357e5e77e1553dc3696848bb9076c2b2aa02296f9a941c9d83,parite
eaec27148f7714e3ef2fe81ae42a771f56b89123421f42f0dd78dcd1fbee4ed8,parite
eb179c6dcde78fce09bfb6c424d5626a84c86394ea3c0421fa01e47bbba768b0,allaple
eb2e0c88c80bce1532d342d4066eca5465be3ebb3d058b0160ba2f2738be7728,allaple
eb39d875da4cde6d7a4c92e3e6cb71ef6a28e7083c0df0457ba7ff93c39f49b9,neshta
eb49387830e459d5fb986b9fc7993a354237937f41a6dba449d7c2bc1002f7e9,allaple
eb4b1357aa3856040231fc8771259a58b4f66fe7ea3548e66e53161e9f8b3973,neshta
eba2ff20b84d94d4988f798b0926322e1a6917a4d564e7660a62a12db1f1def6,allaple
ebbe73d83d3ccdc4044b65bad8d9d1da31b74ce69afa0a7fa724a8803dee6aeb,expiro
ebd4aee8c30fc06fa35ffa799f0ce43a212403ea608a49dcd8813c6d77a760e1,allaple
ebd6af44738b9f2947c5934164515ca966f065854fe666d7c305711116e93381,allaple
ebd9fe27976fb3f243b03a54f410014d1d555456d2ce4a0101b962865a389f6d,neshta
ebe469c5b91b1766eef6b26d3d5b8be6a67d172e062f1d432cc30b2eab8859df,dealply
ebe997056815f025bb545768727b879f841439c6edebb8c8812dc68e8a74263c,msil
ebef462e74f153cd1b90b671c2b73f45d8209d7204d890e7a7fa64ef7fb771e1,neshta
ec12b42efdb91a984765726b681e520f1c23abc26761a051aee3dfb4d397bad8,mydoom
ec20f533f6bb22d8fbc2087a2196add6274fd683fe42ca2ba0b71c6c57af5699,expiro
ec2bb7e6d112e6fb61432614fa56f3ae6f028b1133c4acbeb459bf89e6324d47,madang
ec2e0d43510dc3244569ae7c62be0e8f6588766b5470dbc992be85304f8592f2,allaple
ec32df8b6b907dd1677d4635e6150352c5d109cc4d5b7c6a04b8ef3786be704a,neshta
ec40bf615fe2cb1ef252b0d227e9810779212a123635bc22b1e2e1d68d768bfa,expiro
ec70784b32fb2f9de94ceeb9601ec9a6f9902191b58d0f18093f23a0ea736e1d,expiro
ec71e6524c1dbb1b0fae9b026c455f8a3c69184cd5b2736634b056237d6a5d6b,allaple
ec91912828cda9e5b6b82db4740f86b078c1405eb74124eb6bf2a48e5ccf3879,allaple
ec9e52287c1edd707e0e9a26e0806ec4fc7d9a4459643eb70ba5a15cc6312858,allaple
eca848472892e8da6265effbc93a02f5bcb2bc36a46de67a09ac0f47d80c9003,allaple
ecc001fd0697c453ac88a196da04ad6a1800b1732133c91e8db1bff2fdd788a6,msil
ecd03ee2f014d7c9107d79af632aa5c65a39d69082cd78634588837e56a8f573,allaple
ecd238d2f9a5c32c3bf75aa0ee113d85841a515b0db967b3f7984797bd4cb6af,expiro
ecdf31ed928a009aea58668d8d6b14e343001200b4ad0e33381303000e38abd9,ramnit
ecfa64dbc23068092e39f8173a6cf2b4925e1c961b37cac842bbfc2861d3872e,mydoom
ed029427475361ce9a8c852c875609067a581986598fadff1a8a3e17eec8347d,expiro
ed1f3737ed86811b5f5d797c5249a42aa933c2f7cd5d82141d1bc5e669de0883,neshta
ed414b1cc0a9d71eb92d6a45bca7c6f2c32a88b185cb2fc21995bdbbd4b1ffa3,dealply
ed67896b87717e2f33a7d7e3c47a96abeae76b7721cebcf45786930d83850469,allaple
ed8383137b0c2127290114c9541031decc1983590e79773ea447a8f73b718be8,expiro
edb974ca563b20d500985147fca4cd68278c3dfa1edcb512952edcc3a822ca9e,allaple
edcf5d470331eee5781ca04ec44d327cab60054b232f9b1fff0e1fc8a61ed6d7,expiro
edd46cf7785721e17205deee45db91ca1df72e0a4e3b7596c9e4f21bdf4d7c54,dealply
ede1e258f38298e5e90af33051db6e7c7c96b65b0ce6edf0b45343df615fe0e3,neshta
ede37bb629051b9e8108f529cfe08c8ce5a4d6709873324da2db0c0e4c233534,expiro
ee1900e56629ea7de13585d4d81d11e41b2cfa19487ae52d118275a82d5be29d,expiro
ee80fdf342b1f4f0f457f2aec2d829411437a71fdbbe02e51c598d0127dc9ec4,neshta
ee82f7e979213fa52d4a66f6849bc411dba69b6f79be75fad6c64d86e590c26a,expiro
eedcce37d77eeaf54cf2baffb779dcd687890e260b28e809cd9e27204d83b341,allaple
eee05b0485bbc0d1fa96b3c6b5e1c074634a38a5a7945f478330dd9527b4610c,ramnit
ef0c6f2125b7a3c3c0198d18959c9cbec47c38f09a2f64b316557a6b4edf3260,madang
ef1dadcca2270e38ed1cd4c4dcde3dc4b4566b8192b7b909e2fa742ca7469405,mydoom
ef39bbc580398f7010403eba888b616c7d89cae01ea833750fea8ed3fff35184,allaple
ef42f5ec661a591a2e420e43e9aeba66a12325c0fc66f77a763270e436bbe6bf,parite
ef4cc6c4dee2128ce30bf7afd3f0a3eda8bc1fdacf9a2211619e92a466cd04df,allaple
ef4f159d8bbe598796afaf87d14bc7ed3b6849249035d602ccd8481177ca863a,parite
ef5048497a8fc0374390424cc861041b62bae5cd39e9f63f4b7f94fca610a696,allaple
ef51032d31c9c7e4c7bf4e9cbf9f17594583ed53f77c96bf310fcf8ab2aa071b,allaple
ef639482d370c0fe7c50f851cd1c03d4dcbc29c0dc92e26a50611d21f02ba529,mydoom
ef713ffe2ab63c226538824cbd28b69dbd62dac15cc56b1e0e81bd3a4a7a223a,expiro
ef745504f0bc6e246b0114aa2f762de4be49476422e182df7c1e5cf07ace0aef,expiro
ef784e3c188b3a726d618f42f5b73f9b36a76184c24d1fb86f3fcf185c158165,neshta
ef91043e358b44e180040fde17064628654e0cc0552596fb3caf1588d3f0b270,madang
ef923a7d893c3528f90f427c12199e96daa4be2dafbdb2cc251434e34a244ae3,expiro
efa62b4d61ae6eae497326323c3a256979663947e34e57a5b9a126f53e5065e1,allaple
efd48107a2b76b956f13004a9bb7f4b825053fc1c310aa11e1857979b29ebd1a,msil
eff37cc50f7e3505dc4c83c85aa42709d7dbeb29ad5f7d6903b96a6701bbee3a,dealply
effbebdf4e7a5218bdfeefc120108ff4fbf0715b0e74e8fae38a5b66f2cf3738,expiro
f012e353298ee8156106f546996ff390134e71334564329f6e3c9e9c83bb0e58,allaple
f0220cf7886dcdeba62d1303ba1ff0f8356587134604e37069013c09e49c3575,neshta
f02517eee0b2b05ed15cbbdbb8cbcb1ed0136786319bd3962b5515fb670ce15c,allaple
f02ab2a6e30562ceddf0abed9c1f273075d3f1f4eccbf026ba0c61df1a96272c,allaple
f02e4ba53cfc305a0685820f66b47b691fc566772040e3c18d550ed1a3bae055,neshta
f039fcac4f8175e6aa8969a3a2cf185b22475811dd9170b84f84e67f1834f21f,dealply
f03ab5277e53f04b8ffc60e9be4c6f53d881bf6e74f1d6fb8e1b11b116ff9ec0,allaple
f04d70ab5fce7929cc3ca3bebf91c9a3d04179987e53570ad8374f9d3c1f440b,madang
f0e04876a3484b670644406da96a420ad00b4d648574b3c119f2af134f54b2c9,parite
f0e1fd9ab8d487ac4922ad573b53048c4807d9dbb3141c2ad7c560de01bf2a38,madang
f0f0eaeb4eaa13556b0a3a0490ab9ee32aed20498f8d4c3e32288969ac9f2716,expiro
f11e47218b40ce23f6a6a31e7fbb281ba33c8870c4c3a8e4b971cfd5c5df2321,mydoom
f11ffcd41b18a4b5e9555e1dd76bdc2997445a19adb79e5a415b468fbdbce5dc,neshta
f13057db8d4dd957109c97b70fbe35d7bf054723d9c9109faf23ba51d42b988d,expiro
f147d3306b3b30811e54f4a56fc6a9d4ab88d4cfa0ffb7ca760956ecf9e88b3d,allaple
f148f2972375b1e137463237427ca415d5ac951e2d125910bb85cbdbb2fb6158,expiro
f1514ad7f34570cd7399858b83f2bc27df12d89bc1dd20e3b3e21780e89bbb02,ramnit
f17b1f2feacd63ff317004e3e94e503b806937abbb6a75b96114a0b48b426c24,parite
f18054869c1d362645bf5988debe797d00359a16f6bbc0629038ddfed7d86b5e,dealply
f18afe270b337f32cac325fcb401f55fa854725016eb7901d9766ad7a5ac001a,mydoom
f1a75ffda2c72e9f3ad3f9962649420d770c793dc7b008c41832258a397b7b88,neshta
f1b87697b050b022eb94615596b3e0afe2b87af507613092dd170faedca80cae,mydoom
f1bfd3e299db32d1406c5fcde2c3e937ee89f3702714b2c17b8926eb3f0db82c,expiro
f1cc01d8da9e2a32e535996f7151fc906bb8b30e6e0b2266c368d247e5224398,allaple
f1cf7259d07cc88d1f3e43f2bd7b43ffaae18552a1ae1e29240c0bc67ba33712,allaple
f1dc3d14c6e6a1461480fc25ac34959d0128d25da74552f850703576dd69ab6e,expiro
f1deead02ec9e5d0b7a9b17f8170713f1fdab817682693198771f9fabef5cf9f,neshta
f1e25cc4ca4bbda91ad58b7b963a961f47b5e1f5e735930015f93fe47f197724,neshta
f1eb4711177e3dbdf16defff1b6dfeda5e1ec2a3d809605b0eb61673c23d0ae3,parite
f2033348802e2637a9a4dbdd03a4ad326460b6f5c48980c46c6ed63838389de1,neshta
f222db96f1e0b6c85d41117b67015b0de30bf5b30e73b09342b0155ba8e51c8f,sality
f226e24b4ed3a0b39e2ed44df7e8df9368d9aafd8c444b1c8d7d65b5f68c2972,neshta
f241ea390a28260cd696b17999e32fb18e59f58b37c980d9852996481356a112,neshta
f24e78fd548f662efe16e81cc8843087dd3dcf7b58056b17a92af897ded2727e,sality
f2644de704f7b70a6419d9b6129f66c2e9b63107a18b4f196a826ac34959cc8a,parite
f26aee8cd47c98509cda143a93d831bda0225b22574b8d6a1c22f605e4af9317,allaple
f26ef03d0d53e023c3a997b405f415704ac9281aa3bb369258f5085be2dfd6e8,expiro
f271215515b3b7e513e9586431c75b38ba1d38ffe046b328a9eb49b196e6f8d5,sality
f277cc039724ceda7721398eb9af336111adad7c11771f58d29aa1a20ee3af27,ramnit
f279a5fe9433db0a6a6a9911a62550d3128f94233688ffbd55699ffc44960b4e,expiro
f27f7e8434bf6f22818f72a650450cd95c7c7eebee2bd502a11657599e5ce02b,allaple
f2957e8abc00575f0ed662650197f243ddffdc52515f2fda3321d734237af68b,neshta
f29a75c33f4b5e915c399fcc43510eb60a8d45efb0d6637aa59f2dd374d60d1b,neshta
f29c5fcf9d0eb789372dbd70fde8b48c7b2428f5627d37a89166ae3d19c67d2f,expiro
f2a4df0fa96f42b552ad017add80d2c11de1feaf3bf7bc4ba90c5a78ec1750cb,dealply
f2a9cd93c77812167d70d9b361ecf2699c418b35b10c9aab0231fa0eaea0422b,neshta
f2ac1cec48bf5f80dcc2b66865aecf7ebb09425c38129053c19e7d66a801e6e6,sality
f2b69526c6e53634f953367dcfdeb23c3b079b0888feb7f84ff61c8f127fc0a6,sality
f2c798922d858bee7928e0e095b3360eea6a05a33deb35eb58728c11ff807eb3,madang
f2c8af6ed39dc4a61d981f75eca6223f111dcdbaba980250f5ad4b8ac8efb86a,mydoom
f2da27e97e487035c476484329d115ac131db55f7efc7fec4f0a24debf2d2c0e,sality
f2eadc0ade111f6e7b34e506b3871aed4fa518940430db14201a2a99ba30e249,sality
f2efc145d7d49b023d97a5857ad144dd03a491b85887312ef401a82b87fb1b84,parite
f2f170a3b37a180919d5b2ea75b00c12a1f0c6fa94ebd4def2ce31a7a49825ee,sality
f2fcc40033244b1c5ef6f30b1011057a52ba9000f18fa55535fe846732e925f8,neshta
f30cb25719772c2f03998106b5c8ec4cb46f781b48f0e74b7b9a40290649ea26,neshta
f352fcb9820bcf258c05af7c2fe2dc4f301cbc2fe93d55e24babd6157ebf7e09,madang
f3769a485c973112bb841ccf2c1a34d5b104a5fe9b4da52d169f472222c39145,sality
f39010beafe710fef2f73498cfdadc1c28db66cc9703a5e9a57211e81c372fcf,allaple
f3921ee5d801dfa9680a9cea412ad874b9cc264df19cad03f6ba570d768e47c6,parite
f394b817c861e744f53e7783efcab376d18e57ae6f22112223dc1d0c08fba5e3,allaple
f396f4f3f7788870676a056210536442150aa36188b6d78db7d0ab723bccaf93,madang
f3b51abc3840eee3ddf0bd667ca31796b9edb63482fc8f5f0730347a2a284903,expiro
f3b9db4c48606b6a67bfede69f0a8a0fd6f2a5c6b00de4029417a2234df6a343,sality
f3bff2914001f04b6a869a64fb946c3ecc8c8040034324ca09bdb486d716ec1b,expiro
f3c571738aab7ade9c95043d09b61b4b45fb94cc2f914434cf9b6f00cb82c5be,sality
f3d31099e02e563d758851719f2402985a07fc1ff8a7ef1fc65e1e38e7d2680d,sality
f3d6f4200ac50565d10183a88aa99ba29c38aa847d7fce26dc392348d4a98ad5,parite
f3da0a7c53e471e3b1c90a359b7e806bd55d3b0fcd3289c1bce526fc6c481947,sality
f3e068aef02e13ddf2f826c313231490f9bd7e956aee2b937662b80d2dc52b17,sality
f3e1f3428ceec4ca03b536438a95fc8ba0403e07758fc4167e305bdce2b43a74,parite
f3ea9d5c16a7293de42a4fa83409355c7674b6ea768b7887cb285cc2785bcf75,sality
f3ef3dc3767e4566b9a06b374d01f2f9ca019fc5c0278dee2ed2f230aea26162,allaple
f3fb13685f83727be5ddbef80bb9d25837a1a67bc57c940493596196988b463b,sality
f3fbfd88426a915f341c7fde4db5a15c55e320ebd1447673fb59fe23f1657a04,sality
f3fc38cccfa29559a006487c279824d6b4a641fa4edff45d55f92c37140524d8,sality
f40fe20499280a0e1e3b1d75273a8f974781fce58062c4e1fcc89fb33d103c54,parite
f4169522ba48430819d424c94deecd356ca7ce0710861f23597a62b1b4579593,ramnit
f421d04e0e0825534e51a59daa777c50945df366dcf22facd3fdddf36d9ec82d,expiro
f427b7967e6b1efc15c50d037104a12219b3bc0d3435696286c68968a0803a5f,mydoom
f42ea379be88194296c16922817b79329c87a933e6b14ba1563ddf27285c7de1,neshta
f432e60c1b570843024e51d8c851b7af08bb0ed345d1d1280df4778da3a3cca3,expiro
f44a0f488bd147143cac3f98db84053c85a9600c688a6eb7fdc5e9921becf5fb,parite
f4578dca3fe5ddbdfe2ca27d27a0bd653b7405cd262a40fcab453f6a01a32d59,sality
f45d30ae50b6a24b941bb39d1751c225f9b06341d67de00e8c23e55d2a46de18,dealply
f46332915de7a451907f1435d84629f9aad8ec8d4cf543ed8748038ab001599c,dealply
f464bf9e6e6f60282f5c1626d926c058574caa16b92a07270b76f9f14fd52278,ramnit
f47226cbeac9466caac981482b0ce60b7e23b4c957a8e46e578435a5b814ccc9,ramnit
f4727b14db076e3db26e1892b68b9ea06f08d16434d79c70d683e99abd97718a,madang
f47a18f8014e39d1542b6bb2fc17fc2394660fffd97be6ec7f765a7cb61bfca3,neshta
f48e281241d2572758c862d742d5dd1cc0d601992765da043f2c09dfc82be541,expiro
f49409607477806430d3f3fe0cd1bd593efe221d6edce8255137fb82e19e9178,sality
f4aa5070ae9617e9d03f093f968369261a8de3e1ab3033704f65853e52df42c8,expiro
f4b3eb9fc12677201a71446decb91c7068fcf4ef5f53350fa3dd4df0652b5571,expiro
f4b731b7c23b55e686cf2814eb57736ac4d1cde03734b645b84a34eabd7f6b0d,sality
f4c4b5101989d0aa132f5754e66b06c514092700ce4650dd0922979196a9e64a,expiro
f4c7ba0b014430af19d24a5990d94f114400f149edb9a1cc3646576db7d31902,parite
f4d103601aa4b30a685959569067665f77044f3e6cf50baaaee02c7125b1b9a0,sality
f4d833a0e42ed47fa5259c3e669eaee0c5c0a4e849e14a7b93a068641358ec48,sality
f4e92afc691ffc1c5ca87d1056c52dc089a990e4d9f9259d65065513a5e9f8c7,allaple
f50b118d89ae46ce419d62025fa085c81a004fca19a3b56adc84a6d4635f3ca9,sality
f51549ff5e2a4f0da9f093b5ca1f33d969a6ef462285d8bfd2e9da6f82b95fc2,sality
f51bc71bc4863d466e57892430620277ad4b7a869120f213d95aea69955cbf05,sality
f5217d49bea4db40011eda015eedc9a2fd280725fe290a3514636b54fcba0f68,expiro
f549f253e740dd42c29a4880b3ba3da501f85ad915007a13df4d5b51dc48e117,sality
f54d60922784de7c1420c8ca6b8f3904668c05678e62cdf57891291b4630e703,parite
f54e34cce838343c030ad3a959d32ee10f6a622b00c5ff7301a04b4bd50b38df,allaple
f572a22a2c9158bc438ade206fc089b3f58bc7bddc59a5426f9ee1e867f8d53e,allaple
f575473e950f834abeed2a4c0b6f37ab39ad98e641d8d9a2bf38f63f53ef6672,neshta
f58cfa2ba936ba6b9ddb4149d98c3727b141b7efb0aa32c19ccf36a7125fb30d,neshta
f59a94d897359864e66f9969db5b7597ca5c50da19d4beee47162c98d76826b2,neshta
f5a49362ea933ca24df5a6eb55ffdd62428332ced1dc0032f4f35ca03e910c79,parite
f5a61bef13bb199f3052fb82acf66897e50c8ad6dd17b8195e3ad8887ec99059,sality
f5bb22cd1ecbc7e7b2290fc94cca84c80091f9b49a1c745eb5cec82556a1a0b9,sality
f5bca1afdf8ae9ed9226c93828b459e1337bfb147d6a36fb5687820e77876ab4,ramnit
f5de15115002feb1afa574e69edc21e611446f22af91bdb5f27f045421e9d54c,allaple
f5e54b7fb342e08bebba5daf8cb2ca2e40f99aecd306e8a4b8ada4f97dcfd6d4,mydoom
f5e5aa43bc9bff12972e561acc6a1d8395a58bb7a13cf18c5a88743e89630796,allaple
f5ec338bb33048c8760a6619c42438cd028c06d86a4998a9ea5991b6d8ee5241,sality
f5efe13789eba2e083e2f7845a297f542c5c17370c1c0785a46b5985d492281d,sality
f5f09071c583ec6e123de1a828363ee98386877d06d9f7ada6e21b7412ca5112,allaple
f600659c74a78eebb01ae47ee079a36ac3a5e5c7a178ce483c859d8f2e82e452,sality
f6112da249149296ec689792f4387fa43f7f7b4a8db2ba54d87a1e551027e76e,ramnit
f615d4efaff29e0fcbe000b9e97e0bb6e9b3d9ba15bcc2cf4021657073f70b2b,expiro
f6165422766cf3da4ea78ca580b7698544cd725175f7838378ad20af616ac525,sality
f619ea84456da079548a16c5c76cf0d4b5574e4c3d3ec81d0debc01f3132fc71,parite
f61cd9d849f9bad9b2ae1bcd89c77658c46ed3fba1f34d505d203b2f4fa35b18,sality
f625063d65383680d61632e47084f501ee4be2d0ec1166c5ff19b741f0f0abed,neshta
f65609b7db6a76cdc6628128a3a49de43feb8dbdf4c2cf5aef60a2f3c5e904fd,sality
f65b63bf6d646a9989b1aebd0d786bcfdde9ddbdf6e17669563806a8785d1f1a,allaple
f6882205140cb536f4b15342978f0c4d0a22a44b192d89000856fc185e78c378,parite
f68966ddbcba511e70dff7c3c7ac79049ffb23f1c3db4566194ccf668fe10289,neshta
f6a15adc869aede1242ebfc0c218e0b521b07b42b4845dd80c34191f09f1c672,msil
f6b3c8da1d720870ae9e87423b19e9a0af5261d289d1d63f90c73dd096ba7fc6,sality
f6c39f99d77128d5822dc0551fb44b9929169fbd9350605513d2abb857024e80,neshta
f6c59257c98674466f9b91d1ae3ebb446d7b0003ac4c0f96938aed26a6ceba7d,expiro
f6c8ed48282288299e09fa271d8999c07a1235d483d18037d36d33008801e12d,expiro
f6ca12554decc7016d611e880b7d6fbd49398e2c4c5e4a6bf581e97fe2934d4b,parite
f6d48089ac04e96c1730c7a55687fb4c3f58dd6b09518b49c58924d64bf1bf4b,parite
f6d5a2ba6a722e98963c1b7947e30ba34260a258e17adb7a977b15d238e6f47c,sality
f6d82084d0838fd346ac1ec6a126ef48b92ffdff1549d672e8d81bde022a6bae,msil
f6d91ea3329ef357c58603ea215e779585e08a6258f2cbc0a59455ff8da0d2c7,expiro
f6de9803572a1971c9b5e89cb9952232da23f0cb262db8e76d889afd98987472,neshta
f6ea3d5ffaa04346d580450665060a27a0236130de5c0f108ae8087314a653a8,sality
f6ef0de7bdb20e21ab7f42ffe24ba55e962df4e33398f92055ba1b220e4c9050,neshta
f6ef3f00a8275c8dc17dbcf4098d8d855ff8ce415d14ab29bf6ffb7f5afee196,mydoom
f6fa1d8c9a15f99e9115b98852c698b7c9eb2a75d55969b8b7a154501cfaada7,allaple
f70525d2a69fc7374bc3af1aec8f1e89591b929650dc11f728f11133c40a48bb,expiro
f70b9262b3068c01482291ac8c2b9cc7806d2f17ef4d6fc79dcbd4c6cdbebed2,allaple
f71f4a79d87461d68376e9f645529e767eb4561976ac9f7a41a4d5eb8f0fea24,allaple
f753fc1745d7ec69fdcfffb94aa6421e78cc43470808686d81877961ee539dfe,mydoom
f759b142c964be403d37470306c57195a94a414491d3230110062009b887b3be,sality
f764ed4fa875b4a842c1d48a4e690016b17cef1c4c9d4a72f6ec6dc52fd70d42,sality
f77e37a29bcb86fa951e6e3bb8467ab7d0752d879916550158507797ddde3837,neshta
f7811a84eddb8fbb7e289122c369199ffef32424aaf89675d378949ca829a63c,dealply
f79ea16ff30fd0f5033d05f4185b7578b1fdbc970603c3fbf19d53a5c5dd147f,allaple
f7a9f57c5d310852c0e071c7079e3d671b6accef3069f52e84eaad8cefa2f286,sality
f7cd43bdabdf810380daa3219d2d976724f834f59b225e8e86d6ede05088669e,expiro
f7d42cc6a35525b85da04a6391ed742db00075d7d699920bdfd680e079b330a2,virut
f7d83b4dd9bb82876c16e267d9d4fab1a4eecc7f1881aeaea3b85ddfc98484be,allaple
f7d8cc5de4aa92fd19f136cce7095124a1e93cfa95f7ac207239a38ed021ff40,virut
f7da2b9416289a94b37cd89a90d2a6ac8f918325fc430166da2072c2ee2b352e,msil
f7dd5d94b3347aeb80e11adad3b1abd8dfcf63b595618160feae7fbcee4ff9c1,virut
f7f16c19cf5512042d15c3893fff8c17fa3daa56c23e54124bf6b2e2b67cfa5f,expiro
f7f4a90c4eaeb24cf69cfea0c19c81213b2d47252fb4ba791574bf95fa9fa592,virut
f7f726207f83528e87cd3ae3105384bf6ababb5abd0abf9cb509a9feca1ec152,sality
f7f9334447b9be2c91a56008c5cab9a0f4c49a6c88a8f25e5efbf28808bd7327,virut
f7fbec1785fd32721b2561de3a3657a69601bf90b662f0104bc9dc2f42426d87,neshta
f806873c35316d873ed102d24756cd7a5b11549f075918f5ada159b352720af9,sality
f8184adab32cb818f48740b41c0e7ff814e2745b3f767c0dd94c35853faa209b,virut
f819605e0664b8900d47db946a01c3fe255a899251337d72df87274ee2bef495,virut
f820da832f14609eedbc1cd7725db24a328c33f13469dc69ef2f7472c467ed1d,virut
f825657e5d11b32b49095721ce8e0ac8aca17a8176d98e74c3f5be96406b3a88,neshta
f825ee742b6207648ce5f52bb61f85f6e5aedf4db24b6f7e0fc534713c6e021b,sality
f83143aca20b1efcb9555b0cf9e8d97373517c90f17ae3c75aaff507ef2e2dd3,sality
f839ed71b86a76931f5688a21bd184e2242d0a702d0d0aee48ba1c38a7280997,allaple
f83c76970138df04b014727ea56fc6cd34bec7ab7a1f2cc9a407a5c6dbf09b40,virut
f8488caab71f6d2e989c0450f72781f9b903f08d1cfc99dfddf83d0668ee0e00,virut
f8488f9ee5b74706238d4779b7a5cabab40ac611fadc44e6443d9d729f2c6f2b,expiro
f851090044fafa9c8960bc26d590f586c7cb651b52d06c36d19ef79281133cac,virut
f851372e5340adab066257f3ee6ce710f747abc63fd86d1a9df333942d50cdfa,expiro
f851702cfc454d91a5d3338ccf5aad0ee3f2b9dc687601d017c2f6bee96c833f,virut
f85e0a18d099fca7e9848248e912b5be8a85c4cca57ec13d7af714d5de381a8f,virut
f86701270105f1d5038a50bd6f09b760f26a51f8fb3875aac1c8ae52d1b8d277,sality
f8670e7953868f6dce1897d1deed33d55f895217bee0e9de2e252c1f7a8f0f90,sality
f86ae41beff33398df3e12951d874d457d400ff86c1912624d4a34b57621f2a7,dealply
f875392dcbaa854407293228b98acba1a6a0dd2c40d4be6482626e5af8c9ca23,virut
f884a1ef789c9e21a722e3db2e0dd284261a37b3ef3c847820020ac946b52ae9,neshta
f885db6f00ef01dfd6451772a5a75f231e54178c9d2c7013b396c4aa5a9211af,msil
f8a0718ba6a0becf97c8b140fa89b8a84206d478f9556a114801b7a4b0b91f30,ramnit
f8c73d5413c7c6987ee26338ac2806613e92a49e46a719a5c2d041f842293df4,virut
f8cec9c21818dcab19b73c5ac7551714dfb2979ee3007c5265c9f72369bec1d6,sality
f8d0e465d3dc0228092a811331266c102dcf824e4f6a498e4c0877be413e8cdf,madang
f8d3cafb80b09b39d9a7bfa40526aba743b59f403e7e4502b6726c25e96bf5db,mydoom
f8d9373e9177b338ecb478c492d6958786a1b6999e852612166c94289445d6c7,virut
f8d999d36462db54ea26ec2a522738cc85a72fca4ad70c78d8d8bbbc46ec7871,neshta
f8dbb7fcad504e0f4a35d511c48cacc1d4c0ae362b31fb1147c5be855a093940,ramnit
f8e621e4794317d49f342df64ff661865f8f033c076eb5d0b5ca9bb0c99d65ab,parite
f8f1f17a21da89c6a236f3b5c305c7462a26ac4ecaa833bb772ff81da5a9cb0f,virut
f91f93a1b30542876a9d9efa9a344cff3e8731d1e766141efffdac33fc9c52c4,allaple
f93f444350bc1fd9bf5114b40756c8c81d661fef1e665807498d70a95ae487bb,virut
f94544e7d4f3705372440f2f4eb465dda4bf0ddcd84ee8414bb84c8fd71165da,allaple
f963416c24f7e88edaad1bd33ee697d22787fc0b1c06270ef5cfdd57ab71e792,allaple
f96563dea071f1f17d1d29a1eae509005938ff25f87c699ecc4f237a7010a91b,virut
f968131004b5317ea32a4ec87a483b96cde3e5963bae968b339e3b5153628a3e,virut
f9683e593733a3a0f3f989e50d9ef307b34e9b3d649878513f445e2ff74ab0a6,virut
f96f6a8ac1dae5fe22cdcb7bd2e74f23d087e3521c95a9a59e3e0326f6de4616,virut
f97124c4b28c311df9fe43b3661c8042806be410eb15267233e7eefd09c865bf,virut
f976225ba98016cceb8bd8f25cdd4d2f6e483cc2c43065f0600017fb28a3841c,sality
f97ed560868877be4adb3a03443ecae9e09787db8267340a46e65c6d850ce59a,virut
f984ddc5a333d26a3da0a976449c7f235d621874852fade0ffdd57ec5c51ccbc,expiro
f988224cf72a84aa973f8285a512dcb53e8c299754727637986e18e5d9b721ca,virut
f98851e2193a7a0dbeff84407de68727a62949fae733bc5583ffa6886d384f31,sality
f99dd4d806c975cfb0b2b33bd8d5c883c150082793b4bb14751e61f1572b9581,sality
f9a9776445714a57f17ad0ade4d54a1f876cbb76ab9b206b6cffb7764e0eb0db,sality
f9adb0cc5098d82ab610de2e2fada6f8369fb7575ab04befeea82c2509c85cf7,virut
f9b5f29c1aa82c0748723d391e4503e4969e7cd4e5f2dee4167d473dee20db46,virut
f9bd29147a605137f19d2140073c46a1c7ca87b851f87a43773c2186629876a0,sality
f9c32da21718dd80bb4e910e093fb4108c753348faec621d8bfa19f4e5136c2f,sality
f9c80e26f861bd14c3e33c2e9004a49284cb2475d34efd400e2ef1370b74bf46,expiro
f9cc2c4c0b0478ee107265e2eec429bc83a824ff08cb1d5e2f1a26a7b517b96e,sality
f9d9651cfe6ed3025a5cb938248a2386e08622779e72a5f179d3c5930f9c2413,expiro
f9e6b8f033e4c08988a13c30ebdc92d077a438777960892afe9722d665cef4df,mydoom
f9ed351927167427a33095654c88790e51af77a495d5e8cb8ba16d883ad64b1c,sality
fa0ca12adf735b7eb9b8e1e6fa73daef148800f992ab7bbf5ac84427595b768f,virut
fa0fed58d1ac95f44b1806c742fb9c2149a9f883f0e2f6de32378b69e045351f,madang
fa15983aee4e25673d3f2fb5c45b8595d000368d87371b210dacb7c6cd683dc8,virut
fa1fe4e5ab6b29262d99f97af2fa7e3d1eb63fe12202e42f480c5e0e5769139b,virut
fa2b129bfbd738601098ec3fcc15adc77dcc676d87dae6bc10bafbefa63c12bb,virut
fa3c785fed9ef4912a18c79a05e6edc40ede23d15e643c22953c6a0ecd2db683,neshta
fa41ecc8f862d855277338e87199d1138ca3798d22ecec846ccc13fd95014d37,msil
fa53276e6beebf1b2037189efb83a9713844b711716477b046a932b9fd822f6c,virut
fa5f17a1f5955186558b3e43d3ef2fbd12420ac26dadebf62620a064ebf51471,virut
fa62c4e87b95b6e027bdeb8a2c09c197473b77207420591beb6a68105cfa97f8,expiro
fa68e634ecda443bbb8dff1fb856cc6ae6a6460a23f8cc11ab2f8a6bf22fc3ba,expiro
fa6dd5db6c962efa887073ed6880fd2a1b6719f1e0ad4a3dd6fcc01a642c148d,sality
fa700dcdce0febb7d8082f48090bc84d8b610bd47eb8061eb5d928f22e954341,virut
fa7142c2b5ffdae10b1e209f6576f8970c59a8d281c07a818c1d2fd3dab94bb8,virut
fa72eb924131e0649658e1cf98ec3b283211a090328e882325f6ffd6eec9d57f,virut
fa79e791d3e3a1e24101b1d08a495bfb4744fe7147e24bb31048955a2ea132ec,sality
fa7bcc4147029b56116fa11744ffa71dccdeda9f597297376c59acf52619a5e0,virut
fa8548a738ef72323d753d48c3e79084529663e5080affd440dea295496fbad7,allaple
fa9ae7bde655ac686c1b7bd35c382c9a52f54d3ad26db1e92eff3719a5c07257,sality
fa9e692a83a6f1eff809c8af4020184a92a44e0d6135f92bc0eb068afc3466b7,allaple
faa186dad21ac48d0c2e7e531ef2a7319331f1fcb9323927aef0112f3c107be1,sality
faa1b3d13549bfda66e84faf7932d80f8d671bb980547d0abfe76733cf66b6f1,sality
faa4137e4c4b9a8fd415012936da93bc54ba152fe55804469a16711471111276,virut
faadad11d886fc6a633bbcd75359c31154e7b17725abf5b29dfee51c6f99d3ec,virut
fab5f443b4f6a06f252e323e05e3d048991c3e5b6bda25826b4a41e017bf4c32,dealply
fab758d80df58102988a3d9f35118bae3afb5829546259eae8e4fafc5c4ecd91,virut
fab7797088b94dc843cfa390a85159c5d9f1cf8bb0635a1c45d5b50e10b8f29d,virut
facc18e86f5feb63ec3210a0084b5466addc1f18d42665081a460c774d6394aa,neshta
facea71cbabd8f524a992a1556150f401b3e6034b99394b36e49dae55cbdc266,neshta
fad065c83d7a0cb42927febe11a2263b9729766d8ad1b72ce15e150807b85f50,allaple
fad3e4d2ce9cb7829f2eaf293ceb9dfa8ba42584a3ee12ed0f2a5e5411aa6434,virut
fad5a38bf3c103f89c970e6c09e07b103926a97a259b1f051cd1c13577f6df50,ramnit
fadab4d7a74bd3d9d0fd6de94d849ae64120876417c274469bf3a0954dab3b25,virut
fadf69c270f645b1cc7de961095d3200212518f251d0302964607843af1249c3,mydoom
fae0448de8760148a6164ce0f20bc54046b435394658a987448b3c1600c3bfc2,madang
fae19dc738207f20113c3b85962eac693e584a3611759e57f3925d47c2eb8948,msil
fae1ab471eca60ad136dfa4a71791c9ab34c503ff292eec6d147186399e00e22,msil
faed1d0711ad09c83ce310aa9bd7d9f441dfa22dccea51648fe9894e473e372c,virut
faf2190f7c1ed9e39cdfe80735b4ee2a06aca34ef8a0538abb5274a5f19699e4,ramnit
fb03cc5ac1c0f41204757d404dfed72830c0df368d440b96f4b6be115fd05821,expiro
fb053318bda0e3d6e501e16d18fff6f03e328189ddc42a44fe2f6d874a74f417,expiro
fb0749f6d17ba3b5d5cc7ad922a1dda9cf8a532881a00688aee57f9796b92064,parite
fb0e1e0d08d148ac7316393233fc8861fbbc8af7c537eeb82df2183c8c19f621,mydoom
fb16cabba0ef656f99bbceea794ce718834e9aa4965aa50a0cb3dcc04b1ec34f,virut
fb21b7ce308fbb1c36bde5d9b889ca84496d92ddd3bba62a284d1c45325afac1,mydoom
fb2c77b4dcf0f298d2276a18d4438b8b331da67cd0e0e68d894aa2f539843022,neshta
fb315ca2aa457e3f414e195007f44767b07ff69bab1c25ad916a84073a611639,virut
fb3789373a93359b858a985824d213b07a3bdbe3ccf77a72aaa937c2caf24d91,neshta
fb3d81c37d497e0eb0941417eaa4a83015b78bb374c1fbf2788b63760cc2bc1b,allaple
fb401c4d72e672b3c4a819d0963f50f75963003966ac6bd08a39873d13097e3a,virut
fb4477ce67021995ac7017e644c77759bc11ea1f02cd6c92f25d6015cf9d3e5b,msil
fb51a5bd7ae79eebb55d53628e8abb29c3445a27a4da606b2037b4b884af58d6,neshta
fb52727bf9e3dbe973e0f1c6ff15a2b2b44b7f237b00ae4c8851bae126fd8f95,neshta
fb6d54ee9a7461c444eb21d394da7c10e2f932c04d24cae17cb8ec30b64957aa,virut
fb71529f5e69958c162e7666200431ea070b623f769806ceaa73f3cbb368faea,madang
fb7297431ee056a8d53b6d96c302a520b2c81325623b59d8b41d4cbcd327607c,sality
fb7df92b6bd20547fad557dcfd0ac50f3759fac0d491cf92fd068bd5e9f81102,sality
fb83021844929064fbe6ccc0b59a306ffefee4207a537e526f375ac2b26c856c,virut
fb8bca5b99d4ecd2e6230bd925a28a9dc31716eec88923f303eeb1e52d8af9e1,dealply
fb8bf04a5d1f3bef01f346851ea9db329536fccb83b507b5c73153b56ac07506,virut
fb8db882f6ec0cbfa089007c32f5b10e08cbca6f264d337dc0c69f571190ad84,virut
fb934f6229abb86e6560418b33134dcb1614f6bfbbb8addaad90ef82c8d12417,allaple
fb93e8b74a26307a284b10428ef6f7db85ad7090a5d030670ba12f800f04d9b0,virut
fb94403674b90a3b318460d4aa42fc9b1e105e9b7affefd5e42e6d15d68395cc,sality
fba0a8ed6bbf0a22ff6f87bd4090e4696656a2c2f0694b549e8e6ea369f54bbb,parite
fbaf116b6f47e0b70101401ce4d5ecc90d83bca369abd849b22b7c8d2e0be0eb,sality
fbb1de4e98a952df26f422179a517ffc6c30f7a26c676140b0ba8d891616a514,virut
fbb21a4b85a1e6cc10962f59cd30f8f9e9dee95239d1bb51451cde10db91d5ad,sality
fbb7f629c6abde062cf9a6c29635dfb78ee3a147733f1db6ff9eb595fa7ba316,virut
fbbd4bd31e5fcad0c8519f54545b29a6ed1fd6126541db6e364dea44186a875b,sality
fbc0a091f896effa48765ec1d90dfe9a2c4dff83a791154c166c7e3a4199a8c8,expiro
fbc0c64740bf009b0ca5f93b683b127fbfe27d540dc525a809edc8435973f18a,sality
fbd3747bb13a3e7e9cda39bc7b66be5af59dad6285583ffc90ace7ac64d26d73,sality
fbe431440f32b27eda09762194f4247c34a1026e8c9ac69422a57a46ee04c02e,virut
fbe71463171a46e1aac5f26d3fe35fe6123eb1fad16800a4fb9052108c65bbb5,sality
fbee6b21aab176ee1998f11b34f3dbe9c3607418d54dbdcaeb33e6a0b8e4cdf9,sality
fbeee4194eb02c7221c8a670c237386bff43fd198c295904e23e2d015c767794,virut
fbf0b4942686fa6e68434cb186e81d9ca07a94ff8f9900732d397e68ffb03d6e,virut
fc1b4b72d1a145c02cbc5231d3a2ac1caba5f27a598502807fe697508e1cd955,sality
fc27a65591c660a23a750bcb49ef6159119079ad4978b908703b28f65e5f5060,allaple
fc31cecf06949f5cf78a819e86686a46bd4692861369c68c69d2d6c800ee7e9f,virut
fc417a155cc2ee052062b771447658a57d448d03735555933ac6f36ff497b0cc,virut
fc49347f8c4676082d89ac3226648c58181865decde855516a84aa542fc76673,mydoom
fc64a6776c733704cf8180de5ebc6309c3419b9b48ecb8aeaf413c4ff8b653d9,sality
fc6555e0eb9efab20c7d5735585468871e346d90eab3afd665c8bb013ffd7130,madang
fc6672c7406e6eba842f3abef0d4e547540185e7846ea14c32d9719e02859641,virut
fc77bb8f3353202fab2bc0b2c0e91960a37c93ec88a8359f50db77f963af1632,ramnit
fc78a7bd4fe6ff03c379319cdc86835bb92b8a5e3ea45ce848c082acef1f9043,allaple
fc7b37b2df98e1d73bda39e7badc9c901833e70eaa32a0b6d1556c4569d31845,expiro
fc7eaaf320cfb1e0c3243e133a36c61dd498e84d978928a8e6bde826619d8169,virut
fc87179afbcd6704d6303ab825778b30f76ca3c212c47f65e03a5b278da92ed3,virut
fc952e5109218ed534021f0cb304af628a7654060716401246f66fddfef53f55,sality
fc95dbf2e8cd8668534a7bc033a963a2699b027252f35b5f4bb642acf8557703,virut
fca0217d1b9ba6e654a1d57837ddb44cc8e66c2bb9ce9e0ca9e46080c70d2764,neshta
fca3f303cf868ac93ca793fa99447bc9d794078bf4fb14323314bf5e31ed0e67,parite
fca5b1c675898284bb4648a15927ef560044f1df333bb5e45d87b903a018aee4,sality
fca7093c10c9e327bf39fc5f49036710e5e55202f218719a86909fc2437633e5,sality
fcadfe9274e1aa95eb0df98d59cd6f38766c09ddb64b90cb1d0061c87cea3469,neshta
fcaed13fd27c19b5ab15fa6c66449ff2c4c591545b4bee69d2787ce942345948,virut
fcc3c3625fd3dae79f9ec9494d43ac58cfb641ac5dbf6ad353c045b45657435e,virut
fcc4b12a678cf2470aa6254ec48b2ffba15ab845c444dc8250d70daa6cb51520,parite
fcc8a7f430f747e6be5efbc51a6324a37eb1780d217ac3f0f45080114da80855,virut
fcce891077607b34025ea705743cac0a9407ef8b2f2a6a65257e88f766b2e6a8,parite
fcd23ab9471736157d4ce11033aa29e65d286a0a338ec13d9720748ba35f4b14,mydoom
fcd2dcc1ddafe896dcfd433e6edf63ccbb429130199561758490bbfb03729de6,virut
fcf7879f76c342316fdda7ac7e105d5b71273c22ceca975e7526d8f8f73f5951,virut
fcfb6fc164aca98d5e7285a5bb0b3bcd79ffca1424776c8ebc410679776d1359,neshta
fd1f83ee42aa92836e823b0f8c3429b0e13f950ef5e5df5f2a062b6015c7e7e7,sality
fd2bb004bb0a883da358a4a250a7666b7a0dc457609e7b41983498ecaafd1589,sality
fd315881063e91e6214a2faf5097991671a032853114b4f8cb9cf93d86c9338e,sality
fd3244f1561cc57c6e33a5e09004b2d1d210590fe4d3c1c9eabcca8c5fbb3f74,virut
fd37c4c296d37c8abcb483c3a2b5525f241f40bffddced16e5c2dac92e57aa23,virut
fd4804d913e1841966f17e76a9feda40aad08ee79cb1a813ed21b1d2b102c218,sality
fd4885143f238b43b13dc8e449593f4b021b6dac2a32a9956576955a69cc0e07,ramnit
fd551dd3fe2e5b188fa7d24498620a446b07ebd21afc026a4c50ad4021fbb19e,allaple
fd573777b2aa50d31bdd0f2c961d9dc13d40f9c85f0788195e2dfe81315fd561,virut
fd5eb71772744f217b53d872dd206b9d002cbd0b63476db0b1ae1cecb2dc425c,virut
fd6e22936869a420a93ecb5e93103ebea499f37a73d7180cb51157e81b1794e7,parite
fd6fc69cd80d56241d680ce79637e2280c5e31e13e2ffded9acff4394f6962e5,virut
fd772caacba88d0ba37adea1baf6c6e0f8513d2ff64b22cc3e9c66f6da7e2478,virut
fd7c593ced3306958bdec7726f9e6bac7963c511cee9f420a7334697395ea6aa,sality
fd82a38a4052faf36cc938cf2008f2881612d91395cd7c79f60ab9c709788086,allaple
fd8740def05e6e2d17d5844e1182a8bd80a5cd4420cbffaa4534d3dad0ef5a20,parite
fd8f1c3be9e3eac2bbbcb220a5d023b78cb35db545dbd50617303402e718b329,sality
fd91724dfa7db97751e0f6efd313e22d0d96a3b119ce6fe5bc16b30079af19f6,neshta
fda0f28e2296b6654ab3a8d8aa5335e3627250bf663cc3cd2164f402b3f4f460,allaple
fdc1a47ac9094dc54afe5ab4f2bc8cd3b38607514639d7ec70efa5237c69d69c,sality
fdce5c313a77e86dc90cae69a0f8ba3ca2c0865137243fb7cdad7ac5a775d58c,expiro
fdec4302a99e00bd390c1430db4705c2ce3454744a4bcc8fe5bd8a2c73989598,sality
fdf6904122a50013f725838eef18385b3dab3b08b64d2555a68071c4e7857c08,virut
fe052faf3661cb9f01a5101e4e0113aba272b694960052bf077763bcb14de677,sality
fe06f4b4f3f93691310ec5f78e78c472843be9fdb908db6240bf29934982119c,allaple
fe0bf20fc7fd91d930e5a91544f65633a825ecfbd4cd6c9146a4f6899f1cc74c,allaple
fe12eeb6880366a990a5cd9a367cac229133a7b5dd5f8474b4ca7c5f07ee3dd5,virut
fe20573393d62df4fe84ea2fd91978edf14820c269e0a5a17573831f970fa6b6,virut
fe24391d7a5aa8b3c29d5ff291d1191a7aaa61105c7a4fffcef1e8d96114b248,sality
fe2f16650a7e5dd9dfb8186990f82d91554f804bc6f6b6a2faaadbee4c586f09,virut
fe34180dfa03163d198d6a9a7006d4807ac159747015aca9457a7184cf6edb3a,virut
fe3fbdadd516e5c7a48a81ecac0f392ecf2f3dee72482325308828e44f73a543,virut
fe417a58fc5fa8aa636e80b0f27fc65eb97edb64d08a4448ad4fd7e9b2d0454e,sality
fe473d4a855479256f6664dfa9e244680856467008edac379943677ac89b0014,allaple
fe4c26d4b10433a50061b9b10bcd7ed125165a6114de77a9d0c080d5aa8aabc0,allaple
fe4fd8488d3a40fb32e722f585865a7eb4b5a4c9794065e11480f7a1f229d02e,virut
fe5aad453a893b6ae69ad0f764eabcb8e163fe63d876c608a8d855504a923809,virut
fe5d6a376e01405b7e229b53bf278f60992e3c49a4628493424b08930a77248e,virut
fe6264ea984967b25ce54e530817d95060e6ff8e47491f5a407ec29dab21c8de,ramnit
fe63a19e2907774c6f0e3029b043ba3e318e16a5bee45f7ba1643271a9031c58,virut
fe6d52df16fe9a0142c2671fcad43d507f3f3815df0ae51ddadb3ab3f75b241d,expiro
fe7001b91ed86ffae90985649006ae3d354129b8fadce550925b113835e31011,virut
fe7bbe65b97da8dd997ee1647a7e4951518dc97aa2ee5195b33168480979f9b5,expiro
fe86129d1b0fface8a121a2e8c37ffeb8e93401cacbae7d8fa07b5f26912cf83,sality
fe8871f8cf10455b29bc8308a5e7ee049f93e054447430779d6f4ffcd0a34182,neshta
fe92fb14c089ec7bfeb07ff764c5ac0931df3c47119e0cb159b4a6ef5c7854fa,virut
fe9301744c37978c49a15039ce2ff209716c9383eae5f8a22725ca4e723724c1,sality
fe932e443d0aef52c9bc5063c40d63a73e423737cd5e14d39ba354fce48a9b35,neshta
fea6a87181c605a741f22baf416873a4917cc4c8fd430e1451de669e528e55c4,virut
fea74bf9eed7363f97a09756b4652409cfcd7bbe023383805aec5da7de6310bd,msil
feac21a5b56e11a97b251b4576d584f675313a40075aeee1df206b7e1c4a397b,virut
fec2ce82fedc91b2406fa12f5c1d47e33e715ffaf3f7884740ce4f71a7dc10fa,parite
fecf6e572d333ed5fa71af225beeaa408f884039194286b9d8fc5f6956f63bc9,virut
fee581515e0e5f17ab83a4a7ea749ecd8733ac89b1a575f6496892dc700b41a1,ramnit
fee75b6a63b40069270dbcab72c8ffd6bf51d66fcaea82eda5ac9605027ba1e8,sality
fef164b3e1f05a56b4fffd591b7064d7f5ad00b07cb0dd982e29321fcd966f52,virut
fef7c813c9a8deb2e948a02255dcb3ae46bdcb476dbc97a28d5066ac9a08535b,neshta
fefdb3df5fc158fae8586c6835de86ce3365edf636a300d879710ff21d5f320f,virut
ff02db3c5df1f526a139b65370ea80baff2c464538442d08a71abe98802caf71,sality
ff0582d318a3ceba699eb2e729b5c96179ae7f23ee9bd82422637d4d149d4496,ramnit
ff1b8070e22929d553b3708a547156e9b4c1138a743fbb8d8dd3eecfe7eff644,virut
ff25452ac36d7416abac280eeaa2e0db96db3cf0c90034cdc2e416dddbebe32b,neshta
ff270b8f6cd1ccc2f7748a40fad1c7202e29adfb7e5f21307f091a2d016fe801,sality
ff287c95abb022f06d822b4036e86aff96714820afbcb502eae898760dfcf835,sality
ff3044c85e3dd94fbca2b4683038e8bc0bd494e949566c7d2308c86dcbad7997,sality
ff44d70fa791f8fea71381e3ecb56855ecd0af299d56179feadc1416e079aa2e,expiro
ff49dd52f1b4de8878293f9b852ab5258e13062f77a9055cfb7ec3edad7210db,allaple
ff58ba6e2ad981cd54cc6023b5dcbe2be571d694f41ac7fd1248654b461f72c8,sality
ff591918d211c5a62aea9006b584d7e900e94f5d4970d1f67c0cf765cf368994,virut
ff5bb3e426ff0d7f9b729a898739ad477543e35a64ef964a588bca6a76ef3ecf,virut
ff61cd2f5d740a457f014c25b93e0b37a5093cd319d2c89e7cbcbf14849f13bd,virut
ff93b47175ac301b82b8eab5ea5d385d6abc2b649ea81147535ffc311bfcb27d,virut
ff989eccba8024cb92c306b251a065113b3129355815954eb8f066dd66e4e933,mydoom
ff9a86bbce6943840b1843dbaa41379c4d178c797b26a00ad45367fd9821cdf5,virut
ffa4c37d59daa9b11663d6aa5d7503eff39a3165813b26b9d6d7c8f2e2f2e2fe,sality
ffacd2082da812863a8620ccd65788772337daac29bebb63c24c9315932af903,virut
ffaf71111c449607335b96a2a9c8c5883675a37fa8858a2cf724bf4115579dd5,dealply
ffb51abdffaa0c5a2c7c3c8e0d85c56e47d3e3774585f751c54abec7a28cd03a,madang
ffbb161e184169f0b3bdf3a8e93706a099e4e3d8c30c773b1e34297340a9f6dd,parite
ffbf4350952dae1d6be7d02bb4a5e8bbc8e1164cc3142ac2b6e4d7a4ef22c391,virut
ffc151fcc23b8bb6bbda77134dd31a85083b07f460faeb6df50960d60acd1a63,parite
ffd3297f9b8a34c7f10e9ca5a1c53069eb2157ec57972cdc52a0988e9626cb0f,sality
ffd5b377135d43a389cb0c2896cbc40807c00feffbabe1555b84ca4f9a58b9d4,allaple
ffd9737bc2d926ceb11cc8aae6076b00d04b1128f9f079ebd27d06bba9ae4094,ramnit
ffe19854f0bec7d52598e043703f1b34c153419b42de3c31a64ca5894aa76cf6,sality
ffe64165947631ef2f24fd21ce04129be9aab9e6b8d0de60dc72d91ebd59382d,sality
ffea6af3124202b2a3da1b6cb2ec89859d0f280a382b7028bf20712d2e52f337,dealply
ffebb983ee3edd7916d65f4144ff0a425a9a903b9209f02bbf82524d6044223d,sality
fff40f115146aac9e0eca911652a7ad9b44f83936598929ca8862b605b79194a,virut
fff75458667240e7ab1cdbc66f7ba348cc837513e665e72b44b119659c49ac4a,neshta
