id,trieda
037709b3d5f4cdb5132d5f45ad892ae1e62d473e2f5bf75aea8a0f74b779cc99,6
04e64658d8664b208fd17f9b1c3c24e09bf30c2108cd32f0f118e7c238bc4036,1
0768558cbd727e8120f8a7d89e4ed5195b6112f0d7b7118ca74edd6d0dd818d0,1
092b9c53565fc4951c07f9182bef68a267f59a18e138b9d857b0cdd8e569d14a,6
09497bd3f80410cb80a0de9bca725d2071044ae8816bfd8658372574a3724fe4,1
0ee75e8eafb61bb3e4727894d412a6df15f601c484361de7034664b52c8aa61e,1
0faa19a3a57519c1995dc31bbcc00fb9ac43cd101de719c2fb083c53dbd5c940,6
0fdad21451920e207e4565f7de8c2b071ff62d76401cf8142a33870a1c72de8d,6
1096e30cb0ac6817a6f17ada7dc02c83208ccd20690db073c978211940634b57,6
137d734d98e08edf727b18c14d229be852df91bcb8fc445746237abb78fdc385,1
15a9ee196eed68fb93adafbdd6c92e1572309deea6550ca21384d15ca2e664f9,1
16493ecc4c4bc5746acbe96bd8af001f733114070d694db76ea7b5a0de7ad0ab,6
16f48c34838eb08f83600894ca828856c16e541448813e26433757f63d7f3f2e,1
16fa3b23862e9f92b39f43cbc0d6e5b99d63de1fa3b64ed3547b05de151c3767,1
17e833184b170ba9eb17d88121d4414c931eae1eccd6b1682037e4629f0e815b,1
17eb4582c8444b4287721929e373b1385120a910f4c524a3fd6f84f0904153ef,1
18f3a034198953efc571ed90f9c6fababa1aaaf7011f2eeb07502bab9b5a364e,6
1a5bff109b4e5b8081c44423a9d420b805c9d1374dafe3dcba597721106e0187,1
1bd1720b6337a46364667b55664fd684e3afb934ff803435c7bb39f1cfff2db7,1
1d4bbaa7b85d5f3d599d955436fe39697d30b27075ecacbae83e49ac1d15c0e9,6
1d8fb7c0aabc9862fab17e9ba886ab537f7740358c0da5108246b19ace9808fd,6
20037219d0e50974d248ee7a8541579a74b938b4830cf402424634f9642b4ec5,1
207a26e4d1c27453efd02fd4d74cf1cf5cffe3e7f059b66ac8a984dcf8aa4807,1
2081679a25a990fa46e7512dc42d72210a8a4e2402e6703e35ab79d27bae9a3e,6
2083be965d615dabc13823d08da529a34dfb9461b6072e89c1c795523d19ba4d,1
21a067466b82c667a4580728ab1c7356a77ed745455850d4a48f3e63796e95ea,1
21eb0741697a3b527ed7df7f2a09e0033a9c2272af3cb589b2ac1eca0e6fc622,1
221e2281431da8790a3348b250296d649ae7dfda0798ffba4140f8bdf9a60083,6
23497c6034b158a5de3f618473c856901ecbba7cb7129618cec045500dac6419,1
23967d33724b69c7413af3a145c117df976cf42d637087a56bec8466b7a87d0f,1
242c67515257c8f477820c4bfb077ef8ffab30053c8bccf937e4f45c222cb454,1
2441186ca243107fbb36455f9484ac98d66cfe9f8b7f18005660ba98e7ff8c5c,6
2711eb140ddf382587e06baa4f1024e6e7303211a14cddd79d937fe741d357b0,1
278ade30ce74a41b13448f17c021e472ae3b5281fedb679ca495751817964601,1
287b81c07d2bbd8ad03a6b249068eb9362b7e6daa92bc82c6581add45d7f1e44,1
295e85919fe3cc0d794fafe731a8489ecad75dbc54335d2564fe9fadfa418cf0,1
29a2fbd6486c9a6ca57d824773cc3dfbb0057503e0ca60dc3b56032181f9c7d5,6
2a51910993f1719ba148263beb3ea53b57020f3948a0c841cda5a149a5f707c3,6
2a77d1a45e42a7f822daa3692b241e28bb42b14584407ff067c592eef0117a53,1
2ba4c67e271763e05305aa7f37cf28b6fd889d522253ebb14ea4a66557fff4a3,1
2ca2d550e603d74dedda03156023135b38da3630cb014e3d00b1263358c5f00d,6
2e2b1291d9e7447325f97469682fe31331c8a6857074997248484f79e823dba3,1
2edae4eb90d1fd0682d38fb7aa680211f88040aca6e09f7c62ca8f3dd916a9c4,1
2fa393e4e1b664df5fe16ddebf5f349f44d564c146b7171b36cd31871aa2b774,6
324c0d64500f4f0fbcd5c4585e5b2db14847cc30184c293211e1ed2aea317877,1
32f088d54ee6c4fcd3a9f3a6f9ad660ddbdd37efdf9544e35743b625e4cd63bd,6
35b3fb8830c2cf1417ab380bfd69adb8272f961e0745e1465e9405e4b58df51d,1
361e39489c68778a360a55633aca884846f76df154dfc4d8cc8fcb09a328db05,1
3c39d582533c63db297f6d18bf229f75a1f8faa78a1a48cfe2b4bdaede096c8d,1
3d4a53de9ad17aebd1f6ed1df70506ff3842402b5d714126b65264b75cd7b3fc,1
3e749898a706436aeff1204fa365b22e84796a2c280a182c6c95841088a225a2,6
41124657a9ac99fbf143616bf1ccd72e052a65addcc2eb1a6a07783773886d39,1
439cdf81c88930dead836af8982802cebd943938d337951e4480198e6c8322bb,1
450ede6c8214a9261739f8744baf60b693d92b1099a0fdb2ef812ed1d1b4ae0f,1
4a468603fdcb7a2eb5770705898cf9ef37aade532a7964642ecd705a74794b79,6
4a7fce8af2a232671d0ae76928173fa458548bcd6636ce357e98d2a6e9f01372,6
4ac407a77ed7f875712145e596d83b39a3c5d8c8109ba04e8128a7a4736b2b15,6
4c1597806f8ef7572139fdf5548bd55a141394e42f437c6ecd364a25b7adca88,6
4cbb305a87f8e4d9e15efa17a09ab540ad9cf2792cbc0985ab1f55f4f0ce280b,6
4e9e854baaa1ac6b5b74012d71a81f149f37bd5a74a95953abeb091d0d55bc5a,1
4f1d42615243910671bd57edc678e409306e9e730b89024d74a87af79997320c,1
516bac9f22d0c2483bdd085560070a2db373a133bd180f10d9d9e87cb10d01f0,6
521aa772993cad10abaaa68b326456000d48eeb16853d4e195e3e9a5000f908f,6
52b25b3ca08d9c1eabdd62e943f6a162953d7aada4d7c5a5e480832ff207b743,1
52e983e9c82e4b8700d02062762e4c46dd4577648c7817ce340736456282d15d,6
54134d0c14482a80d48607e1539c0b295d261771395d0b161d5446a5bce6caa0,1
5a8e937109f320e949a2f2a1b0ef52fb2f2c73c99f22453a3d82b4964bea9863,6
5a9b9f8c771fbaf2202ce03e008e91719df318ab4605926e12f671daa4d2ce06,1
5aae6c82c5b8af5d8d6003dbcce3bd0fdd5f9684bb23219f233defa497f5adfe,1
5ab46310d7b812466832423e08f597dbb155984dc93c49b0dbf3dd03ef5c658e,1
5d2128504db4ac9047c79824e3218316036db02af8cc20ad95175454b914b302,6
5d60b4e2ed82a4c8825c95a9a6cd5fac332f48842cc6241b6aed524518f2f69f,6
5dee9e05c4275dd55d92bc8da0175a1c2f2780d5f12ff2b842594cb665d1c04f,6
5e521991a985802ae59ca81523b1e88be620daf7f32d32ea31d21cdef519bf5d,1
6063542bc84eb9d8fa0606f9890bf993067bed742cabdf41e504152126f974df,6
60a5f02123810e4ae48fac43b4d7f68a7da6df6e2363e8b4273cbfae5faafcfe,6
60e2e5ea3fb4c34e69571aa68c80ace8a365721954320765bae955744fe9e2d7,6
618bb10d9b953b0a42647bcd0c4a5ca56f4625cc57444b5cfa4e91982beb02c5,1
620e7e7d51fd00a5025b4b65a906b9c07048acdb67e51b46c9a9da8c2e4a75ed,1
676616cc3bc79acb7106e0bee7d30919eeb4a857456eba8cf1b757af0863ae61,1
69d9a2144f50b69291880d7c371cc20b37183687500f85d5569e9177bcc2da08,1
69f806dd0126a2944db8b0476afcfd920004504e33659cbe6dc4291b31eab66a,1
6a210ed1df262d84a96ed2ca9f805a980480ae93dd4f25aa987f3b7c35abb554,6
6b5604f40eac87e950528f931458a17669430166f5766facf47067ce43f72ed1,6
6ba375bc5c1848b1677509b43341829336b7376c020820c26e2d492cf1d8974c,6
6d542dfe5e0fa1a5e75ad2a8171755cedc6c79f42e786e793098cf8e19bd5cfd,6
6e4b2e802686d25b51136ec9f3d6c61233b3de4cab22e089c0ec3912253a6aa0,6
70d4c3354baa0bc9540e0ef7a7e7b43ff479fdf1454f47e572fc9db1de407f65,6
718c27f69c1c4dcc95c5df2a2a4c21df5d24a542a650ce709e0eb4155b308841,1
71f61b22425378b70880f8b0098a669862f99d66fd67f9e5e519ede23ee70891,6
72989c9110034f73ae04191e686eb4ed378318175d3369673feab53f922e6cd7,6
7684f45c289853a113bd980eeeeb7bdaf0632c97b4b084a8ea38f8814445d393,1
7704752207dd4469156580d784ced99f35d2c1d3b94b409aac8c4f36c10cc3ab,6
775a626355be8b682e2996543fc9ba068b665d19e6ff4751a21cae352b9ffad7,6
7818b275cec7b532656fc4a03174af5534511df88504433c7bdaa0b6fef6454f,1
78a3a2efdad8b25354619ebbcbb7d2d6a32e7c77e4d3dfb6070861f16d5cde4b,6
79b42997794182e4f0ceb700f0704e67f0540a145f76c3218eb129966805fcc3,6
79e477eee9196462e2896637f651a5665f06d0098934a3f1ffae54190995ec27,1
7be3f8814d06a3468e12ce31757d2dd68aee208413fc4d2156fae14862c4c1f5,1
7c0cf65d054e6471c883438c55e1686e9f0445c92888f60484b7690dd90c1112,6
7cd329e1e64fb21d545410dda3057250d7c7612eb461f0c7ff0fc2bebee20de2,6
7e0f5345a8c5a7c858c79c5973dc3fa88ad0fd8dcf08c4d720e8c393b61a63dd,6
7e1556dd017731836a7da1e5643abc984f8531e25c2a0e05002b453f9314c4e8,1
7eabb075c39ab33a541e5c9a75b0067909a9b7aeb1dbb047ba497f4cf51f5fc2,6
80204adc7d49c0a4bbf372df044543597df07d1b8e0a9308c62fb83be1728b83,1
80f13a28d647b7a1b5595a203e22894f3f4365341e95309caa2703750b15d812,1
8373657e081de56c7675ae566c10a6d7fd82f6c8958e75f087a6aa1023c36800,1
8449a330ca1693bbe813eb32681d9326056934f26b67949a0213133a4c415f8a,1
8453f2fb063dd1bf8ad6f1c02440fa8abd6e1335c3b9bb4dab6e6f6791c6c0ab,1
85e97623fd30d5f13ef2244289dd35a47448be983f69836bfcef9650d52c2f68,6
865503a2d176ebf8288382f5cb0762f5cad91534b91c4ff7cd0d2f9ee05671bb,1
884c24b6091057590de7e4280bb0004dfb54bde9a85dc56c3de64b687611a619,6
88da9efc2348f78bd89cf3f54918cda09152c13f8f59200fa5e38c7fe7b926b1,6
8bb7a2c550e2d8dd0f81f5b1e733b5893f062d57f7a980fd19acfc4b5caabc05,1
8c000bd40583f0353a4f8bdf61a2573d816a3a2408f84e8617bccd0625c0dad2,1
8df88cc55ef79033c9397f627440147cdec2d6672ad07345bc02c93c84f9c517,6
90c89488792417f9300796ffecc8665f276306f69dec18c6775c62e2dad2de2e,1
92fcb7736b4e20fd87767a8a72a69de6ee5652e67baf644eea4b2bc58472dc57,6
96daaa8fe6c6027912a1f1dd72f180bd5a4c4f2d23e0063090d6551e078405be,6
98692064c2cc865e4e7765cf53f69a1f60d14d9e8e14ee1e08bc9ff856ba7983,1
9936ca48ce135508a08ff8306577a5b25b0b402e7e8094c18ddd3d6b86d3ac3d,1
9a7776f64768dabd19b6d677d82bc2e4cef4570d310aae156ff7cf921d7ad253,6
9f1d32fb01cdae92ab2847496c5efd44385099dbeae6a39dfc47ad5458e4e5a0,1
a251638e9fcf1dbc6bbf88f61aca1400cdc91d6ab284c68c64c89024394a908a,1
a3b49cfe78ba5be08bad8e22b9cce9afb5682e4a9ff7a32c2b3973ad28d72955,1
a89dcff7e897da2d53341e1d8e2976d57e384c36f7785568d9f7f2a05dda1fc5,6
a9a536d125cabe4c777109456ab1883aa34944330129a477377746ecf6256984,1
aaf9cfcf6624315c3e5e24808b99645528cdc90d23ed01a152ca03338a45469f,1
b04ebf3ac98357a0e5932831a9845da67d240fdbcd9beb46bc9b3307a59315c2,8
b15bc85cd46556ae3984d817612693c6f1e7e1e1db53f29c09880b2a8fa734fe,6
b162f7332445f536db513415943ba13ccc48778b49da0ef66b2edc483a7c5af9,8
b16c161fbd668c35f5d6cb61c78b66d783a697e873af942723b5e816c9d5f940,6
b299bb7de932fc322d88b158dc53a35ade358783a5c4af611bcd05c2e595df5b,8
b3591c09e76d9733fe4ac138e2b74f957b9160570adaaf0a532270fd13ef1851,6
b35f7567739a3f5b296cfd8a4258859053bcfb20913ecd7d41761499b324a6ac,8
b38af75040c1cc293126b1a57e8c929ae686912a5a902c593be2e1328c852be2,6
b3ba473c074e565b63aa0ba69c8c4aa4d438965158c7709b4656eb78bff0742f,8
b3e1a127f1ec91b72d97ddbf5e393fdc4d86ce1af5a4584d5ad93af0d2e6b386,8
b456f4a376605bd598be5cd63f927a805e6d05913b4d2ea091459285f83c0924,8
b478906bd2d1218b58b81146bc0dfffa99877633be162625b149aa2f4ffa309d,1
b4d607fae7d9745f9ced081a92a2dcf96f2d0c72389a66e20059e021f0b58618,6
b595deab77b96dd3349650223b31d626c76f012ca68a0b8690d3ce814fc643be,8
b616db788269ba8fde7d6a1634980a360ae93fe066727726fa2dc43ebc7dcafd,1
b61e03580ab7820b3caaecfd8967cf7d538c8728db702a92ccac1947311bf429,1
b653ed2b66d7834c546ee0eb7ddcbda24619ad73d7846506463f849af0d3d7e2,8
b69a9081ba130ebf2cd8c366d2619352b246a87156c5d94d8ffbd5b820c257d7,8
b6ccbd044c84b79e5efaf2d91e3c53af288fe089aad1d93f582e4d4e75ad605b,8
b6ece936b88c0185d7e065f1f044352ea36cf08c08756c561287058ae63222ae,8
b72f0bf8d529020668e134ed95f2b1381afe37aa37395352a2d31f67556d6076,1
b769da1c8677f89612af9fd8bffcccb711d40fd12f693fcb235347ca4b92e045,8
b79680778fd473a35a285bb6778a7088283c5bce8f546f548074a38be2430a73,8
b96cdf3791646a241f95d01ab1e2a93ce852280c13d8f4ab5424b5774c915304,8
b9c5d4339809e0ad9a00d4d3dd26fdf44a32819a54abf846bb9b560d81391c25,6
ba0117d485cf3d65d88836cd2f4b593a71f176e6c0acf223b0c6e7ff3458e35a,6
bb63f8f65d35fd6afbdf21c2dfdea2863878f89a511f8a10ce2a59690e75f014,1
bc6027cdb205651c636bf2507bb3fc040692c5ae42db6810e0a9e89203630da4,8
bc9a24e51e74b0829cb12ecf8744c15f3c87c12e5c4d7d2a1e97c3eee7e71028,8
bd485cb3e03c5f1b27760f552b5395c579bd1f6181347ff5321860660d6886ca,1
be3b343df7a91c9b748a80432e2011db7a32c2bb5b5c8a4d53a24e0064d5d735,8
bedb148cdf27aeb07db48fce516bac97034261e0519d65b7d7edc807de8d36b1,8
bf107548fa88b4613f2a53bd8daff5785631a1b0f2be0996135a054cc9d1b009,6
bfef7f23682eabc9e43e8462f8a82445fb410e30fdb35907b88ab9c4520d5381,1
c0353834c2bd5c060a6e5040ade83e4baeec9334ce98597ee4a1585d9df18bdb,6
c0dd806853decfd6bb7bf1187615db58bea142a257647e37f87f536c6d903740,8
c0e1d8f6fb84fc6f2fe92eb9ec8d68aad66b1b4459fc3e6dc403b74ccff9854d,8
c0f3b757a258aca80cabfc39c13933001efadd019c0c769ceec5e700636d7806,8
c105e22430dddce4777d38f2bead256c3cce63b19f4b32dda07853715642507f,8
c1635840ed1a03c09361104e61933c78b2db6dffae5246b20263a366a15fc60b,8
c19b12c85219e9f27009329af8d5edac88540d9f0ae732241ba18bb36a2b6f96,1
c530f8e3899d9d594caafd065c7ceec17f2db1b70bd2cb5c3640241c38abbb40,1
c5446713cbaba17287065b962739dc0dda41324aa58b32ec27dc27faad206f2d,6
c5952d02322e840fc6cca09a4b0fc735ec248bf45ac07f666ee963591d379cfd,8
c5a41c129e0016dad5d7533dbf32a7226379bcb0108d02038f18ee9007f08384,8
c63a67aafbc121d2b5e190f1079c5432280c420f1ceb5d559c0505f4f0604213,6
c6e184765c429f8f2a18973791bf7da9b767f01b72b59a28bef30e825109f40c,6
c7ace8fb8f564623799366ae379f08273521077252b29f6553e1f1f887ce3a83,8
c7b7b081e032aeda2c9a04757f4a20e4146b523ab9cbd0804691dc415d3a374b,8
c8314648dd4c7601c1c214fe23ae07fc2c8a0708c4d3564183fd899682a9bd79,8
c89800fa3a84061f24161a51e846a71e0fbb83b8bfae4e6994c53acf37b1cc5d,8
c8b2cfd6d7d7df11f3ee31f937d2f12db5845c7c2fc161173706e5ab72d0be50,6
c9a2f8f172fcaf83baf868e652e7f9005a8336c88a0a4042921237cfd7517704,8
c9aa5e854f13ef7d7266f7d59e90b172fe8b84e9273f42aa9f7732be90cc8219,6
c9e6242087e15bcd7eafe5306146466bd8e2487938756fd71562e70fbe200ce5,8
ca63db08cc7466c9c898e4867e6904a91c7cbc8e25ab85de94ee5e2a47342e3e,8
cba4e7b060a6c565f61f522a95a9868d1456d7d2c4480928b37f18a7a8873649,7
cbb3a32e66c592b7160e46a6affba072d1fd22cc598136c372d7ea5435d80485,2
cbdd94b4df2d2964c721e8ee93b0411f4379625b1b741b5f2df3404c57fcf556,7
cbde13ba0821b6d6b3bb9ec50c738f4575ef2e5554d8f9e4a9cf055e29ac18f7,8
cbe2d663f658fcd5cf66fb65a789f753651cfe9519b55cd0f3922264874b236b,2
cc5c2f9fb0a4231b23031e6438a26c5dd7bdc0530b71c7ca8d8a90e73836e2eb,2
cc730bbbab623edc657584d0d5691879b207ad4af26b79b6fa6a046d5bc2a8b5,7
cc7c824e9cac4a36a4e737f615c26b6c4d49b6dcb5675a4e2828329784722caa,1
cc841dc1c5cd1222a70d09622844ab100005203968490586d90086aab42dab60,6
cd02d4960307e660365d2108ee81cbd457299dd0e830d6cc002e128c55ad9089,2
cd05f313ba1a8097323f38b2e60a6efedb2d650dbc6e8fb53b2bba51637493c1,7
cd1489e22c25e9137e64328a16254b954c935eab3a2e8ea0e5c8a43dd19ef173,7
cd14c334464d9f113848a43f4bb4698511cf37f21a9962c3baf224b7024db866,7
cd3b9c1ebdb60c710beb821c3054eaf6850a1f4152a2179580a831df1158ea90,8
cd407d8a72d0dcd5408e007c7d3e59886c2fb23243948f54364e55957f95efec,7
cd6ebe1e9d960d322bd8c131db10e9557a316b5a47fd88020f4d5a240ee34f5a,2
cdc1790b5014068ca4495fa385da703702275be8ccdfb5c28deb35bad53b27c3,7
cdc8763c364d82f2953280fc03e559b42ff869487bae999a2277e83f5f56013c,7
cdea1ad34391cee38a794187b58d6f31fa378169982d3eaad0929d87608eed5c,6
ce02ca92118d298798e39b7a2d392164be4e87e1768e3cafd7b9e704ee9c3101,7
ce12214482dd06da31e4fbb1561c1a002a621046ae337179c41b4fbec0df2e88,7
ce31176f0f72e21ed3d833cfa1f794723c2a3844611af185db0b52370e03f058,7
ce448f229b93e17189cfb5e516e970957c5a1ce32b5d9e45fe7505f7147927d3,7
ce7be19118d26f2919d6571ea3bda8fd55b48408b6a9c2a7a4ae0a7df541a105,8
ce969b850b68a00dbba8a8563a15c85c32da4211240466a4e586892747bcc09c,2
ce96a043ae7aa554e60686e89c8b0f58142a639125bb63ad15528c3c81d3f865,2
ced310e3e15ef30cafec15c0b013e97986e509c4eed56923a1f498cbb11e1001,2
cee16b6feb516a980491f1a9c54f7144ea122ba1b0b3b9af6e0a643f14eec78d,0
cf0485943965d53f68eabb5e4024935c3f7b59c9d68c0284a87dbfe0f08d893c,7
cf6bf215193024493740eec8a8fdbf0d247d31eadc323a3fa7e0d5676847ca40,7
cfc23b49404f293b9f077138f95ecdefa0cd285cfae4148d55d22b0cdf3eeb2e,0
cfdfbd1246e69bc37aa3b95783956dc8c39cea4211275b6adc7d56f3ece82b4e,0
cfead3fea3f911b5842a9a30bfebe384971d65d64280236460b6eff25e9846ab,0
d09892f1314fa131d05813208e16f43a599f946c9139a95ec7dc35e70247d074,2
d0aa382d98367983b4ee17ff17f17297b3dbc623718ebf3e845ed5bc6bcff5c4,8
d0f92d9a25e546c2903008ebe7ada3fe21d14338f8d6c988cbbb5a33a301dbaf,2
d12bc901bbce6e8e720ef53607f26813a7827d4669a243574bfeba1fa9e7e395,8
d1348ee495f5a61761eea9ae8b722cb9f49e0ad7bf6a9aab9895c36b5af44539,0
d150ca1afc22d38c31d4beb115e60f82634112652b553c4b97689dd2d2024119,7
d18ea41309948853e2dc3ed17916c9420f2408c6e186a65e83847fde8f5684ca,2
d193a460a9b5662f79644c6a09cb95a224ee7d7fbd440d39e2d0c3e10e1600c0,8
d1aa63b2e527856be1d54d0555b900917df23062949bfda1979f42fd767dbe44,8
d1ddcc18782f26af502b2c2bafce12ef62a4c37c26af2257550810624628591e,8
d1e5bbbd4ed77b86b3420aaa746cda0be74b2b12670cf90cc76ab81458674600,7
d1ee54eb64f31247f182fd62037e64cdb3876e1100bc24883192bf46bab42c86,7
d2129ef8f7df52528e3d3a5cc4422c7d82328271a9e3286fb9980d709ce8d96e,0
d2547a52a9cce458cfeef59f14c180376a1b24c30d037621ff1a19c5dceba240,0
d262aacf758fdddddd27b1a2eb768589304d9ab49954e5a8e912cb259c752f5a,7
d2932ea4885c24fb8e297cbd4f8352816bd7ad1dca65e09ca60413501798232d,0
d2c1c65f99fa7d4019485213717f32df2e9b9fbe70367c81485040735fb3a201,7
d2fd52caccf913d9a5537884fa8ea22cb901d8f8ea85df8a2918a838850131d6,0
d2fff291a74487dde0da163ea70f368ec26190e1865ac5daf67164b51d99c57e,3
d32691aefe8f006c6a93337e808c5def59806a740893216011750e98e5af8eb3,3
d328e94d8c4b96d9eaa565ade22bdcf0f3de4f3ecde749b9fafe0cebb99fdf5f,7
d3485a24686ba5dcc82c73b7de52bf8c0242b328ab73ce8c26b5da60701973f1,2
d351b93d5e25b7eb976b3af10a36acd4bc986c18a92a6a931f5db08e5942aef1,2
d35876f16f3f527c6a3c83704311b3eaa80fb7dfba90a2547117b9ade5df8275,0
d36b7b01b8f53f7c23e9339c8474f9b9c31bb1e44e27b15eefcbaf40ffb9b3ce,8
d36c5c978832aeeba2bdf5f982b2aa2129b9f9e1262d759a25683b78bbf7a8e2,0
d36e889563352497e54a29cd85c22a96afb8e340f551560d12da0a338e2afe12,7
d3802255fdb157f342c0d1953b9e7f9cec69c82810ba26ba109b44dee2293740,8
d3ce359e70d704f78f94a99b19ec4f627473b31c092a562b13647fdaa70a0a47,0
d40707357d1c7d960277a9bc277cfa54aaaf640ed3b5ba2c00e2d564e5f7fde7,3
d41e7d968f60dcd5d5fa9b1ebb2eade0dd8d8bf60e3c400d9e0e98f5a0479fc1,8
d41f6be7d829d92faeaf815b31620e6a18e55d58811b6b604dfc0593e8c9dc91,8
d461d8205d78bcae93bb9adcb24b20b980b433ea422034b261f029a818940cc8,2
d4714fe8820e9ca75040f9ff917b3fa18bd96c8b686c816f35753007c0a9c607,8
d49eab60d781e57960c7c7cf2d7dd3c749f3f7440ca78ce3b897795a135eaa37,3
d4e85f9dd792519525b14dd2b676c84afd9d57416ab6ec29e380aeaa4ce5b858,1
d53b50609c60b5fa0214054584f5655e15b82c8be08e33f61fb2bbbebd4dd284,7
d54f7a00d5b80950835a484d7813129f662af67f89a9d1f77339b63c7ca65044,3
d558367fed1cf7c23884e3852dd358ed449bd0a33d961fe7d5463f8e1eda6de6,6
d55dc047fb7941d8bd692ec9387d74f2bbaf18faffc857c73a18457b542fe947,2
d573afd9c703305f3c9caa24dceca956b70020eaedcf1c553725c8011fcd066e,1
d5b3b065eaae8708414016a13e1275df60666c9525e2ecbc29782c6e8c0b1097,2
d5c54d44fcda3fc83c549f5f870c3f0e39c73b187fd68f1de3f53ea17a473fc4,8
d5d365b80efc250cef92c051186527785be965e0b2c3dcfe7fc8597135e4a46e,3
d5e726071bc392ca4d4e665a76e8f7b3cb1e10f147b121a31222b153124e67a4,0
d5ee304f6d53f12b1b3dd3b456fffda2bbdcd6ca474e59456f5b8e1701e1dd84,0
d5ef64310743dada1e54d23139f44e58a1e4a90632d65552463ec726f1b3a304,2
d5f2721bc37d7142be2c5ea161658bd90fcf67771b5d0ceee12fc7f9d488861a,0
d618142050b7e65732faca9b0f7477a628c9127ac854b41aa48c6ab0d268626e,7
d651626e74db5317292ed82781b77efcc323c5d97a3fb774108d7a69faba6d40,0
d6c83a7ecab1927ab2ab152704484fcb9ae2bca675539d1fd634363243428446,3
d6cbf877fd7b740524e37c91e6e315593300b6ae5f46a8f82360d99f48ef03f7,2
d6ddaa4db561a847a1606702dc981cecd063996c92c8c1c5cf1332085d20b9eb,2
d6e8de14d6a78c968d81e7e22868882fa43331f8a3d5dbe4fcdfb4e9e69e0ef4,7
d704eb4d64db75ddab2279992d13aec1bee9677373d2aa1edf397478a6e3a3b8,0
d72dde7036f301bb4d34b24ba75ba94157a6da9befdaad47e857955dc27da181,8
d75b3ebdea545e46e5ffffac3c94969123f15147d90a584c3285b6644d0a9698,0
d76b396a16ad55ec2288946cb091f69a730b246d3e398ebe7f68a96827276729,8
d78197f91de843cae38d50143732df859a246dfa93f4021e42224d08fca01aa4,0
d797d517837e0e5c3d7e8820e4f624c0d9725bc229ce686d4de44474b699565d,7
d7ac87a793e164bff280bdbfdd31df1849b11345c01dd1c32c2a6119355ec485,3
d7b76e701a75f3d458ef038f3dc494f58f24397107f0154879a5151e27aa40aa,7
d7c1214b3bf00724e057ed259f300546495991457823a88988f8095a52c94e8c,2
d7cb1dc5b479859d0730113dcdcc3689e3054d533aee9244339b0ca4837e031f,8
d7d8e4d5a3d4e5bd9a0c5cc62443b6dd1e76338ce227939053711990ef3d2914,3
d7e7ac67d32bf8bba02d3eff50ab5c0a70c28b2001ade618781851c0d34cb992,3
d7e7e44bc1ac874315638a3adece1b184d947ff825cf0668217aafacdf533a26,6
d7ef4e97a2c7d9f7f5f6000faf0c610de1d7099af2172dada25500deb84649fe,3
d7fde82810d40974803985bc932d89f50356690b5f35999e020f0d3ae17a6e23,3
d8070c986f6f3e12b07eaf99832864ae98609c7431c4979f9ffb64147bc6ac83,7
d817fe563f6a55450d2bef94ec4ee8982d0359e0de26b21ed917488939e82535,7
d826ab815b3086fd3f3e607af026d7fd0800ac3d9d4c88a3df6232e63db548a8,0
d858d705be8f772cc7a46b662ae02c744596bd7e44737feb080abc15bb1f1a41,2
d8a115925035efb400ef69f53960c43bf1b790d96e38b4901897e98acd34b8f9,6
d8a1cebb58663c8260e11fa0836cbea1912f06fffc240540369ac8956c64bfdc,3
d90f3175ffc3c0313a1f7bbfcd7b78e95aaf7d732272fd14e5d66e7e62fc5db9,2
d919a480590f942f2a199d56d76158bd1b5e552e937f8f82512045f3f8066b42,2
d935fe41f431485e18cb2809efafdd248227482c7ee7c2b9136d5f7890315c9d,3
d97f00735bc5d04ab8fcb1d253b8832417bd94fe1d4a2e812504de77fe15d20e,3
d98e39ed27fcc730046ad2b01a9bec5e8f39182dc27c79cae630998a1035e942,0
d98f279b73a5e9caeaf8ea979476eff995f66cc317c605e9ed4dcc29bee86c38,8
d99d090f2bbf0e3b4abfe08e65910a227781555e75bc8dc361a09a630fba9070,0
d9a0df4db9617aed33d8ee585e0fd471b12b905122e01781d049ac029abb04b9,3
d9af358e9ab3b1c2d04873053d2239b39bb0963d6b25670e309daf985fc3aee8,1
d9e822db9ca80827cd522fd2b2f13dd439078b0e852c7a25dcd1b3ef8634df34,7
d9f65c55c46342b1283c7c3a516953cf592da3751fed92a7025c7c85c78aced4,7
d9fa59c9db2c32a984d038e1c6627e1accc72309b4ee6b12f278014c36396a8e,3
d9fdd77a4b0140fc79684cd1dabccf2674b5c219e56ce13305cff04f1b571341,2
da3240312af48a92842265acb003983822b5e2bc1549e3247e4683f9d5175c70,1
da37ba95306b2a2615ee08452a953e0afc39fe67bb602266cc9c4fa077dcaef0,0
da506872618575544c175e05e849d34233005f48b609919bb7b6967cfa32dce6,0
da5b9625bae0e0a5827489a7221388f5ae648a386930296d6519e722a18b6907,3
da77b2d50b41eb0ab08028a829fe1e0a07d4fab3290b249a9388e350ad0cd3be,3
dab0c2947586012d64fba9a8b766065b99e542e574931f48bcd2fa8c52bc396c,3
dabccdf25e6bdf32d8bb15f93120bbcdcb574dfe276cedd03c6a6ed3a81dcfcb,2
dae236950e166772778bae46fa457540bf8523027ad686ab5142b4113cb750d2,0
daff92778cbd889ed19d4f97c327883f1b03d046b912671e595aafdfd7b3fcc3,3
db32d7a77b388bfb6da23d9f4ebb87509703f4ce7ce8097223792eae042bf538,0
db4667c980fa8366c5751a5a732edd8dcaac507f59189b4bd577656ed1780f00,0
db9e3e7c541cfb7665f87bd73f7b8194a38480792fce3ff42cfc4743195fdd97,2
db9f0f9a2f0511e7d0cf58cc6fea0b6820f9516e61fc8b8c0790121521559e0b,2
db9ffcbac2d1a92260f56433ea1438e6985465777698cf7708abbe3f8ff9c788,2
dbba70a35eb79f5281f23ee99de6ab5cba79d8f39030fa9631c74b2012d0ee3b,7
dc047c8d1e6183ce3d836acf9ca6f792173448d4a90313fa05f7639a5ae5f9e2,7
dc1b6a40bb975124230fad908a97601440523632b945a7399001ff8231b7721b,0
dc3627226bfadcc1585aa720747361791bdf9a650f96ea91c92c0dbce7099348,3
dc3ec3e8f04d99bb92667d0ddddc850908ce3e382b5fb9a078ff15e79c62e645,1
dc678e1d42322a2f65d72edd0d32edd82fcb06895e0dc9ad3fe2fef34e0a8e0f,0
dc9276fc91f17268e5ab55cb9e707038ef1fdb602caf3c40b7a00156e555bda6,0
dc93f1eaccd985ac964ff25cef28e0a6a5fb9090e8ac5b2554f82ac817ed9055,3
dca1fbe62ce82874989278a3776c065328e6314d2749c71d26bf16fbcbdc0707,0
dcaed2c326c4a91d8564a539f629d03289e0f2a3e1e24978dbd38da5ee5327d8,8
dcb4152e54cfa7f222e53a980a16c887e6061bb448ae00c3e6163c14cc6ad747,2
dccc697f7ff5a2db746239ea2a56ac40c049cfd6e3aa0af5b2d4ef84468d4942,0
dcde2a4320a0fbb5a8e434154e272516e9bdc9eeef5b34194d80ad59ca3a4372,0
dce2d275b4ccc76f6aa97b1da0a1f932e3d8000fe32442323bf9d9409c7e12ab,3
dce72013466275f245c6293f85402e1278cdc761e04bdcf9b38ec5877335ab2a,6
dd04d185a833e57443bc7f4d96dd5f8fdafada46c87fb4414c08c7c9413f8e21,0
dd1b01740c9a22d38336c135638dae99f7461c69b638aa55643ed691647b68a4,0
dd2b3504fd41334eea18030c86828490eeb6581b588f7bbe9730da71afade2c9,2
dd6f3067d151f09bb4a2f5a124e267761d20c470a388a33563b8fda2f6ec04da,7
dd991b1e5bb2aabb1a9b788abc4a3872ce278b0fe585daa2871ec4bc0d7f6647,0
ddd96124b427885470cab0c125117c3d349af99e279053ce92f7f510fbd3d04f,7
dddcb9e150bb2d849824e1515dcd92adf90b67be8b8c34dbb4435561cfe71788,3
dde146cd502212b6ee0fa6f7bac169ade22efae02a29c0a2faada48eaecbac84,7
ddea38f30f0df0201dae170652e2d5517c6499c6fff634ba6cb59e61af9368a6,2
ddff70c1b80dee50c2ceef6a158a1d9407912c860ea159aaf63cb67d2d548944,2
de0cd13fb3f4df03cfb2e36f5a6d0615665f20797dcb6bdf03a00f82a696ad7e,3
de374c28c45a3453a7d5a4907cfc2de92568c949419776094d8e317a09622c3a,3
de625e168174665d8e0d506ea8b0c3d9ae273a986c0ae186a81472d0a6e2ad17,0
de626f47d496ba9449d9afc7cc0b4e358dd3cb963bd2d5c0810a6cfbc7a3428c,2
de73a666d3b9de70e3bea058bbf842e54eecce0809da6a119b7a73b5ebfb27e8,0
de7d251b27200004b07357e8345596b5c5c7f369425a39d6e23ee38c55eb776d,2
deb29d8668c934258a4b2ecf16e764fe39f01da3f107da10f53206478d9927f9,7
dec892c6a17c541df483815c411ce0746a2341fcb595012f1f09824f2dfc7745,7
dedc76184edaf70c55f69a9b92676c63495452b95cea4a54ba5cf5ef7858ad71,4
def29866b445d2121973a566840c27463be44f88d2a31021db36d507d5dd0db3,0
df08ef225678185d55b41f6735fe5067feafc1787da95ddf5b760f773e6d73b0,0
df249f461248e1295220085b14c523b577d9a89da05ef8e6832b9c3c44a11889,4
df334036fa34835774d9b34307dee973c42a6e2b6001942ce49d8de458ff3194,8
df4f5d23843dd6ead8dc2e78767d85af0b7d3808e586c75eebed5f4baaf96c11,2
df5addc7f57be6bc58dc7f2658f1fabe3eb2a350892171b0559272ec811c910b,2
df641878edd2dc56fafe28a34a2bc99e9f3f8f59a6cfece50b6f961e034d4f02,7
df6af2f0ca9a970e9982555b47c9eebd6f1fcbf22cab3eddd645bf00ac32476e,7
df8526d77cd985806c5a610817ca77dcf3fd72f3a0ab6446cb0234a57e94db09,0
df865de782286cfc6004f18702c879c5bae9592638a59c00db994e8328360d14,8
df8ba92836991e6d72f8cf78f0be57bd9779664b532899a9d425a481ab9ad9a2,7
df9b41e0cc272cfa8aa021c12ee68608ba215ee81444d2a6c2e79886ef708794,8
dfde61502a3543d4c70bae35655aeb4d7e6334f0a7925cf7117aa3fa4a2285f0,2
dfecbb94449b15086302c9b8829197c4ef7737e4c0b98b9c633ed14b32419016,5
e00dbc5422596343a3afba0ba5067810e94449622083cb52c382b85c6b442f93,8
e01fbe3c630537b8a09df37c55eb5884e397136c2e4b4056c47a5a8e212280e6,8
e01ff0bcb5716d80d857ba42fdb94a61bacc9601fa0bd3ff33e1cd580c3ce05f,0
e02319f60a51f4c6d43b11083b5ac0bb53cb37716f332e5322a6b6272f77866a,2
e039096940dd38b259c7df338240cb13ec6db181f168210ac69d317d42f15f79,5
e04abc40d755c0cd091136d07f3c271bc8ead99522c59e8bc1f40b39de21bd35,8
e05fa253fb5f1dec0cfab4734a3c2a5dd3f66bd75bb47b1e1392531cae0cd442,2
e05fedbc30b9f9ff0efdc4f0d8802028960fd8c0a35f394e4b8b8f9c3e380345,0
e07e4f87d444c9329555562e51256ff91afc1274063e6947cbdcbe0b4aa4e72d,7
e0a4cc5456c0ee42d97e8d11b406a09cd5481e6959cd253cadb0168349539509,0
e0adac5f78d1c070865fa2b27715e405222174bcc862e86e776640052d35faf8,3
e0ae10264a2dc378abc2ffe6536efa7a69f9fcb66ea8aaa993524bc9e713c257,5
e0ce956f366208d2becc10da5e033d24c48507a733a7be96d2c2a6a51a5e20f3,5
e0e74ea5eb6cf889f55b95b0423ebc2d7c520ffe79feb11e579b0735dd661dcc,3
e0f0e346420f22225d4ba4afe612ed6e0da76d597375b2ed2ae6e5cec32c136f,0
e1020dd7e48fc8122ae6b01053314ce9feeadf4e5346eaaf22fac8986deda2fc,4
e10d7e178cdd86236485a0f5094b90d4eb0cca5fe27867b5b83a80343dda40b9,7
e116355f3fad40f56c03dde49f75ba7c80ca7211aca672abf6e07bcb04f50947,0
e13a0fa63e8e625b350abf2e239e70040ff80e8ff34c258abb876e8e263a0559,5
e1462cc7fd55f2e43ae64f44a33e419d06ac1bec970eb039febf4869e717ea01,7
e14dd7c342a5a822bc6729f33c7a37ebc9eecee5afef507f3ae0c5efa790bea4,7
e15a260d9b2e61f4eb15f01b73932bb80caa1f11f0c050e7998f0721210e7917,5
e175a9a195ada8edd482e945247426a28c77714e4c7d2ced56f3b26366bc413f,0
e196045a515d0caafa1cc8dadf526539d50603b8063f879e324e076bd54579c3,6
e1caa1eeaa5634a6df7ddc80a5abee7f772e9029203b022eca4934736baac3bf,3
e1cd461154db0906388158927c23dbd323fbbedaa90372bf03cafad0ffa1369d,5
e1cde1517351ff3fe04ab680d9ff893d24c631587e007e8789ffbcb0e964cd02,2
e1d3e5238141c9774081f888204186186eaf42874f98b7889e27fc4c9ceb8c58,2
e1d82a481d9f0d7eb6455f5a9c247c70f26e361ed8d390e541619f63ebfe86e4,3
e1e98baf4777bfc1f1819c434f01be6db2e1ffa27599bf3e7053f8f235d71a41,7
e1eae4e53aff2052c6c6eb60262444f2d3e84720565215540ae6fae74afe9d63,2
e1fbbb7369974ec1f0195461535bf4ff1be5af0036f361e48793e0c71e7146b2,7
e1fd145d5c0bdf6634eff752b913e9e4e59f30df488664731d48c6cbbf304f17,0
e202af1fafce94ca4834ba76896ae5ef7ee2fc20cdc0871eb49780be5a78f4b5,4
e234c93c686713952ac06a686671ca8c90973f1d0d5460e102c3c4806680c989,0
e237cefa1806ff79bf058d950d56b3975ebea5e5297f0045a0b7e474413bf3da,5
e2486f25386a92f7d9c66c4fc18b2cb122f9d88ca20228eb87bb6779fa71222d,8
e26affe109f0d003e5847259e40a479cc0eb67647233f4a6f4f32704ffa5cdc1,0
e27f2515cf4db98a5f301cee4ba3af6979a0de608289a7aeba4fdf3d4245063d,2
e297b7bdae4c95cb84410d9c02015b6ad7da80e14ead49643fda25015c7f2858,4
e2adc354d4f0201c3eb1bb5bc83cf4fe49d52d2d68c2b63300db6324e0a5ebfa,4
e2d649818e1ef47c4b64e35be25a071dded0ce7d3a9ecf12a2b5fd3f010a4268,8
e2e304f03659ad902e641049d1153ef535c03914612078ce90b5d10546c501e5,5
e2ffd030cdac3d14859e35bfd4af600fe2271f5b77db353d3e17380b115b5e38,3
e323eeaa4bb4a7a81b0518048dc42780c7f9fd6b773bc6b60e1d2aa18f245fb6,7
e34ef13d75908c5fefee3e4177298490bc813e02fe12b97c42fa8b98d6bab2aa,8
e36aa7ec10e1345661a04c2b3f2bbabd8616324e3a8181bfa1842a409727bbb5,4
e3773055745d963d711ad8230271c336f47fd6eb661f115e2ae10e97babb9943,5
e386cb713c644fab01d225659a0bfa234da1721a7903935f21c595c2d8c88812,5
e39f714768e255ff59421bba1d0c19b88006c5cafb219147fb6c62ecba0c539e,8
e3aa75420f20ddbae3b596cc68bc4d5f4cd3f52d8fa0a9a1e6e042098c1f0f4a,8
e3b9f9d2ea9e281521fb7914b3c1c6d149dc5316d806cd04c5ba9179632e442c,8
e3ecac950f305354328d71fd58221e1dbca389824cb7845c0142a20fb04d573c,5
e41ccc00d0bf882b5a40f06ef2b111d1ca8b0ebe66c42608561ac993647e3f1c,8
e449028df76f6bd6a3a674cf94d48f0db17ad96d185fcf7953ace1c4a4001ee0,2
e4501cf26cda138b7fe5597566d171a3d043f0b4fabb7ead585d8b456b2bea9a,5
e4554c8ca6f934b553e4a5e52742852414b6d4e88ae3f4057c32049e6fc7d5ef,4
e460339a75cebacd796357b5c411c9f715217fd8e38cda60d5d58c9c0f103625,4
e465cdd7957e1dca3e9e2ed3e8ab961e94c66b8120396d00634fd2262f0664ef,2
e475fc0040459c9d8a99bbf2354c694ae560983fb9283694adb64341893dcdb0,7
e49111c3bf53c7de58c222ddc92522bcce7b3c7004ac6eff079a258fc6b9ad7b,5
e4d5d5b7948474d357d7eeff27501503369d512ee47e74a15acb17083c8e45ae,7
e4f0230d37f3ed45b3cbee4074b248db6adc875e0c9d831dc885bf7eb02131fe,0
e4f2191a99a8257e2f9f3c5b69a37f532edef0afc24903d521fa5edafd2b5e45,2
e4fab1a4d041ca151b38955c55fcd000c1272866d2f03b8ddc77ea870ad37dae,5
e4fe4c7ccb8c45fbade0e3fa098e9e5b2166d46b5990cbfd20ce7a33e77abdc4,4
e5156dca15dcd4acedddba35e9012129e9213d67c19e602b013d1726b0b32336,4
e5194d54ddfd729afaf20ec4dfe50e6dffb36b57deccafbd42d4e13328bd4452,4
e51b2b4869567980ce424a11a3d8305b9bbe5141f2e95fc99d8940b360bb639e,4
e51bab4cabd2ff9965a4eaf0c6926ed3c4d8787dff2d2a3dd1c497ff0879afb7,7
e51fa4ce70c0c13501fd65f551dfdab76940dfaa891f5259e3a5fa26d8bd3124,2
e5255d22b8bd19ccbc0d42476f46544bdb7c83b9b17e4a60dba56c2af6a8745a,0
e5360ba758982f0885f607fdff4e114b81e19b1db45c1c1a8df2fa89fc1c91ca,8
e53b6bd09bcd6f0a5e0b564ca538d1cbdfbea1934f0074c7c4f3fae49a8c1086,4
e54dc4fbdb4b6efc855539069fd4596fd8806098f65aab38297f5bb59c4b5ad0,5
e55ba240e7c5ba25017b29f849622c9386472d2455dc16b4959f049ea6f6244e,4
e56b14ce9dc419eacb2bbbde000622414d68386bdb0dfe35793a32fca99efa7b,5
e56d460191e3f731de8ffb601429b59fa17b8fe9317cbaedd48f01038f7ed07a,4
e57a82b090bd0580bcfe41584c7906ad317cef9714caf396b92047160f513f74,4
e58486ac3f2653f6ab3fe6c21e1bd839992d116af6aa101a6efb01c9de5d4080,3
e59d6b542ccb2873563ed6307399602b16b4e6f5e544b10f2942fd73a85da736,2
e59e3fc297d8147359ceca8b9dbaf86d181d371106d873171deca57c89d429ec,4
e5a11905a16201d36e68bf3b407b0ed2cb1b13f973825c1a5dfa67b4983ad610,2
e5abf3a08d91e97db3f37c9066dbd6e153e4373d3daa9d872a9f132aec7d5c98,3
e5aeb20e76abd7800634a311d30b8a84c8becdbb9bbabf38641efe17cc1c162b,2
e5cd781c3f81d5031d8dbdc6382f08199fb4d83bc3441c03bedac10e1e625fb7,3
e5d06f3957f49c10040ba5c381572b4cdc6ffbfab26947e4a7b4ebafb336a297,5
e5ef3846241d54186e5c67d7cd89895d9fe82e828736458343cb19f0cd273cda,4
e5fa5da24e22192822131f2b121ff41c7a6cc1d3e4cf87722954b71272a5fd0b,8
e600aba48aa4a65143faa93174a220c0d1a8ef5aec56e06fa8a8e6a4abab2e11,4
e63096b9c1f72bc4ad15ebc707edffdeda681e453cddc6567b5f1faaafbea39b,0
e6314847953770475e76cfdb06587923edcf14a4b3c959631910546da6c0a3a6,0
e63a6154eef7adec7e01d7a289dfe1764210c6bd65bc390b4e572788885aea12,0
e6431763e3b263b5c34234e74661ea5bc9c3026bff91e1317d2fa82d2f2bc336,0
e64aade29a31cd6f59ac31340f36d65fe0f9c808cb2bc2815c333133432f35c9,2
e653935b6b9e7dd88dd7297e51e06532e4faaa336342d7fc45642659db1f3e81,5
e674a28ba9897653cfc9af7aff2945a35fb03625be70d83ce875defb53f20560,3
e6844f2f009940c8592987c24e770cbc91b3832c2d125447e376c997e44a80de,7
e691b5f9a4bf72f3d96a0cc831814c79be450a4d683a4f420ec2d8af26fe2bd7,2
e6a463b9f12d53f2e08b94b662e83930982b21478294a9c29674006a9e7434f9,5
e6ba187be536e1ccb3d196dcc3aafa505fe59e45bed34838b585bab222e22e4d,7
e6bf40a310b0d180dc7476a5aef85cfd4ebf9779b96d37f02afa8d12fd04b173,5
e6db4665c65a6fab3e447117cd3b8650394a4961861632dc3243b921e00b3688,7
e6dcf84504dd7c76bb81d68b6911ede7e09a745b4824ac59304b7d8ff200f424,4
e6e08f7b80f09b93bc0644b4649bc178bd38ff27bb5c5c1aedd184d12d9958d4,4
e6ef8c8dfe40e30f4e048dd959cda15f19fb82c56c2b83efa463f00c90a9365a,3
e6f05ae1599183af0107eb4dca233f2431af1fabaade27b106a5bdf5222b6124,5
e6f7b786b201c5440af6e5455902c9de59dd4f6332074c780c69e5c7eabf9c6d,8
e6fc02895b827ce38cc03a3c53f46757438ad4c206dd89602029f77733250014,0
e6ff371ff33759439566ad6922a262f2488e56ce6489366e52faaaf35af7de6e,2
e70891bb08e7d0144d479bcb050b4fb43b2e9c27dc1adf1a79faff0c88339d9e,0
e7149640a4607090f4a9eb47fbb3dde04e59fb3991e943cb78ad09de2a1dd223,4
e7270db6c6803469581cc92cfd2a810f90474e19216afdc3c50830b7ced7df49,5
e741b51a742cde8abe9fe17b4a2106438c587ea627fadd4e214cf7fd27495049,3
e741ca22c865c5ba558f6ddfff8d41225c9de39b969bd61cf173ffb31bda192b,4
e77345c292990e64691ffbf4401f778e5c0206f8569695e1da1262e3e7344ffc,8
e77702dbcfabfbb2920a139105087879552efd9c81704c6c873560b9419cd490,7
e78b833ce157bd33fa4a55022763240db3b84b978ebca5efa58dc8f37a0143c8,7
e7b669af52c629041a9f40b41df9f8e7bd99290584b6d59c6c072ae66ef55679,7
e7c55e4817d6afcf3a273c2f590f29d06ddeec04a66e46aa4ff53a10c06efadd,7
e7c58cf109277c3d28c8c3856bc36bd5fd0e39eadfef05303724da23fe3f46e2,1
e7d4dd53bbbb3c9bdaad00230dbab73ff111c2d35170a33513939be72b666e65,5
e7d6f98f41df8069b4706e18e175d9ee52b3087c176d733836f3e68a9d671a4a,4
e7d7904ab8b500f057fd153f83ad03bd213b7693f771fea97772452c7aa8ead3,3
e802c0adfda604da419014c551c7bf5510b09cce143e06751af0e2e17c3e056a,7
e81053fb23a71ca9ebcf9266e09ffcb604aee7097b08bb9fe8ee9dc026dae972,3
e817275e894b2b29af4e3344c8b6c06f8f487ed3a9d95658690a67129923256b,3
e82d36c14030e2bb60bd10e944a2c32c3e7cd25338a7fc8ed4836e8438fbc785,4
e8393e338595693a27c09beaa282ae59ce2b126bec1f32b4ab22e2f68fa217dd,5
e850e58e2ec7345115992a78c0f776f28514169ef2f9fe621efa2940c71c7251,3
e8570f8e8edae03a3c9558eb9380b008aa7fbf00f8e062f9bf26ef47f2f0acff,0
e8573489bc1fdc2e5be124ae3dec1a31a8dd1a3888e7c33e9753ad791b360ecd,0
e861daf87adbcc6e76dcefeee71d683e0539923a0c75b5529cc7dfc3330157cf,4
e87e135abc7e354f5407bbd373d57b906303ee6d414984616ab8ec75315c2a1c,0
e8809316e2dce2264c05e640a5980c9abed1222b79dd668f8eea9504b624c40a,2
e887542133b04c11b840f31b9963ce3c79e98c4c8e27275983fa1fbe18c0c30f,5
e88afa7f401d7d11d7b9ab6f84ae45ca73af92ea85a77dfdd70d132eedc3153e,2
e88e3b8aabbfcc13cfc3c07383a4fb562422a3e2285d58170c6b40fd28504f1a,2
e89343d5e48db450e11a18f0b0be14e2806e19d001f1bb8c71a5d95841adb0b0,5
e8a7266305b708e5a1d60011326b7fce8e3edd70caa0acc113e7f674314ca8eb,3
e8aed05eb4287bc4e0eb82ed8028e67c18d07d382be1e94f4934a1f0d205985d,3
e8b0fbbd2d6d4dc35837a15fc72283f2190cee25de067a0fdd2271b69dad9fd4,7
e8cc58a4c82d948f71d985206a365fd8ebe81e2bfc27a519ee4fe676f1d07210,1
e8d47afeb771f1be991696e6921200727f115c578bfe741c711da74137a6188a,4
e8e2f187c20426634b2ab60ca294190474b1ea3d65eb969b0b80578c014887a2,5
e8f918d3a8077a4e8a77312808bc509fc51ed55de13ad92f8e2f99b87440dd17,8
e908025580fdb437b3dee9478363caab568d999545d17ac61d21cbdfe7f8435a,2
e91dadfecf3ea54756c628481ae1587330263d86365b207c781f0764e343c9f1,5
e928460fc3be53084f06d01ce47dedcd69c6e0b240585cb4c34a8b9265714fdf,7
e92886c98f1f5fe8a418cff354e7b94d26862e7c78e7d5fd24de964da8489266,4
e92f5b77460097a806f3ca58440f0861d20cc2e8e5692e11442468b8c051ddf5,5
e9419be41b91f1481095596cf78d64ec865c27cf45bf43e7c82d7c799be236b1,5
e943629e2b70777600efd639a5a10c5c577f492cff895a4e974c082ef6201cfc,6
e94cc7d4f09196887495cdd0564fa4030873d17a1fe684df9b2d4a16e4c50475,3
e94fd686aef2a9653e66d103a8fafd598701b285405a004a6d3fe0bbb8eb8583,2
e95efd8bca7eaec79002b5e42854c4788d77c7459143e8208cc09a09c491c083,8
e97614c97a8177db2223f8d3399e6d6630412a4a199ff578f58df1d1c9299dba,5
e9849f3ef5897fb1a2eebb594376583b247b0ef308b1cf619067d8290d83c2be,5
e99973f812b9764a2bd4cf1c04e38100a2eb35abf5ba6a9971a555af94100ea3,7
e9b3d086073f0cbc0842e0c1d531e526d19a2a78d88149a836ca17d3961ac865,5
e9be089a5fda94b5c0aa6eca70b5f5cd10644ce3fe09d3b231b29a9d98c367e2,0
e9c772c65e15a8119175608c7b57da9836766b1fbb5943dc1c2467bb2a734124,0
e9ed679f9e480e8bbcb267afb916381c11bb860133b778a1f41292d13ec9320c,0
ea005f316facb3a280db08b279e3eb1a96b67523681403ca20e7a76531492f51,4
ea01b903ed5d19b7adc6feeda735ed00a8d6af8ffd3abdcd670557c82e5ac5de,7
ea0c6cc3583a5dfdc5b011b3a74cf9aac76e72d6169399bb59aff5e89b9b11ee,5
ea37fccb320797386c6dcb0db2685a452d767a9990995aa38b5a83acccadc6d2,5
ea43f5848e1e2d286ce788104162d035d99b227d07c63e294fce47c6f71da370,4
ea6d87dfae32db865088adfbe6dbc2e15d7a3da9532be3edae37d5b69254886e,0
ea81274c97dad432f6dca97cc55d296be604a097679212e3a6473e03448becd6,5
ea857691e3ce9187f1da257cb4a73d4abaad2616f93fbb1ae4510912ab6d3e17,4
ea85f2337db35abd0f0889ce92499f49f12c71c9884ce94a1e1f8e779f9b36b8,7
ea87883ae8fccefc072aafc60aee31d793cdc023c5fc0d659681d647b4d7be14,0
ea9020f7ff4d34639f16e258bd54c8056b4d56c8c4785de43052645e603d6991,4
ea95fe9c6d2e0b2cad243cf6caa6d4fb89edaf5299b85f25ed7064ab81b79e72,5
ea972cc849df5db9a18d1db6b6359cc364aa87327b2967be9f16a539e839aa88,5
eaa964239a983ca62caf74af3230dcb32337c6bb972805f532e04a056262a034,4
eac02aee349fc079210b498ef869bc8e499c6d8a9beb40e73798dd87c3b3017c,2
eac545fcfac98f670d0e3850fd149a69a9e359183d5fae5ee70924810b156a63,1
eae0d7a86bd076b835a2425417a9d74a2fc108991ab0f8ada7e12ba607ff7b79,0
eb39d875da4cde6d7a4c92e3e6cb71ef6a28e7083c0df0457ba7ff93c39f49b9,7
eb4220af6b206623a71f199deaf03a9258b5c4b9570004616bd2674c9a5b8eb0,3
eb4b1357aa3856040231fc8771259a58b4f66fe7ea3548e66e53161e9f8b3973,7
eb52515fb27210ad0159b3a215bf0144174c12324bfa10d4dc723f5d7e4f727d,2
eb5471f1d581cc9f4266ea97f420d4443e4d92d2b3afad4921cfa9219d230bd7,8
eb6012dd1eb9879a4e86062438d24f4810cbc85f44604b5e8a62072162cce532,0
eb7130a5040b63956cd00ce7734271773533d341796b3b2915f3b6ee4e5e047b,4
eb7a623242af1c6e05e4c6d9989248b063c9d3891a8c2fca5a22872ba916a5a3,0
eb84b50a9af8615f6e9f30d3159e38543bc132860a18183472711aaaaa404d86,8
ebb746b4a8ba3993701d178fc28e6c39bce8b220d6eb7f8d333a2db36f9e3baa,4
ebc112aef7b06725b83a59350f228956fa46cb901306eca580fb2516c6b0d128,0
ebd653c4b49d3b2bf1c1db5203ba52c3e75a37d443a97402ab5ab6056634112e,2
ebdadb78a5f9c06770b59a3857bf93c1e306f43580b5c30e8d85c6fbbca3ebe1,8
ebef462e74f153cd1b90b671c2b73f45d8209d7204d890e7a7fa64ef7fb771e1,7
ebfe6582c23fbdcca4db484a83ccd91e6c155d27932bf5071dc53017fa6ed5c1,2
ebfee2528ee0e2fec494bcfc1da5b152e0ae1a0c668fc7c15d98650e06019839,2
ec03c9ee9564e11d679788eded9f08f8a98d6ba9dabcafaf42c70b13dff9b4c3,8
ec0aa544c4d3ba765158d515dbf56c9b9c049fd20d2efd775091dad5ef01a2d3,1
ec32df8b6b907dd1677d4635e6150352c5d109cc4d5b7c6a04b8ef3786be704a,7
ec4b5b89f4b802f86fd00cd14b3c3edb2654e1d9b78fe15970c690fd05a538c6,9
ec546576816f51f9f8f5b7ce01ed89f55ec423827e32e318877bfc167b2e495d,3
ec584d62f8878ded39b0ca5256ea0cc2b21db14791b11b4aa4acc09403a45a90,2
ec68de6e0f49fb6ae8d3736ca0393eee725f87947b82a95baf26167f62d50a4d,9
ec6908a9521b4aff4855ef8f4ec0530f3dc42aadbceaa3f37b2dc2d6fea9b1ca,9
ec6ffee4cda73ac2c7107984db56ca2637967c56012eff42361e046f619b47ee,1
ec79bc73b6d757a26c51c57bf91e027caa8cdf602ff5d862ed5e62389bdbee1a,1
ec834ab0ac1bd628f6d5607dda7f282879ddbf3f043b84e18374cd49aa4a248e,9
ec9a579001c4797d831200f3f1f88b6620d5962e44d1cf32c9d737c5d1e48277,5
eca2418f555db175b75df4395585da1b0bd8ce705ab23583c5d5ab6199017c34,2
eca3411b0be82ba2578e7f015bfe07560098e0adb16806df90f6d8090edb91dd,9
eca3d1865d496e13e541128467f9bfa092024f500914759e64be7b2a8bbdbace,4
eca57d04acd1f1055842a0aec09d73ad5e4b524e5adaa03e4b3b02f4da6e86f7,9
eca703e2401de0d155e9a8ec4d9e5560258671c39155f7dc3d819c5e496119ab,4
ecba25824155f8e3d90ac00df1a294c0ebb4744af5d285ab96da9083ba47249d,2
ecc001fd0697c453ac88a196da04ad6a1800b1732133c91e8db1bff2fdd788a6,5
ecce34da5ccda16935e0d1b6e887cc9a092eefad37d2e9a32be3fa4338b1d67f,4
ecd21980c126e4522348d1fbe21eae6874aca38874754963deae1fef21fe8968,5
ecd44bf0c94b69d21edc028639101a27150154c5ebcbf914cdc61d295318f346,4
ece73d219aa1f76862c9e70ceb70e9bdc67609a7147432e61b87ddfb74cc8e94,0
ece87ced25bae77f93b0e110c1573fb912aa7a41802bd6b375bbfa53270002f9,9
ecf840d9929d3cd0d50934a8811b172a3867af1cc0ef8db501e2cf3b5a021e61,4
ed132786e9d5cae4fc50d1ca136dd2ce83dfd7b9993fe8c3c9a30561f2d1ec8c,3
ed1f3737ed86811b5f5d797c5249a42aa933c2f7cd5d82141d1bc5e669de0883,7
ed2db27574d41b52bfb400485a83aa58f2e0ebd9ca92cdaac80a7061ccf594a1,8
ed407e8f2cc36672f4e0e71954ea1a9596f92b53bf6aab9ac3bdeeff67edb633,8
ed58b4aad31c14cd3bc1ec5bc71e813538d9046809c7d96288121b9218a2317c,3
ed6a40f9b3c118c042c86959fb27e44191b782ae8e6cc1566bdc95b58426d869,0
ed7d4ffb630e6f67dc25883318efcd5c50d7936feb3f4376bf00f15d401fedf2,4
ed8bb4fbf7a1c0e11ae3ab4d384d9e08950252400fbb5bf8d727120266b5c93f,9
ed952724878ffbbc92445e6b083d378a5e5b00d713edd8fb4dd3c095e694d7d6,9
ed9b93f93dd0975b8da139fe1eb60e54460423889fe854deae33855b3e95816e,2
eda001c610981fc99764f31a52b057d4cfe2d23dd09b8857dc724ccc8541e4d1,3
edc44fe70581b689da809d4124b317290f0b4816166921cbdacf0fa5fb142dc6,8
edd6b5ee28d026a6dd4f375ba02c853b1632cc13c710017cb60719608f967284,5
eddd43ebb782cded6a5ec303b120ad6f875a0945cb1dd3a316b30fb87ef0c323,3
ede9d45e8ccfe692c3259c5a2942c3374bb94a48895a3458e0cb7aeaeca88284,3
edf673ee5e57f20a4ac62a19c99a49e715467492a63134d0e00f735c164318ed,9
ee07246c53102959c50f89b63feb3598b2a3c5bd07e472e85c4c1a14c3d3d509,9
ee08e6f3353b5aeabb0c05618786ac509ecdc82c40a7725165576cf34aa5d943,9
ee106ec82aa0a2797b8fad924cae0515b720ec2bfba9267aa185a02e11251f69,9
ee17bdad779c50a6d44a03699c9990b3b78a66aa259a82f8f03d7fc60d952d55,3
ee307a2cf1713b39d7dd530c8e2afa6a963f3fee8f8d023eb4c76dbcab293679,4
ee31097589820530394b5f3f6eca315407a6a59d2433ded8913c9a294c01f12b,2
ee3e7d49b42c177013d275755e7349daf8647d6a9ea46cf106a4f712f7c060c5,5
ee44b787b4740afdd2fd764d792984f072cb216c69338dace04b51575582b126,3
ee460fcde2a3ff4875985397a6fdd10fe30d6026e0538683af927fa23a70fa41,8
ee517bbfaeb078abb8d3857f16a83177befe6da844c3926819395926798f17be,0
ee77a4f2162278c48c9bbdf47d4ccd60d4b0b79aa80b7530fd91678e6eb15591,3
ee7cfe32c767228facf62b7e0a138e802ae8c0d975b4072c6426b90bf75e51bd,9
eea8e006de31db609cb4a4dc2205b5f2a20778019251da055881980b25383eb3,4
eec206b324c152e8325c52bc9a5fd4568f367a1ea4b5b03217bb6981ec3c83b9,2
eecc8373001f5e93b5799bcfaecd2a9da837ac0763e30dd8a0cd5531b2e6817d,4
eed29de8e61de6fef8b834fdb05f029e3b7f0d1a5f448906a1cbb53fe7b98576,0
eee07b23210590654e47d473b00c27ec15f22eab8719e3fc3d1f8967a9789d8c,9
eee4e5dcd1759934741340ca7774c081fabbe5edacd5d24fcd2640d65b489565,2
eef1a42f03b040ea797aa88473dd147f269067f1c8da909cd88619f7c080fc5e,7
ef01ccebc9142ce6c8e9d69a68eb838fb4af8af16742ae72aec113f945f3af82,2
ef13a046cf611715397bfd3b5edd3bebb0c9632ddd9452076f211c099b764e7e,9
ef1491a41272a26108ef59fabbd4673984f36d4f0c0526037ec00fc139870fa8,3
ef206fb717884edb28517ff5d57c416dd65f7b24717fcfe2ca93ebee512d6b9e,3
ef2708521d9bc6dc27d2bfabfad515a1fdc5bc5e2557d99c1ee4a6eb26785e3e,5
ef2a6eeebb0d92af5807f2683739f6759085b764378f3ae6fd7f014ec63f3709,3
ef2cf9d910973ec31bdc1c24a4953569417e003a6cc06fa81b7cc9e2a245864b,9
ef3233a3f8d24331c1c49c069246d3eba75c4467595a04d050b7a913eb3f1789,9
ef32fa72fa212f0856f4160463f13ce73e581312d17a1d82954dde6296a38781,4
ef3dc1c5171684d50c5eed0497fa794cbfd3ffb73300c66a79e0c6b347d269a9,9
ef3fe14bdf289268e1e9ac87c8d7b9e24ab550fce702f4ca397af759aa1a4236,4
ef454bdaec086044c3eec814c1d9f684829accf05cba89e84ec2245fb2756f5b,3
ef571685f04c80723ffe0003bc5b368eac20f6d4a7f8860837d13b33b578f9b9,0
ef5f497b31d4194f3ed66884470c141ea069f1b6b263862b5c261471266fa41d,3
ef6001b7c1f2e7211f8e124bee5b5efec2e1278ea98abdc090f57bce6ba2ae9b,9
ef651484b00187394ba4815c446167550af193b52f442fdf147f6ec35a3d9847,4
ef6abe2fc794c33b873561bcddb62109ff98d40c502bb91d2b27389f153bd305,0
ef6f50b22702e561ee452ed5ee049221007634e13f605603a1b46161d28c25c6,9
ef8a637675c7e650ce56cdbc27103992ed851b92fa75ea429a43d4405fe75558,8
ef9569f3d48dfb0fb43ed27e0cdc710b3901be167dd46ca6adb243890cae58c2,6
efa6dfbfc342d637d30e5326f4d3265bc163b7495ffd21aa7880f7a88f508a7e,9
efb6fb74aa15de9d84ae40a16a6c758df365c62e083047aa57157f9da4da529c,4
efbbc45b750ab084beb3070adf53c53a3fb81670c4b1b587b18c5873798e41d4,3
efbcbd662725fbb0b29955292153425e729df5420ab7ec7acf03ad5937c04184,5
efd48107a2b76b956f13004a9bb7f4b825053fc1c310aa11e1857979b29ebd1a,5
efdc30fa3861ecb8f1afc380c82f54871a0d35cc099ec82942141888214244aa,5
f0085057817ec6c8aeb8bf87fb9e459bda5101e51bcef6bf48d033251e9164af,8
f0220cf7886dcdeba62d1303ba1ff0f8356587134604e37069013c09e49c3575,7
f03b18156ee0f3d53033704bed88be9596c07ae77cb65e5e7e897cad0779528c,5
f03d7ca2c009d80dc955bb44524f9f528459733169da65fa22bb6a8352dd76a4,9
f04548ec3667fe76617a80de3f8397a5ea65c2abd4d332e3e30dab5a6e997a46,0
f056ddc5ba238fff850640ed1ceefce08b29319b9c72a312d75f9758b62c5e93,4
f067d8ad68eb55c6a6cebe75e1033d5797ea84e484e30c09e0543282f56606c9,9
f070ae2ed9583ee5fc16a4cd7f06a11f84c631fc80a70060b87344ce997dba73,2
f075ba5ace52749262f1c75c5da1eafabe402a05d4f73e36736e03cfa1d47f82,9
f08cd690d6b774972fdf8b6717f9928ffb9b16d1f83e19d11545a3e69dd01e93,2
f0998d8b1fe92400d57e1e239d320493bd2725af7ac1d15eba2e98addc3819e6,3
f0a2f7b3513964c05d28a9051adac2af43783d5fd7538d3f3bcdc2b045b601b3,9
f0adae2799c520978cfb3bc5a45f5b94da0358a0b2e4c160d37dfa0fb5ff5d55,9
f0c1eb753317cbb6119c2ff3d834b1880467a0fc1231987bfd465841f6983e03,4
f0c361fe45c49b0903692601bc799d4ed9285e36b6c09740522ce4da4b7694f7,4
f0ed9d8498a7437c448d466d6667b89b848140a6412d3e5c075d4ed66b6a29ba,1
f0f0ce680268f952b860281d1312829f8ddd7aaa8ecfc2a7eeb7b2037b980009,5
f0f3c6cc1f6cb9b3cbddf9d90835a95d2ba0bd938e92e8c91fef9873a4e674d0,9
f0f60e4c634711e07119b690bd75f0eb47d554230fa3bf6c0166aaa978fc235d,3
f103c57c8a3a13d32905c320c9b45952aa0cf597cdf8e1462426b3c01ccf4811,5
f1044b852168cbbc21f271e9ee18b73caacc282ad1bc75bed4e9bbc4dd6fb6f7,9
f1260fab4372f99947914b9f1bb07c9ae140017e3bc3afb59c7f0450f3914263,0
f12a67bdbf5ba7e6e9a01a3d1ea967982d2a78f5fc98a5b49da63f241e1ead84,6
f12f595264a80d9518a9ae29e3c66b1eba19d32ab83be828789a8c476b2e927f,5
f133cab0c2809f94059666bbd4a2d5a97609ca7cfd04e6edfb2412acdaeabb25,5
f145eec5f30eeb7a65f61c36a6335e6e657ac6d11f17f0aeb55e4970ce00f3c6,1
f14b61db5123e4b02bc9040de298680d1f382ef45844a6c08e1b72c8c64f5edc,3
f14e3a9c67dcfea06752abb05d27787fcba24fb3dbd623ef600bd1bd52b30367,9
f15525b59d0715b723f2963ac34be4e69519bee5d0625848532c334db45e7b2d,3
f1596b4f508a8013e88882dfe112bb8eb7424eb5b8a2e2dcebffa8a6d897ed67,5
f15e8a951e5831cf7d2f9031a4039b82e41a2bf67dbaf9592af7a3256aa29e5e,0
f167750850110bccebcc0c4c720beeca414dfd104344e2f151f6538ce196bf69,9
f17013010220586681a6b503317174cf4c98d45e1d9ce4b44a6fa2f683befc67,4
f1763762f217cd2914ac7ddbaf7984989dc0f94a2d67e84c54af74369de75e52,9
f182676a1b4f7a0b8a2cd7eddc1f9c5e51b5f5a3c36d32af7c9dd3cc3890da78,0
f1a01af3f573445cb409aa9cc82f542587b7c93c6e106d4dd087ea3120694c2a,9
f1a75ffda2c72e9f3ad3f9962649420d770c793dc7b008c41832258a397b7b88,7
f1ab621e9d8f123da015620b450aa55b4d7f7debfc1c5dd35ed610b1cc0caa0b,5
f1b31aa000f027dd0f8ed08c1bc716e239954d3b16f8452cc1a90926e8a0ff7d,8
f1deead02ec9e5d0b7a9b17f8170713f1fdab817682693198771f9fabef5cf9f,7
f1dfbc22f4f0310ed6452171951dd18dc275192f54e325146bcd519a01281609,9
f1e25cc4ca4bbda91ad58b7b963a961f47b5e1f5e735930015f93fe47f197724,7
f200da99db952d73c62566ac5e07a76f678ee1e32d22a38d9a419bba7b8dc229,9
f2033348802e2637a9a4dbdd03a4ad326460b6f5c48980c46c6ed63838389de1,7
f20cc7aa41c802368396d02f78795a87281300f24b5f2c9b0602e29ff3167f7e,9
f23fc2825571292a0c5d949ebd4c0e1252432c5f3e7c9dc576cd0d6e4dfa7065,3
f24e78fd548f662efe16e81cc8843087dd3dcf7b58056b17a92af897ded2727e,2
f26648ef967a8eda19d12a043831cbc85729463c453b045839104de137a0b175,0
f2668646afc11bdc86c4abe2c6cf0bc8766da5dfe3169e2459d3b7e9f4a3f591,4
f27021f3232134d1a4f6365f4e23ed098066347aabfd0d1616949752f1f354d3,4
f27af9152fbf774f7e59e3a925f137a7f3d46c44265a732b864cd8877cb8e2a7,4
f29a75c33f4b5e915c399fcc43510eb60a8d45efb0d6637aa59f2dd374d60d1b,7
f2a9cd93c77812167d70d9b361ecf2699c418b35b10c9aab0231fa0eaea0422b,7
f2ac1cec48bf5f80dcc2b66865aecf7ebb09425c38129053c19e7d66a801e6e6,2
f2ac7253e25501ed5e5eae855829b6bc27aa021d61d060fcb8dc3a92bc13d933,5
f2b176c48b1f2b645dbb3b60d7cd5bcf4bfc09636554c6053ab670d73905f78c,5
f2c848b302d49c4db49a25b6e9365115069131791eaf92107c1fda3c4f4b700a,9
f2c88c8442287736cd2b1317de4fc4558384e7e465fd932bb5df7ccbc1cf3892,5
f2c9baf4c600caff87abd1d00eeb9eb9c1f2d422eaba8da8410d2653e8bc5e8e,9
f2eac6009e4e62c02574cbbf808dd85f21fad55bec53fcb8b17fa23f9884a193,9
f2f1eb974b6e3aa508dfb8cdf87c8559cf44bde5f1d7ace198b38377fe8bc7e9,3
f2fcc40033244b1c5ef6f30b1011057a52ba9000f18fa55535fe846732e925f8,7
f300b237bfc7a76d5ada178a4676ad6bcfa35bf83441b25acef99d13980a48ff,9
f30632dc8ac3313ccf5e2416b483193c5e0893eaa9c69c2a0d9335dcdcafffc2,3
f30cb25719772c2f03998106b5c8ec4cb46f781b48f0e74b7b9a40290649ea26,7
f310ee5b9a2e22a0c62cb16cedacf7e5cc9cf40763507fda077b34eb2828334a,4
f31a656855bb0a29f40c57590cf812f1e31b2d1510492aeb26369530c776443b,0
f328b18d0dbe13dc5e48b3aec00a336ee521a69e1461f834d56f43ccf5375cec,4
f354bce6a9e2f00d57504874476da97606318517d5eb3d592ecbc1a100917a9b,0
f355f1bcd8f45b85b211a65b85f7a0005b7d680857bb9f5f0cc229f7dea98dd4,9
f35cbd2ffe018fdddf8da45ac673f3206c37edb73e5821a3c2b0e67d9b54362c,9
f370ffff7d97c3a04ee3623604ef438d7c486490817e166bc914945bea100769,7
f376eb12c7ed444560a19021351a849a6c1939e8416751a9dcf14b06e60106c3,4
f38d257c63d7ccbd5265f1112dffe1b5158d1ab6e2f57049f820e5392a98668f,4
f3931dc5bb60cecf98c18901e5a06877b5995e26289d04f84d31f008eac11f63,5
f39a38d97bb7afa7121810b39a96dfe492e05f338b89d7588ccaec60ad8e3432,5
f3a2d6e45e93cc49bd31ae8af95b3bbe0b1abe368ff88129669fe761e044bec9,4
f3b94a0adecfc367ad3c8f1bfc8129544f4da16b6aaaffb102e062314489dadb,9
f3b974a179096ff20101281b499de099afa74b9b455bf29ee78daa386a94a35d,8
f3bc8976c61d61e5a646d617416560e9a429ed16f2204c8666723ab8f538644b,9
f3d183048eecfb667c722b48c7115ebbd153d69f86f96b8fba83148903187a6b,4
f3da0a7c53e471e3b1c90a359b7e806bd55d3b0fcd3289c1bce526fc6c481947,2
f3e068aef02e13ddf2f826c313231490f9bd7e956aee2b937662b80d2dc52b17,2
f3fb13f720ea1a7bf8b0aa72ef410ab5a572700ab9923477d3abfeb40c323461,5
f3fc38cccfa29559a006487c279824d6b4a641fa4edff45d55f92c37140524d8,2
f3fe267ac6d2d91fe943edca80444e9bacc9c79b89eb1a19db5352521364ebe2,5
f42ea379be88194296c16922817b79329c87a933e6b14ba1563ddf27285c7de1,7
f450acd4a29b7ce2a824a37b0a12188a9357aed0343730a6e5ba1a0ca19292a2,3
f455bf48cfaeafe1f706cdaf2d219bdc727fef238c76098ccb54aecff131c6fd,0
f47e2fc857b280acf5c0ceaa781dc76f23aa70ebf7a499b8bf39e3d1842cfe50,4
f4826018d8dbb3863686f40b936d3cf241c1971de49d1839bc8af6e181a3df82,0
f48f86d0b6fb1e9451ba9e7613ec6570b3b984fa2e8ad33b39f87dd0d2ffcad7,5
f49010eb32b81d400b39e75f935e2e532c245d317e835cc111cc0dc2d596a2ad,3
f49409607477806430d3f3fe0cd1bd593efe221d6edce8255137fb82e19e9178,2
f4a2449592aeb321904a96ce64ef5f56bf389c880dd0576bbfe20e6d07385a3f,5
f4a6671a337d9afc5b056431e8283ce3f14562a32b30a398e64cc7431e2e0e5a,3
f4aa509e41cdd01efc07f5067311e8a27489948fc4abeda4d00db844a92ac170,3
f4b79d5e7f1ebd9ab8c54a647a3f47a129cd0feba9015a5e07ffa822bda13d8c,3
f4d42412edac99c51285a2411bdab77898b693d302b586b2f5181afa2a55341e,4
f4e37fa16b29c3b09bfddd526809bef13e298c3ae494d3ab4d715a412ebf36e7,9
f4efa56634811549d241e44302b45a32fa5dcfa3950255f8d2727984d57ef093,0
f5060a09e6e35bf46fc05be9f17378b3a2295b41b7111fa961dde3d6463ac3cf,5
f50746052be5cb010919fdd3452567af241e40129562faec74124de63a1709fa,4
f50908de0bfd228e7b3028152589cc019d0693485f9aa2ac40b69196dc434adc,9
f50a1c65e9d46c591f9db974444770dec0aa6e93d3bec699a70e6ad5c3125664,4
f51549ff5e2a4f0da9f093b5ca1f33d969a6ef462285d8bfd2e9da6f82b95fc2,2
f51fb4f09e3851c341c5744c3ba10deee6588edc8876767f2ff585cd9ef571f2,8
f52e1a599bca655748d50620f2b8110dd98dae9245fb2d83b0ccc720653d8d33,4
f54496bb882c81d9c7fa95464c5ac1d33c04a09165b756e622cd63c818ed9209,3
f55106210ed3d77703780a0349c9b5eb5814948444799caaba7712ed298fdb5e,4
f556dfecc4ca2ac6d5a7b582b2ca639dc4b37668a759571b6ce5bf6890840d6a,6
f574aab17b7da66de2ad954b3a158c8121ae3f05067cccf887fbcf1b7b76a863,5
f58a050e9c93cd9dc0ac86f6d54fa858f13f510a82341099e1e28ca789677edf,3
f58b6b842406a362abdc149a585c13b0f08d6bb469238de0b2328df77c65c2b6,9
f58cfa2ba936ba6b9ddb4149d98c3727b141b7efb0aa32c19ccf36a7125fb30d,7
f5a1e9a1078efa9148f47b6f282258c3eef34f3767e31c49ee97cbb6422d6b48,5
f5b4abcd41f058504869ffa6f5b703fdbce052cb8af54ef69cf60b269a8c7ac5,9
f5bb22cd1ecbc7e7b2290fc94cca84c80091f9b49a1c745eb5cec82556a1a0b9,2
f5cfb60811244e18f91f74402a2e735f7e82662c5391ea76c6b4921c506b58f2,8
f5dd7129d3e4b39848c178037e1fed08f847f5929c2681586ddf245b7823562a,5
f5e8e359e2c2cd1c995736e24f10a82c7110430337635e6bdafa79f660288d28,9
f5fc93f38e537573ad59b1530c41377b47c061cbab67c88ad34609bb54a6ade9,9
f5fe0ca650b83de6931e6074ea211dc8dff5a499bb4a35b74e002633410851e1,4
f6165422766cf3da4ea78ca580b7698544cd725175f7838378ad20af616ac525,2
f625063d65383680d61632e47084f501ee4be2d0ec1166c5ff19b741f0f0abed,7
f62a75dda0c6edcdbf95afd7c0efe84df65bd76d53acd12eb83196632253fd01,3
f65609b7db6a76cdc6628128a3a49de43feb8dbdf4c2cf5aef60a2f3c5e904fd,2
f675bf63d5b8abfbf0b57ac94da10675a7e62093976d785c566a25ea279c0269,3
f68966ddbcba511e70dff7c3c7ac79049ffb23f1c3db4566194ccf668fe10289,7
f699afcf4cb77fd08eb92cbc92b7c76bd75967e74ac4b1f8f86da661ae2dc7c6,9
f6a2fbf8614b620c9a95db3405dbfb612892912c6de67bd14678320d9714f137,4
f6a726105fe16415a5645066278370e1e962940ce5289bf2fa75306207a780d7,5
f6aa0db132bb55f223eb93856ffff9995b639962f57a987d281d935eb2ab5b05,8
f6afe88b6f431b695d71157af70a8bcccd90cab884c8624c78bbbe5fe336b676,0
f6be2b772231c0acd664365791a1ec0a059877428516f55152fc44c38e8d818d,8
f6c7e46359dd77172e585aaec5e8090ba7e0bcebb2275b0f09e0a71057674f4e,9
f6cef231228d82a9d49ca8e493609de17d540cf07c63ab4512e3299434903a76,4
f6d5a2ba6a722e98963c1b7947e30ba34260a258e17adb7a977b15d238e6f47c,2
f6ef0de7bdb20e21ab7f42ffe24ba55e962df4e33398f92055ba1b220e4c9050,7
f6f4def5efd3fb7ce45f342f6462ca289e806dd31489c7bf5dacbfa81c3c9bf8,0
f72d80b6a3a0c6b6a4faca9b597b5686cf713f9c42816aa8985e171e3a6d760e,7
f73237945d210d5e05a083baeb8296b001f253589fef91f70a4fd44449335d2c,5
f7409b8dc1f99c5d5a7b2adadee82a2ff11a12c0d182b2fe5eaf3945f13b7e7d,4
f75698f213b16e27fb6d9c8bd3c0361de9611e9c53a500e1ab479066561f0939,5
f769ba2399a5f8af33c88d0ff3fc596d85aa4bcce354d3d1c82e5b85c83d0504,9
f77cd691adc5fa605d5c5541bf9ece2a10f7d7eab4b15d668e3d69837b208b6c,3
f77ea8d9fb3a49faf11dc5765811651656fa433b0e60d26bacb17fd88eca33b8,9
f793b514cc3b8a127d83c296730f9d88d268fcd1e3ce75eb9645e87c17d54764,3
f793e2f30ac0dfb274d584ad43dc17769a758296c938505572255bb637bf1d04,8
f7abe80794de6201cbf028a8f5ce35ef8b800650fb3ae8d31617a676a8fd90a2,9
f7cff66c1ad7030abeeec729a1fc480cc5db1c209d8acb01feb93f29765ab3c1,0
f7eccf3b7e3cf97729a34c443ab29289c2d9bfe3bc03a6c6a1225f08ffcdc840,8
f7f5baa1da40ff06b2edd5e7d09c17cd2791f3a516db7e828de6e2879f11bce9,5
f7fbec1785fd32721b2561de3a3657a69601bf90b662f0104bc9dc2f42426d87,7
f804fd02233df2885aee390618dcf47c97242e2e7557d88f0c18d6a5fa85c382,9
f805b846973e36b9cab9ea4bb89be27f97759f696db317833ce50c286b367c55,4
f806873c35316d873ed102d24756cd7a5b11549f075918f5ada159b352720af9,2
f82bad22347b41bd609745e463fdd0a44dfa637baf4b9ee5d60c70006cfd2903,3
f8334206a7f9d833219759a4b225b66adf04a2ec4373781da8c269464130aeb8,9
f836b8577b18660f984e9e0fa21f40007fe69c1b4248f5f6c25ceb34eab12d94,9
f83a039dcf9c2eff66b160780670e45dc90940fcbce8be10a58d60454566e406,9
f850dfefe30b920e8e20182d5dfaeca13176012d72b75d5282bee57c4722d86b,3
f852a8753bdd03afb94c367431eb9e21a6b9cd25f7ca2ed258ee4b273e3f1246,4
f87b0a610ecb35e5c1bae9efd7c26df65f8a86821439c3213c34e9f1b4f7b53c,3
f884a1ef789c9e21a722e3db2e0dd284261a37b3ef3c847820020ac946b52ae9,7
f892bdf25ee3416a9c81ad90d6dcf30624691b18c84e65553b6045bdcc72d770,3
f89b2070e546d3f0f8794b0169fe0fb35317c14e2e81964493e46e93ece99b80,3
f89b8399c623061b2764560f8a7eaa7b504584e9fca677ff6095fc4253df448d,9
f8a662050dbfafdd4eedad065655e0d6060c893f6c5c22abc22c3dd10a13f747,9
f8b3336c0a19cd072a95f92771f35a5de6e66958f62678f4b935ff6567a7fe44,9
f8c064305beb9babf4a48411d8c52388f4943298e34d921ea629f1561ddb3b5a,0
f8d999d36462db54ea26ec2a522738cc85a72fca4ad70c78d8d8bbbc46ec7871,7
f8ed9060d7dbb11aeb4c2cbae1cfd2b510af3ce47eb6d589d2d415f5ccead52b,5
f8f30a768708f117b1e56d6201ba5eadc51adc769e73b36e427bda3f9f159679,4
f91338911e82ecdc8e2607ac38c3403ef473a651ad3b22eeb220d1a508ede6db,3
f91f15868dd60a60104f179877f65a5a4f1c0f3927018aca283e0f2f68f81f24,9
f93277f4f4420764ff9337e32636363c1ad68dbcf1d431974a68e15a087c9a57,0
f93907ef8845078603b12d8e21c147ce3e01003f8971664b480f9e75f1a574b5,4
f93e9da0ff005617a5ce0f036c36adc4a802255397c29ed34cf8833904b58f21,5
f96e8edfcf7fc078eee87afeb79091c52453c1e9c45ff35f2be393fdbbc45363,9
f975170a88972aa9ea6a00ee42c967f3ea1955fcf7a51a4bddc610413ec50fc2,4
f98851e2193a7a0dbeff84407de68727a62949fae733bc5583ffa6886d384f31,2
f98a7363a6484016be379aba9f49005258849aad152445a96f2860007ecf73b0,8
f990d187c44e80636a955f38e11fbd4c35b952bb59eae4bbb3e997c860d9f4b3,6
f99db30c99ce474ee5dcb844aa682f2b4d797bf86656a8952364b5386d02fb1c,4
f9a0cb9c108c30d659cc7afe2e873f1548f0aa23bdd129b8989c7c564f1dde08,4
f9aa8b1a6a4a2cccccd140a962aca94644d4225da61b7d3b9762bddef5ad3871,0
f9bd29147a605137f19d2140073c46a1c7ca87b851f87a43773c2186629876a0,2
f9d91a8d716b3a9df50c73a9cde542f503295db07e54ab1d101c5d6d4b982daa,4
f9dccd39c8e2b5099cebf833659533d971a6851c9f5ff2de7703321254cbe2e5,9
f9def9bda226f9cadcc4e7593715d4eeab26a1bfbd3aa69c3bbdc82cdfe5d0e2,4
f9e38b1ad6a0ff58540da0a1c4771b056fcab22a33c4e8e36fd8c1261d7a33e6,0
f9e9344fbae5fface9c0c57cbd70421c63c94d26b3d6d61416d3b8dc8f6acc89,4
fa2b067e461b14dbeb1376d7093b3d706b7101df73c7471d6704783feb2f3455,9
fa3b6707a755d2795d0159f2130b2f383c681672b1fb21c0310d337e1d47975b,8
fa3c785fed9ef4912a18c79a05e6edc40ede23d15e643c22953c6a0ecd2db683,7
fa46d38dc817beb6c0662e268260a8670bbcf708ee0a90ac8e82740ea694060c,9
fa659b1585aea0fc2266b9aed3f51d77ba770cc650f1d1374c68d96e458fa999,4
fa6be943dffa71751af92729de65fe69cf1a18828b126b87bdbbcf9c9c024e68,0
fa6fb0e8bdffb695c9dddde5ebd13b608ba8e35c9b28f29a22741103d83b342d,9
fa77b9e85da441f0b247cbe28afd6d5433331406e1b3400500dbf19d52656355,5
fa84870fb44574af154688eda9c304e3e6c5684bc52a6daa8d8f1d00c431ac97,9
fa8d9f51d963d467aa4f80834630aa89050e8b60401d93c90e48ad5317f9a577,5
faa1b3d13549bfda66e84faf7932d80f8d671bb980547d0abfe76733cf66b6f1,2
fabcacecc942ec2937892ebd8b26be7d89207afa8de3aa71a617cf7af2e6f40b,9
facc18e86f5feb63ec3210a0084b5466addc1f18d42665081a460c774d6394aa,7
facc32a76b23adcbc755cdfe3b3a84699a7c105f6acfa0135b99e395bf470f89,9
facea71cbabd8f524a992a1556150f401b3e6034b99394b36e49dae55cbdc266,7
fadb55a5a0c5ae9c3750a0eaf7b14a840db346013ef8082d88d6ab7fd7199784,3
fae1ab471eca60ad136dfa4a71791c9ab34c503ff292eec6d147186399e00e22,5
fafd6b110f2943e0497ac98ee3a9cfb8254d556befd0f0702dd4c946ac94c6a1,5
faff2d74c1a7dbc86a6e31c162c46f83c310de091043f16d2ef15ea4770d89a5,0
fb0c12e6d9e22ed21eeb3ef67292706b8d9a5ca3f349140c99e761896efb3e5e,4
fb1bde6bdbd6abac32fbe3ae6e7ad39ddc84e1ce842b69c8ef9b52bacd9d9054,0
fb2210e172bab3f16e8574b68a70336776d94d3b168a35034ed216f890b108fa,4
fb3221c56648bc7339e08f082a28ff4e46b6a4fd2ff20f7f5b2eb6c111b485a1,6
fb3bcc7633633181994b68bb55307c81294c7367299b42bb19906a80531f3b0c,9
fb3cba4d83697eda148c6d4ddf0639fa22f77f3e6f3c1154a2dfadce05b2dded,9
fb40c364fac39a712700cc828b24de95bd63e383146f5723808ad9a927b87653,8
fb429eef2abd8fbca8891eb35ae16b14652e5014ffa8a795b1cc17ed7ea84eeb,3
fb51a5bd7ae79eebb55d53628e8abb29c3445a27a4da606b2037b4b884af58d6,7
fb536876aeea109232fc8ea5f7e004ea8ba9161f685003e3830376a52beb3a94,2
fb624b7eabd4bd9829ca15bbb36bbb9fadb701b432208ab27f24f9ef5b8b53b1,9
fb7297431ee056a8d53b6d96c302a520b2c81325623b59d8b41d4cbcd327607c,2
fb7c1a3a31b902f5ccf5cbca935406befd03f92980fa9622b200a25ffce9157d,3
fb7df92b6bd20547fad557dcfd0ac50f3759fac0d491cf92fd068bd5e9f81102,2
fb982414dbb4537134c3d77346ec23d4a0c8e8592c1547e122bd775aba928479,0
fbb053f6b5f927b4f1a364f8f3f4e886f6ad17fe118580b46a694f784d4dab6c,6
fbb1df3b78fc28000d9f1b7ca96406afea73d3149b225b5601b216a8dd10d52a,6
fbbd4bd31e5fcad0c8519f54545b29a6ed1fd6126541db6e364dea44186a875b,2
fbddbfb17df5624f101a4a27ad3308558770a1893b3dde42d3447fbd03e00f13,5
fbee6b21aab176ee1998f11b34f3dbe9c3607418d54dbdcaeb33e6a0b8e4cdf9,2
fbf13ba6650ebffedc7772e6b50a91b28de950b3bc587f4484b04730c418ad7a,9
fbf2c89a1946eb4533b315537cb71e0a270b12f040df58de7c2c25dc4dc2e9d5,9
fbfb9a71e111d88d8766eec427e3d1b10ae32bb955f0f88cf4445cdb22fbe2e0,9
fc0d8b59795f9f7471c02182b44873092bf7a9a80234135b9d5f941ff82e35d5,9
fc180ae14e6b152e8104ddd7b08ffbc6a9a3cba30fc06a64ca525236c383ecbf,8
fc18a6ff95fa4e48eeaa5cd182ea6bec19d3a016f68aa258572d5df770d13c93,4
fc1bd811bda121028988d0aebc2be96654db0c3aee387ecbd2a6a0532463a77b,5
fc1ce3a1fb03f46eeabd62d5eb97f10535ed21b382aef15cb7d336d2fc25415b,3
fc563c0ad39d3f6679ddf27781199b0d33e6cd7a34cd6bacc278ecbbccdf7d7f,3
fc5ae6b9ad83a61711caa79ca43c052aaa076e65c38e189f709e19b476133ac5,5
fc62bbc9a43ac2fe5fa32dc9d76093645cccb57c43d8382ca8208f4fa2bc3bf7,5
fc640825f58cabae827fd99b1192e43c044eda215d2346813a869c223b37e4b5,9
fc6fcd9964a8c6028651ef069eb0649a9ac9a481104aaa8d9068e5de818efeea,9
fc7c075b4ae6574a7f58917ce2098f17bfcaeb0299e4c73e5cd1222bf074a322,8
fc9e13ec57d3e2713eb00c5bac13486a72e87806d5840637a130fa6a288100e8,5
fcadfe9274e1aa95eb0df98d59cd6f38766c09ddb64b90cb1d0061c87cea3469,7
fcb0567117509bb3d387017e39d89489497e2ce67c6727394ad73594aa567cf5,9
fcc68f478768f66f3e74286942f38433473545fb1eb6394292749b74f2106f8c,9
fcc710195b0e7901dd37f2447fa70c4242776d6fd08948cdcbe24948278c3647,7
fcc74b3e54942b9abaa8363327daf627773e058b1943450b85a9eb9bb8d4c5ea,9
fcd6b2766c9373a04ca0c78ed03c6155cc0b0d62c23df7755fedde8bf28cc606,8
fcd77e038429b4ddf4c363fc99ea6723bf31335dba6b7e0ca28da3fe42961bb4,5
fcfb6fc164aca98d5e7285a5bb0b3bcd79ffca1424776c8ebc410679776d1359,7
fd004009216cb69cb375fdc099ea6f88d0a1a623ce6d6d39f4e06d0cc0fc2029,0
fd0047c7484a149a48527ea8f662f801495e680fdec124955a95e50b3234e705,9
fd1f83ee42aa92836e823b0f8c3429b0e13f950ef5e5df5f2a062b6015c7e7e7,2
fd2317fa1407924c056975ebe29ab1983d270e981a8912bb32c77f8b226cbf46,5
fd39983a0ce075411459723c4086c136d157d83d680037ca21a189a1e0bd84b2,0
fd3b7a38182a5096718ccc8f22417a9b3793f16a0e940a639064a9fd22f8792c,9
fd40046bb76ead00ea78419667d41bfea12191b9ff93b63d14fd0d70e1b5da68,8
fd465c76531a2fb77fc6c4a376485d72d3ba0088247a8fd5b311ebf66b2a1ee4,9
fd553550a2b1668537500fd10a3cc13cc0140bc7d74d26e7932802c73cac7ff8,9
fd572b5f09aa79758d494fc40d5ea60947bc88ac1914bd724e616d42d0582215,4
fd5cfe929875ce66084e1cfcd34d789f30bba85b35a97dd44b15b6dac81d0e29,5
fd64a1b8dcb778c5e8c2413a14759fb7dc31f0bbd46d366d48e9ff461f32d43e,4
fd8ca9c2dd91b23ed2fe522f6885af40641c749cb09f9555b6e591110ccedd5e,9
fd8f1c3be9e3eac2bbbcb220a5d023b78cb35db545dbd50617303402e718b329,2
fd8fcede180d1a56238ffbd301337ac917deb5ea07777bbafab925e657d90c45,9
fd91724dfa7db97751e0f6efd313e22d0d96a3b119ce6fe5bc16b30079af19f6,7
fd91de37e72df5beb043f326c556fe8756b1d8c6102f1cd64bc77e5172a9edd1,8
fdc38773bf3e84b408e2663c50b6ec83e263433619b2076d949bc89a7cca834f,3
fdceaf604097e59c616645819c030f5ff0fbcbc1bed6a6d6b0a2992e2118d386,4
fdd8db1aa7a4d683788ecd2d9eb4dba49a30f2797deed0440a11b312117e1538,4
fdde9b5d73ff43a5a5861e0c9aaf948f757f68e2b85d09539cdf9420b43d1b46,5
fdef162819ff065ad585aefd761dfa06c659aed5958c7cc7b994145f443efe12,9
fdf3e8d12719eb4935523ead89f2df9981394ad3da046fcbca297b7d2cb89d26,9
fdfadb997c762ff4a34f9cd84ad100edf8b1a4512b8d1ea34f4810229e52618f,9
fe052faf3661cb9f01a5101e4e0113aba272b694960052bf077763bcb14de677,2
fe2ad672b8c3ec288cafc2da3c1455959c384e9ee88cafab52f69934b9c8b88f,4
fe2d023b09aa69e3611d6269dbfc541a2e1759c72407cefe23613ad6b7fff05a,1
fe3c40a38e1183e50761202e2e0d47bf8c9254226ad5d0e7d007596bc258e514,0
fe417a58fc5fa8aa636e80b0f27fc65eb97edb64d08a4448ad4fd7e9b2d0454e,2
fe44b6b7e1883cb00a149a5d67b1d9ea4c8553ef56e7e08ba04b94283b75d78d,3
fe496776fd6f7baf2db7f81527a7c763e6b70d35690ad288b888d1a2231b2034,5
fe5e0bbb27865aff8c80a2325394cdd0a6c339389ed62f5f307daa9efea1c697,9
fe7294a816b04d59c648ca9b0d995425c373370f9ec1fc0953e5d0e7127c21ba,5
fe85427e08a18ddf5ad7366401a89a46ffe2c5219c344c893a0bbf638b5f4fa4,9
fe8871f8cf10455b29bc8308a5e7ee049f93e054447430779d6f4ffcd0a34182,7
fe89a3cc571f30ce9d1a226b204b2f31c58e8f7db2672914a12446167082d6fa,9
fea027eb2f5150640fb7272dd295b662b79f5724c35b2569514ec8177719c538,8
fea5b4ed03c2059e3671a6cae99dbd4ddf70f011a1b554335c4663b245d74e3d,4
feb4614e4ccb446fdf71920f721d7ef1f395d465ba05cfa776ef7d0c2c355f08,9
fec65e04a1342afb7766c13040f5d06fb36a8a5145679006e3d216781c03cb2f,5
fed4fbcc9faabc015e6437e3a6fa467abb27862cf635ffc9be65ef393a238494,3
fed5e37de14655f410b0f56ea9f48f4e2fd499484e2dc66ea948858d0f20e2ec,5
fed5f080a9618802afc3b4a11808590b646d2bd351ac5c7bfc29e784b84212cb,5
fee44e421dffb13d23992f5cfa43a848f6a549094f6e4c87c8a0ab7f42652604,5
fef46120cd644127489be45b5263eec1b26a720b9fb5284a26b83c6e69cf9697,5
fef71a075a7a69e804ffc4c4a09551be345f2d518661d11a88ed19dba385d20e,5
fef7c813c9a8deb2e948a02255dcb3ae46bdcb476dbc97a28d5066ac9a08535b,7
ff12f2537bee7c0e281799799f3a49a6fcc3343b8d84c565387987544a398972,5
ff1823015b7833590aaeef41b44a36baa2cc5eb440c98bc2a05557db4db9eaf0,2
ff270b8f6cd1ccc2f7748a40fad1c7202e29adfb7e5f21307f091a2d016fe801,2
ff3c641ff547ca6b59acfb5e6c679783be6fa6e2bcddc367ed0f7af3b3beadbc,4
ff476c3a3b5f9c5c1550fde20dcc0ab9d31992852267b9aa0d73c13ef56c78ce,9
ff538da9ca975f7feae51df4b88062a68d9cf0af63455912bd99302c3ec18fb1,8
ff61f1aa7f9686f1c37cb72be248a43c277ce18c9d7c4bf6b7a91b65f012cbd2,3
ff6ef8a74208d00a15eba5a9c591be19e3b6be87cecb15fb869a767634d9bafc,9
ff796961d90c2fb268bb386028706bb2069c510a4f4ac3fab42dc2fa994de4d3,9
ff7eb0c931648964494451521cf8a4bfc40291029f945edb761f699b9c204192,3
ff914182314d6ea0825a424c23d7fac5d5db38ac67595468a813f86157792bb7,9
ff997163514a18c4b1a0943cf6317a2e6536d7429d5041002525e530c3db6e25,5
ffa9baca557d9e209a45d6d9bd2d9c663aad3811eff32bfbcc7a288b29fbebb8,5
ffaa9292bd82cfd1c0526be976a707c0ae6d4aae36b8f99158d93ac8b03c453f,8
ffb37669c4e675e686e7e43f30a99ea05542712062e1eed7ab6b5c40a2d11520,1
ffbdf269c48e7c6a1ee5f715fe5029e3f4ef44742d13b88607f6837be156ad28,5
ffe86844961ae0a50ad9c8039f663f9f20a7a4afe5636569432f2567eed317ad,5
fff75458667240e7ab1cdbc66f7ba348cc837513e665e72b44b119659c49ac4a,7
