disassembled_line_length_64,disassembled_line_length_62,disassembled_line_length_59,disassembled_line_length_73,disassembled_line_length_72,disassembled_line_length_63,disassembled_line_length_38,disassembled_line_length_69,disassembled_line_length_80,disassembled_line_length_37,disassembled_line_length_81
1927.0,14261.0,10121.0,660.0,254.0,5457.0,3773.0,2106.0,80.0,129.0,73.0
746.0,8061.0,2904.0,204.0,110.0,2786.0,236.0,348.0,4.0,10.0,0.0
746.0,8060.0,2904.0,204.0,110.0,2786.0,236.0,348.0,4.0,10.0,0.0
1104.0,7426.0,5216.0,357.0,143.0,2922.0,2072.0,1062.0,43.0,57.0,34.0
746.0,8060.0,2904.0,204.0,110.0,2785.0,236.0,348.0,4.0,10.0,0.0
438.0,3649.0,1863.0,58.0,34.0,975.0,81.0,201.0,7.0,13.0,18.0
892.0,7049.0,5040.0,351.0,137.0,2814.0,2070.0,1057.0,43.0,57.0,34.0
1719.0,13723.0,9621.0,606.0,258.0,5836.0,3568.0,2002.0,77.0,134.0,68.0
1358.0,10877.0,7726.0,535.0,193.0,4178.0,3003.0,1644.0,64.0,94.0,58.0
746.0,8060.0,2904.0,204.0,110.0,2785.0,236.0,348.0,4.0,10.0,0.0
746.0,8060.0,2904.0,204.0,110.0,2785.0,236.0,348.0,4.0,10.0,0.0
389.0,2619.0,1325.0,59.0,40.0,816.0,428.0,173.0,3.0,16.0,4.0
13.0,58.0,108.0,8.0,8.0,19.0,2.0,1.0,0.0,0.0,0.0
13.0,58.0,108.0,8.0,8.0,19.0,1.0,1.0,0.0,0.0,0.0
14.0,58.0,106.0,8.0,8.0,19.0,1.0,2.0,0.0,0.0,0.0
14.0,58.0,106.0,8.0,8.0,19.0,1.0,1.0,0.0,0.0,0.0
277.0,776.0,416.0,23.0,18.0,275.0,96.0,61.0,1.0,1.0,1.0
746.0,8060.0,2904.0,204.0,110.0,2785.0,236.0,348.0,4.0,10.0,0.0
14.0,58.0,106.0,8.0,8.0,19.0,1.0,1.0,0.0,0.0,0.0
786.0,6162.0,4398.0,305.0,126.0,2427.0,1715.0,929.0,40.0,49.0,31.0
1470.0,11354.0,8102.0,528.0,210.0,4578.0,3265.0,1706.0,69.0,125.0,53.0
746.0,8060.0,2904.0,204.0,110.0,2785.0,237.0,348.0,4.0,10.0,0.0
13.0,58.0,108.0,8.0,8.0,19.0,1.0,1.0,0.0,0.0,0.0
1235.0,8246.0,5938.0,387.0,159.0,3200.0,2207.0,1199.0,46.0,67.0,35.0
13.0,58.0,108.0,8.0,8.0,19.0,1.0,1.0,0.0,0.0,0.0
14.0,58.0,106.0,8.0,8.0,19.0,1.0,1.0,0.0,0.0,0.0
13.0,58.0,108.0,8.0,8.0,19.0,1.0,1.0,0.0,0.0,0.0
1799.0,12191.0,8721.0,569.0,213.0,4782.0,3279.0,1796.0,68.0,110.0,56.0
13.0,58.0,108.0,8.0,8.0,19.0,1.0,1.0,0.0,0.0,0.0
13.0,58.0,108.0,8.0,8.0,19.0,1.0,1.0,0.0,0.0,0.0
13.0,58.0,108.0,8.0,8.0,19.0,1.0,2.0,0.0,0.0,0.0
933.0,7319.0,5234.0,378.0,143.0,2888.0,2067.0,1107.0,47.0,68.0,35.0
13.0,58.0,108.0,8.0,8.0,19.0,1.0,1.0,0.0,0.0,0.0
746.0,8060.0,2904.0,204.0,110.0,2785.0,236.0,348.0,4.0,10.0,0.0
746.0,8060.0,2904.0,204.0,110.0,2785.0,236.0,348.0,4.0,10.0,0.0
13.0,58.0,108.0,8.0,8.0,19.0,1.0,1.0,0.0,0.0,0.0
1043.0,7432.0,5081.0,332.0,134.0,3010.0,2004.0,1041.0,41.0,59.0,33.0
872.0,5528.0,3836.0,253.0,112.0,2125.0,1446.0,796.0,32.0,44.0,26.0
13.0,58.0,108.0,8.0,8.0,19.0,1.0,1.0,0.0,0.0,0.0
746.0,8060.0,2904.0,204.0,110.0,2785.0,236.0,348.0,4.0,10.0,0.0
0.0,2.0,2.0,1.0,0.0,2.0,0.0,0.0,0.0,0.0,0.0
746.0,8060.0,2904.0,204.0,110.0,2785.0,236.0,348.0,4.0,10.0,0.0
438.0,3649.0,1863.0,58.0,34.0,975.0,81.0,201.0,7.0,13.0,18.0
1466.0,11369.0,8299.0,546.0,213.0,4411.0,3164.0,1764.0,67.0,105.0,50.0
746.0,8060.0,2904.0,204.0,110.0,2785.0,236.0,348.0,4.0,10.0,0.0
1034.0,6253.0,4109.0,261.0,100.0,2407.0,1524.0,843.0,29.0,53.0,25.0
746.0,8060.0,2904.0,204.0,110.0,2786.0,236.0,348.0,4.0,10.0,0.0
14.0,58.0,106.0,8.0,8.0,19.0,1.0,1.0,0.0,0.0,0.0
746.0,8060.0,2904.0,204.0,110.0,2785.0,236.0,348.0,4.0,10.0,0.0
438.0,3650.0,1864.0,58.0,34.0,975.0,81.0,201.0,7.0,13.0,18.0
1126.0,8820.0,6303.0,420.0,161.0,3453.0,2472.0,1350.0,52.0,85.0,42.0
746.0,8060.0,2904.0,204.0,110.0,2785.0,236.0,348.0,4.0,10.0,0.0
439.0,3650.0,1863.0,58.0,34.0,975.0,81.0,201.0,7.0,13.0,18.0
747.0,8060.0,2904.0,204.0,110.0,2785.0,236.0,348.0,4.0,10.0,0.0
0.0,1.0,4.0,2.0,0.0,2.0,0.0,0.0,0.0,0.0,0.0
1638.0,11268.0,7975.0,526.0,216.0,4381.0,3034.0,1688.0,67.0,106.0,52.0
962.0,6204.0,4359.0,299.0,127.0,2406.0,1657.0,893.0,35.0,49.0,29.0
1255.0,7806.0,5257.0,338.0,140.0,3118.0,2006.0,1046.0,41.0,59.0,33.0
1765.0,12394.0,8792.0,581.0,193.0,4731.0,3263.0,1823.0,63.0,107.0,65.0
746.0,8060.0,2905.0,204.0,110.0,2785.0,236.0,348.0,4.0,10.0,0.0
497.0,3528.0,1483.0,61.0,37.0,1182.0,81.0,218.0,7.0,12.0,18.0
1779.0,12388.0,8910.0,585.0,231.0,4789.0,3333.0,1859.0,74.0,114.0,55.0
1815.0,12516.0,9229.0,536.0,224.0,4905.0,3218.0,1887.0,76.0,111.0,53.0
438.0,3651.0,1863.0,58.0,34.0,975.0,81.0,201.0,7.0,13.0,18.0
1789.0,11670.0,8485.0,478.0,225.0,4696.0,3310.0,1693.0,59.0,116.0,54.0
438.0,3650.0,1863.0,58.0,34.0,975.0,81.0,201.0,7.0,13.0,18.0
522.0,4401.0,3274.0,183.0,78.0,1819.0,1072.0,590.0,20.0,26.0,16.0
746.0,8060.0,2904.0,204.0,110.0,2785.0,236.0,348.0,4.0,10.0,0.0
746.0,8060.0,2904.0,204.0,110.0,2785.0,236.0,348.0,4.0,10.0,0.0
746.0,8060.0,2904.0,204.0,110.0,2785.0,236.0,348.0,4.0,10.0,0.0
1655.0,12923.0,9311.0,634.0,234.0,5037.0,3537.0,1929.0,77.0,122.0,64.0
874.0,6118.0,3986.0,246.0,112.0,2221.0,1565.0,853.0,31.0,42.0,26.0
1436.0,9861.0,7093.0,485.0,186.0,3824.0,2665.0,1449.0,56.0,89.0,42.0
439.0,3649.0,1863.0,58.0,34.0,975.0,81.0,201.0,7.0,13.0,18.0
1491.0,9627.0,7174.0,377.0,163.0,3457.0,2268.0,1108.0,45.0,60.0,35.0
1224.0,9487.0,6917.0,479.0,180.0,3716.0,2663.0,1444.0,56.0,89.0,42.0
1448.0,11090.0,7914.0,520.0,210.0,4441.0,3103.0,1689.0,67.0,125.0,52.0
746.0,8060.0,2904.0,204.0,110.0,2785.0,236.0,348.0,4.0,10.0,0.0
746.0,8061.0,2904.0,204.0,110.0,2785.0,236.0,348.0,4.0,10.0,0.0
438.0,3650.0,1838.0,58.0,34.0,974.0,82.0,204.0,7.0,13.0,18.0
13.0,58.0,109.0,8.0,8.0,19.0,1.0,1.0,0.0,0.0,0.0
13.0,58.0,108.0,8.0,8.0,19.0,1.0,1.0,0.0,0.0,0.0
955.0,6302.0,4424.0,294.0,129.0,2410.0,1671.0,910.0,32.0,48.0,28.0
1694.0,11705.0,8302.0,533.0,220.0,4664.0,3266.0,1717.0,69.0,125.0,53.0
1468.0,12177.0,8429.0,635.0,262.0,5292.0,3081.0,1925.0,66.0,93.0,51.0
1840.0,13030.0,9366.0,611.0,239.0,5039.0,3516.0,1954.0,77.0,116.0,57.0
1522.0,10509.0,7437.0,492.0,201.0,4057.0,2831.0,1576.0,64.0,96.0,50.0
1272.0,8522.0,6075.0,404.0,157.0,3350.0,2288.0,1265.0,49.0,78.0,38.0
13.0,58.0,108.0,8.0,8.0,19.0,1.0,2.0,0.0,0.0,0.0
1741.0,12448.0,8970.0,583.0,228.0,4836.0,3365.0,1855.0,73.0,110.0,55.0
1414.0,10833.0,7759.0,520.0,210.0,4214.0,3006.0,1678.0,67.0,103.0,52.0
14.0,58.0,106.0,8.0,8.0,19.0,1.0,1.0,0.0,0.0,0.0
998.0,6536.0,4574.0,311.0,132.0,2535.0,1717.0,934.0,40.0,49.0,31.0
1856.0,13243.0,9353.0,605.0,248.0,5032.0,3526.0,2004.0,79.0,119.0,69.0
746.0,8060.0,2904.0,204.0,110.0,2785.0,236.0,348.0,4.0,10.0,0.0
1570.0,11251.0,7902.0,541.0,199.0,4286.0,3005.0,1649.0,64.0,94.0,58.0
2104.0,15523.0,10935.0,761.0,274.0,5910.0,4192.0,2310.0,88.0,137.0,86.0
746.0,8060.0,2904.0,204.0,110.0,2785.0,236.0,348.0,4.0,10.0,0.0
746.0,8060.0,2904.0,204.0,110.0,2785.0,236.0,348.0,4.0,10.0,0.0
946.0,7146.0,5116.0,320.0,123.0,2772.0,2023.0,1113.0,38.0,67.0,34.0
743.0,5928.0,4248.0,288.0,123.0,2302.0,1669.0,905.0,32.0,48.0,28.0
1503.0,12018.0,8665.0,575.0,195.0,4604.0,3366.0,1842.0,65.0,106.0,63.0
746.0,8060.0,2904.0,204.0,110.0,2785.0,236.0,348.0,4.0,10.0,0.0
127.0,865.0,609.0,35.0,21.0,336.0,221.0,141.0,3.0,4.0,4.0
730.0,2136.0,9505.0,27.0,12.0,482.0,82.0,69.0,0.0,5.0,0.0
438.0,3650.0,1863.0,58.0,34.0,975.0,81.0,201.0,7.0,13.0,18.0
746.0,8060.0,2904.0,204.0,110.0,2785.0,236.0,348.0,4.0,10.0,0.0
14.0,58.0,106.0,8.0,8.0,19.0,1.0,1.0,0.0,0.0,0.0
746.0,8061.0,2904.0,204.0,110.0,2785.0,236.0,348.0,4.0,10.0,0.0
339.0,1239.0,785.0,41.0,27.0,444.0,223.0,146.0,3.0,4.0,4.0
746.0,8061.0,2904.0,204.0,110.0,2785.0,236.0,348.0,4.0,10.0,0.0
252.0,1714.0,661.0,19.0,17.0,447.0,178.0,29.0,0.0,10.0,0.0
1857.0,14862.0,10683.0,730.0,269.0,5715.0,4103.0,2286.0,90.0,133.0,72.0
438.0,3650.0,1837.0,58.0,34.0,974.0,82.0,204.0,7.0,13.0,18.0
746.0,8060.0,2904.0,204.0,110.0,2785.0,236.0,348.0,4.0,10.0,0.0
1151.0,7216.0,5126.0,336.0,152.0,2805.0,1947.0,1086.0,42.0,57.0,33.0
746.0,8060.0,2904.0,204.0,110.0,2785.0,236.0,348.0,4.0,10.0,0.0
1453.0,11507.0,8278.0,569.0,215.0,4401.0,3215.0,1769.0,69.0,111.0,53.0
1426.0,10894.0,7799.0,520.0,210.0,4273.0,3032.0,1683.0,67.0,106.0,52.0
379.0,3406.0,1773.0,59.0,36.0,894.0,75.0,205.0,7.0,15.0,18.0
746.0,8060.0,2904.0,204.0,110.0,2785.0,236.0,348.0,4.0,10.0,0.0
1322.0,6641.0,7191.0,194.0,103.0,1620.0,861.0,449.0,12.0,46.0,8.0
14.0,58.0,106.0,8.0,8.0,19.0,1.0,1.0,0.0,0.0,0.0
439.0,3650.0,1837.0,58.0,34.0,974.0,82.0,204.0,7.0,13.0,18.0
746.0,8061.0,2904.0,204.0,110.0,2785.0,236.0,348.0,4.0,10.0,0.0
1580.0,12184.0,8894.0,581.0,228.0,4756.0,3391.0,1892.0,77.0,110.0,53.0
14.0,58.0,106.0,8.0,8.0,19.0,1.0,1.0,0.0,0.0,0.0
746.0,8061.0,2904.0,204.0,110.0,2785.0,236.0,348.0,4.0,10.0,0.0
295.0,1782.0,2086.0,52.0,48.0,453.0,663.0,112.0,1.0,2.0,0.0
1531.0,11833.0,8654.0,554.0,214.0,4652.0,3378.0,1833.0,72.0,104.0,54.0
22.0,176.0,96.0,6.0,6.0,41.0,40.0,23.0,1.0,1.0,0.0
1947.0,11984.0,8710.0,526.0,220.0,4603.0,3160.0,1718.0,71.0,125.0,52.0
77.0,309.0,214.0,13.0,7.0,126.0,38.0,40.0,1.0,1.0,1.0
1921.0,15399.0,11105.0,751.0,281.0,5899.0,4227.0,2372.0,90.0,138.0,73.0
4.0,9.0,3.0,0.0,3.0,0.0,0.0,0.0,0.0,0.0,0.0
662.0,5742.0,3810.0,240.0,106.0,2113.0,1563.0,848.0,31.0,42.0,26.0
136.0,325.0,143.0,9.0,8.0,92.0,10.0,8.0,0.0,2.0,0.0
243.0,1149.0,307.0,28.0,10.0,345.0,55.0,81.0,1.0,4.0,2.0
33.0,213.0,112.0,15.0,5.0,56.0,46.0,28.0,1.0,0.0,1.0
438.0,3651.0,1837.0,58.0,34.0,975.0,82.0,204.0,7.0,13.0,18.0
1464.0,10347.0,7243.0,473.0,193.0,3951.0,2726.0,1511.0,62.0,95.0,48.0
210.0,753.0,318.0,18.0,12.0,249.0,55.0,21.0,1.0,7.0,0.0
438.0,3650.0,1864.0,58.0,34.0,976.0,81.0,201.0,7.0,13.0,18.0
379.0,3404.0,1789.0,59.0,36.0,900.0,77.0,203.0,7.0,15.0,18.0
30.0,174.0,136.0,8.0,6.0,51.0,46.0,29.0,1.0,1.0,0.0
35.0,145.0,150.0,7.0,5.0,26.0,372.0,6.0,0.0,0.0,0.0
228.0,1606.0,636.0,13.0,12.0,428.0,28.0,27.0,0.0,0.0,1.0
128.0,865.0,815.0,39.0,14.0,304.0,191.0,121.0,9.0,5.0,4.0
379.0,3404.0,1788.0,59.0,36.0,899.0,77.0,203.0,7.0,15.0,18.0
4.0,9.0,3.0,0.0,3.0,0.0,0.0,0.0,0.0,0.0,0.0
64.0,295.0,196.0,11.0,10.0,88.0,51.0,27.0,2.0,3.0,2.0
181.0,1194.0,648.0,23.0,17.0,428.0,83.0,45.0,2.0,5.0,0.0
135.0,378.0,197.0,14.0,14.0,552.0,60.0,30.0,1.0,1.0,1.0
1678.0,11743.0,8475.0,552.0,219.0,4519.0,3166.0,1769.0,67.0,105.0,50.0
746.0,8060.0,2904.0,204.0,110.0,2785.0,236.0,348.0,4.0,10.0,0.0
14.0,52.0,10.0,3.0,5.0,3.0,0.0,4.0,0.0,0.0,0.0
74.0,406.0,230.0,13.0,13.0,203.0,75.0,39.0,1.0,2.0,1.0
291.0,2465.0,1384.0,53.0,17.0,643.0,37.0,50.0,2.0,2.0,6.0
160.0,766.0,260.0,54.0,40.0,264.0,318.0,105.0,1.0,0.0,0.0
73.0,240.0,187.0,12.0,13.0,84.0,74.0,34.0,2.0,0.0,1.0
957.0,6279.0,4388.0,300.0,128.0,2422.0,1661.0,898.0,35.0,49.0,29.0
746.0,8060.0,2904.0,204.0,110.0,2785.0,236.0,348.0,4.0,10.0,0.0
1577.0,11294.0,8306.0,472.0,219.0,4587.0,3308.0,1688.0,59.0,116.0,54.0
23.0,176.0,122.0,11.0,9.0,55.0,42.0,26.0,0.0,4.0,0.0
5.0,26.0,12.0,3.0,3.0,4.0,1.0,1.0,0.0,0.0,0.0
258.0,1559.0,1439.0,56.0,49.0,427.0,672.0,83.0,3.0,4.0,0.0
16.0,93.0,52.0,2.0,5.0,19.0,21.0,9.0,0.0,0.0,0.0
71.0,319.0,224.0,13.0,9.0,118.0,56.0,33.0,3.0,0.0,0.0
746.0,8060.0,2904.0,204.0,110.0,2786.0,236.0,348.0,4.0,10.0,0.0
441.0,3425.0,1819.0,58.0,34.0,943.0,66.0,201.0,7.0,9.0,18.0
1743.0,12207.0,8830.0,560.0,220.0,4760.0,3380.0,1838.0,72.0,104.0,54.0
781.0,14446.0,3246.0,130.0,66.0,1375.0,659.0,408.0,11.0,21.0,2.0
28.0,69.0,42.0,7.0,3.0,19.0,4.0,3.0,0.0,0.0,0.0
1607.0,11295.0,8233.0,520.0,212.0,4374.0,3083.0,1697.0,69.0,107.0,52.0
1338.0,9194.0,6479.0,426.0,167.0,3561.0,2474.0,1355.0,52.0,85.0,42.0
45.0,270.0,153.0,7.0,5.0,68.0,64.0,7.0,1.0,0.0,0.0
30.0,267.0,97.0,9.0,10.0,55.0,28.0,14.0,0.0,0.0,0.0
4.0,9.0,3.0,0.0,3.0,0.0,0.0,0.0,0.0,0.0,0.0
62.0,253.0,150.0,9.0,12.0,78.0,48.0,23.0,0.0,3.0,0.0
734.0,4775.0,3450.0,189.0,84.0,1927.0,1074.0,595.0,20.0,26.0,16.0
4.0,9.0,4.0,0.0,3.0,0.0,0.0,0.0,0.0,0.0,0.0
2133.0,15778.0,11289.0,758.0,287.0,6010.0,4235.0,2377.0,90.0,139.0,73.0
136.0,325.0,143.0,9.0,8.0,92.0,10.0,8.0,0.0,2.0,0.0
325.0,1994.0,1854.0,73.0,56.0,650.0,893.0,220.0,3.0,8.0,7.0
13.0,48.0,35.0,6.0,2.0,16.0,8.0,1.0,0.0,0.0,0.0
157.0,3235.0,963.0,26.0,14.0,562.0,239.0,100.0,2.0,9.0,4.0
9.0,53.0,87.0,6.0,2.0,8.0,9.0,1.0,0.0,0.0,0.0
48.0,145.0,121.0,6.0,6.0,42.0,26.0,15.0,0.0,1.0,0.0
147.0,2540.0,819.0,56.0,15.0,582.0,259.0,156.0,3.0,14.0,3.0
131.0,1226.0,563.0,20.0,15.0,361.0,126.0,68.0,3.0,3.0,0.0
10.0,52.0,30.0,6.0,2.0,12.0,7.0,5.0,0.0,0.0,0.0
439.0,3650.0,1837.0,58.0,34.0,975.0,82.0,204.0,7.0,13.0,18.0
1168.0,8946.0,6473.0,429.0,176.0,3646.0,2604.0,1357.0,56.0,95.0,42.0
149.0,2438.0,811.0,24.0,13.0,409.0,186.0,96.0,2.0,9.0,3.0
9.0,43.0,26.0,6.0,2.0,8.0,4.0,1.0,0.0,0.0,0.0
9.0,39.0,25.0,6.0,2.0,8.0,4.0,1.0,0.0,0.0,0.0
9.0,40.0,26.0,6.0,2.0,8.0,6.0,1.0,0.0,0.0,0.0
917.0,1849.0,1190.0,27.0,13.0,804.0,108.0,70.0,0.0,9.0,2.0
9.0,68.0,30.0,6.0,2.0,10.0,5.0,2.0,0.0,0.0,1.0
132.0,2432.0,801.0,30.0,13.0,409.0,208.0,113.0,4.0,8.0,1.0
15.0,44.0,34.0,6.0,2.0,13.0,7.0,1.0,0.0,0.0,0.0
12.0,44.0,36.0,6.0,2.0,12.0,7.0,1.0,0.0,0.0,0.0
2069.0,15241.0,10867.0,737.0,275.0,5826.0,4111.0,2291.0,90.0,134.0,72.0
9.0,47.0,19.0,6.0,2.0,9.0,5.0,1.0,0.0,0.0,0.0
10.0,45.0,27.0,6.0,2.0,8.0,6.0,2.0,0.0,0.0,0.0
9.0,39.0,25.0,6.0,2.0,8.0,4.0,1.0,0.0,0.0,0.0
10.0,55.0,30.0,6.0,2.0,9.0,6.0,2.0,0.0,0.0,0.0
66.0,281.0,73.0,8.0,6.0,81.0,8.0,4.0,0.0,0.0,0.0
216.0,2966.0,1147.0,63.0,19.0,615.0,313.0,154.0,6.0,9.0,5.0
205.0,2851.0,983.0,42.0,22.0,557.0,306.0,160.0,5.0,10.0,2.0
444.0,2658.0,2017.0,111.0,54.0,859.0,896.0,417.0,9.0,8.0,7.0
375.0,886.0,2016.0,68.0,103.0,366.0,642.0,138.0,3.0,9.0,7.0
9.0,39.0,25.0,6.0,2.0,8.0,4.0,1.0,0.0,0.0,0.0
9.0,39.0,35.0,6.0,2.0,8.0,4.0,1.0,0.0,0.0,0.0
9.0,737.0,657.0,0.0,1.0,413.0,5.0,10.0,0.0,0.0,0.0
15.0,134.0,186.0,1.0,2.0,34.0,54.0,16.0,0.0,0.0,0.0
27.0,251.0,251.0,10.0,6.0,96.0,71.0,33.0,1.0,1.0,0.0
69.0,528.0,470.0,14.0,8.0,208.0,128.0,59.0,3.0,5.0,1.0
213.0,1219.0,1219.0,40.0,42.0,319.0,662.0,34.0,1.0,2.0,0.0
36.0,189.0,120.0,13.0,2.0,56.0,32.0,21.0,0.0,1.0,3.0
74.0,285.0,243.0,9.0,7.0,134.0,46.0,39.0,0.0,3.0,0.0
15.0,210.0,197.0,2.0,3.0,48.0,69.0,10.0,1.0,0.0,1.0
10.0,39.0,30.0,6.0,2.0,18.0,11.0,1.0,0.0,0.0,0.0
198.0,2837.0,1081.0,57.0,19.0,577.0,288.0,147.0,6.0,8.0,3.0
4.0,9.0,3.0,0.0,3.0,0.0,0.0,0.0,0.0,0.0,0.0
4.0,9.0,3.0,0.0,3.0,0.0,0.0,0.0,0.0,0.0,0.0
209.0,751.0,314.0,19.0,12.0,246.0,61.0,25.0,1.0,7.0,1.0
13.0,40.0,30.0,6.0,2.0,12.0,5.0,2.0,0.0,0.0,0.0
9.0,39.0,47.0,6.0,2.0,8.0,4.0,1.0,0.0,0.0,0.0
18.0,205.0,204.0,2.0,3.0,44.0,72.0,11.0,0.0,1.0,1.0
18.0,211.0,204.0,1.0,4.0,44.0,71.0,11.0,0.0,0.0,1.0
16.0,53.0,37.0,6.0,2.0,14.0,10.0,4.0,0.0,0.0,0.0
16.0,85.0,144.0,0.0,3.0,47.0,16.0,4.0,0.0,0.0,0.0
9.0,39.0,43.0,6.0,2.0,8.0,4.0,1.0,0.0,0.0,0.0
20.0,211.0,210.0,1.0,3.0,45.0,73.0,11.0,0.0,0.0,2.0
171.0,884.0,848.0,28.0,9.0,423.0,257.0,101.0,2.0,5.0,1.0
5.0,89.0,65.0,1.0,1.0,11.0,3.0,5.0,0.0,0.0,0.0
15.0,44.0,30.0,6.0,2.0,14.0,5.0,2.0,0.0,0.0,0.0
92.0,612.0,753.0,30.0,8.0,353.0,131.0,110.0,3.0,9.0,2.0
393.0,3115.0,1505.0,68.0,33.0,948.0,259.0,123.0,3.0,22.0,2.0
375.0,886.0,2016.0,68.0,103.0,366.0,642.0,138.0,3.0,9.0,7.0
21.0,176.0,104.0,6.0,4.0,48.0,42.0,28.0,1.0,1.0,1.0
7.0,98.0,132.0,1.0,3.0,43.0,21.0,8.0,0.0,0.0,0.0
10.0,54.0,34.0,6.0,2.0,14.0,10.0,1.0,0.0,0.0,0.0
207.0,752.0,303.0,20.0,13.0,247.0,62.0,24.0,1.0,7.0,0.0
9.0,91.0,135.0,3.0,2.0,52.0,20.0,8.0,0.0,0.0,0.0
11.0,32.0,44.0,3.0,3.0,22.0,3.0,3.0,1.0,0.0,0.0
405.0,1001.0,721.0,30.0,29.0,435.0,126.0,94.0,3.0,6.0,3.0
4.0,9.0,3.0,0.0,3.0,0.0,1.0,0.0,0.0,0.0,0.0
214.0,3595.0,1171.0,52.0,22.0,653.0,292.0,172.0,10.0,9.0,10.0
23.0,197.0,108.0,12.0,4.0,74.0,47.0,27.0,0.0,1.0,0.0
171.0,884.0,848.0,28.0,9.0,423.0,257.0,101.0,2.0,5.0,1.0
746.0,8060.0,2904.0,204.0,110.0,2785.0,236.0,348.0,4.0,10.0,0.0
11.0,52.0,49.0,6.0,2.0,13.0,9.0,2.0,0.0,0.0,0.0
171.0,884.0,848.0,28.0,9.0,423.0,257.0,101.0,2.0,5.0,1.0
1680.0,12556.0,8613.0,642.0,268.0,5403.0,3089.0,1930.0,66.0,94.0,51.0
1055.0,4964.0,1651.0,65.0,41.0,1057.0,420.0,160.0,8.0,13.0,5.0
439.0,3651.0,1837.0,58.0,34.0,977.0,82.0,204.0,7.0,13.0,18.0
742.0,7212.0,3219.0,139.0,37.0,2518.0,1739.0,1146.0,43.0,58.0,15.0
10.0,48.0,27.0,2.0,8.0,25.0,1.0,5.0,0.0,0.0,0.0
8.0,68.0,19.0,1.0,0.0,9.0,18.0,3.0,2.0,0.0,1.0
6.0,94.0,142.0,1.0,2.0,48.0,26.0,3.0,0.0,0.0,0.0
15.0,125.0,190.0,2.0,3.0,32.0,64.0,9.0,0.0,0.0,1.0
170.0,1700.0,808.0,60.0,25.0,553.0,253.0,158.0,4.0,12.0,0.0
17.0,111.0,223.0,3.0,3.0,33.0,63.0,9.0,0.0,0.0,1.0
11.0,50.0,45.0,6.0,2.0,15.0,11.0,4.0,0.0,0.0,0.0
11.0,175.0,11.0,4.0,2.0,152.0,6.0,0.0,0.0,0.0,0.0
2.0,20.0,15.0,2.0,1.0,12.0,0.0,0.0,0.0,0.0,0.0
142.0,1669.0,758.0,56.0,16.0,555.0,309.0,148.0,9.0,10.0,3.0
211.0,3555.0,1129.0,53.0,28.0,671.0,281.0,166.0,2.0,16.0,3.0
9.0,42.0,29.0,6.0,2.0,11.0,5.0,1.0,0.0,0.0,0.0
15.0,126.0,185.0,2.0,2.0,36.0,53.0,16.0,0.0,0.0,0.0
137.0,327.0,145.0,9.0,8.0,92.0,10.0,8.0,0.0,2.0,0.0
16.0,199.0,192.0,4.0,3.0,46.0,61.0,11.0,0.0,0.0,1.0
29.0,199.0,129.0,12.0,5.0,56.0,48.0,25.0,2.0,1.0,2.0
9.0,80.0,149.0,1.0,3.0,44.0,20.0,4.0,0.0,1.0,0.0
11.0,50.0,30.0,6.0,2.0,11.0,5.0,5.0,0.0,0.0,0.0
7.0,84.0,19.0,0.0,0.0,7.0,16.0,2.0,2.0,0.0,0.0
10.0,44.0,31.0,6.0,2.0,11.0,4.0,1.0,0.0,0.0,0.0
203.0,3288.0,1192.0,55.0,23.0,637.0,322.0,176.0,6.0,5.0,7.0
266.0,1924.0,1940.0,25.0,26.0,529.0,95.0,47.0,1.0,8.0,2.0
13.0,107.0,60.0,0.0,2.0,84.0,10.0,5.0,0.0,0.0,0.0
11.0,32.0,44.0,3.0,3.0,22.0,3.0,3.0,1.0,0.0,0.0
1108.0,7027.0,5142.0,334.0,138.0,2708.0,1831.0,1068.0,41.0,54.0,25.0
3.0,49.0,24.0,0.0,0.0,13.0,3.0,4.0,0.0,0.0,0.0
19.0,61.0,45.0,0.0,0.0,8.0,3.0,2.0,0.0,2.0,0.0
10.0,42.0,29.0,6.0,2.0,10.0,5.0,3.0,0.0,0.0,0.0
9.0,39.0,25.0,6.0,2.0,8.0,4.0,1.0,0.0,0.0,0.0
11.0,142.0,186.0,1.0,2.0,60.0,35.0,15.0,0.0,0.0,0.0
789.0,2223.0,1779.0,35.0,19.0,902.0,581.0,174.0,7.0,8.0,5.0
1145.0,7693.0,5410.0,384.0,149.0,2996.0,2069.0,1112.0,47.0,68.0,35.0
3.0,49.0,24.0,0.0,0.0,13.0,3.0,4.0,0.0,0.0,0.0
489.0,4332.0,3395.0,196.0,43.0,1628.0,1046.0,400.0,20.0,28.0,27.0
180.0,2155.0,892.0,45.0,24.0,483.0,236.0,143.0,8.0,3.0,5.0
8.0,21.0,28.0,4.0,3.0,14.0,2.0,0.0,0.0,0.0,0.0
11.0,18.0,28.0,2.0,0.0,13.0,9.0,1.0,0.0,0.0,0.0
11.0,175.0,11.0,4.0,2.0,152.0,6.0,0.0,0.0,0.0,0.0
166.0,188.0,86.0,30.0,13.0,109.0,20.0,37.0,0.0,0.0,0.0
8.0,93.0,136.0,2.0,2.0,49.0,24.0,3.0,1.0,0.0,0.0
6.0,40.0,50.0,2.0,2.0,22.0,1.0,5.0,0.0,0.0,0.0
3.0,45.0,19.0,4.0,1.0,4.0,1.0,4.0,0.0,0.0,0.0
9.0,57.0,30.0,6.0,2.0,17.0,9.0,1.0,0.0,0.0,0.0
11.0,41.0,27.0,6.0,2.0,15.0,10.0,2.0,0.0,0.0,0.0
27.0,173.0,110.0,4.0,4.0,56.0,8.0,6.0,0.0,0.0,0.0
72.0,532.0,460.0,13.0,8.0,206.0,126.0,56.0,3.0,4.0,1.0
746.0,8060.0,2904.0,204.0,110.0,2785.0,236.0,348.0,4.0,10.0,0.0
19.0,178.0,189.0,1.0,3.0,38.0,57.0,10.0,0.0,1.0,1.0
13.0,129.0,187.0,3.0,2.0,42.0,53.0,12.0,0.0,1.0,0.0
9.0,61.0,39.0,0.0,1.0,14.0,9.0,5.0,0.0,0.0,0.0
32.0,196.0,100.0,3.0,3.0,59.0,3.0,11.0,0.0,0.0,0.0
2.0,20.0,15.0,2.0,1.0,12.0,0.0,0.0,0.0,0.0,0.0
369.0,4324.0,1451.0,63.0,31.0,896.0,195.0,97.0,3.0,2.0,6.0
6.0,89.0,138.0,0.0,2.0,43.0,18.0,1.0,0.0,0.0,0.0
8.0,68.0,19.0,1.0,0.0,9.0,18.0,3.0,2.0,0.0,1.0
7.0,93.0,141.0,1.0,2.0,40.0,20.0,4.0,0.0,0.0,0.0
14.0,201.0,196.0,3.0,4.0,45.0,51.0,12.0,0.0,0.0,1.0
71.0,528.0,463.0,13.0,8.0,207.0,125.0,56.0,3.0,4.0,1.0
145.0,993.0,740.0,57.0,20.0,441.0,282.0,169.0,10.0,7.0,4.0
70.0,524.0,464.0,14.0,8.0,209.0,124.0,57.0,3.0,4.0,1.0
13.0,40.0,30.0,6.0,2.0,12.0,5.0,2.0,0.0,0.0,0.0
16.0,54.0,36.0,6.0,3.0,11.0,4.0,1.0,0.0,0.0,0.0
375.0,886.0,2016.0,68.0,103.0,366.0,642.0,138.0,3.0,9.0,7.0
1.0,57.0,27.0,0.0,1.0,10.0,4.0,3.0,0.0,0.0,0.0
438.0,3651.0,1864.0,58.0,34.0,976.0,81.0,201.0,7.0,13.0,18.0
15.0,188.0,190.0,1.0,4.0,33.0,50.0,11.0,0.0,1.0,1.0
8.0,86.0,139.0,3.0,2.0,41.0,21.0,4.0,0.0,0.0,1.0
6.0,19.0,19.0,0.0,0.0,8.0,5.0,5.0,0.0,0.0,0.0
15.0,179.0,190.0,3.0,3.0,36.0,54.0,10.0,0.0,2.0,1.0
21.0,196.0,130.0,7.0,7.0,70.0,42.0,16.0,0.0,1.0,0.0
160.0,966.0,706.0,53.0,21.0,461.0,253.0,162.0,9.0,10.0,10.0
95.0,807.0,487.0,32.0,6.0,295.0,183.0,106.0,2.0,2.0,3.0
28.0,253.0,258.0,12.0,7.0,98.0,67.0,37.0,1.0,1.0,0.0
15.0,50.0,31.0,2.0,2.0,16.0,4.0,3.0,0.0,0.0,0.0
1529.0,12074.0,8794.0,577.0,222.0,4728.0,3363.0,1850.0,73.0,110.0,55.0
6.0,88.0,136.0,1.0,2.0,47.0,23.0,3.0,0.0,0.0,0.0
8.0,132.0,180.0,1.0,3.0,64.0,37.0,18.0,0.0,0.0,0.0
171.0,1881.0,762.0,48.0,14.0,470.0,285.0,144.0,4.0,7.0,4.0
10.0,39.0,32.0,6.0,2.0,10.0,20.0,1.0,0.0,0.0,0.0
17.0,216.0,198.0,2.0,4.0,44.0,74.0,10.0,1.0,1.0,2.0
9.0,39.0,25.0,6.0,2.0,8.0,4.0,1.0,0.0,0.0,0.0
17.0,101.0,57.0,4.0,6.0,58.0,26.0,20.0,0.0,0.0,0.0
11.0,46.0,28.0,6.0,2.0,9.0,5.0,3.0,0.0,0.0,0.0
153.0,1007.0,782.0,52.0,20.0,436.0,297.0,170.0,7.0,5.0,4.0
49.0,362.0,255.0,15.0,4.0,141.0,120.0,51.0,2.0,0.0,2.0
11.0,18.0,28.0,2.0,0.0,13.0,9.0,1.0,0.0,0.0,0.0
8.0,68.0,19.0,1.0,0.0,9.0,18.0,3.0,2.0,0.0,1.0
24.0,262.0,262.0,8.0,5.0,98.0,70.0,35.0,1.0,1.0,0.0
322.0,2778.0,1287.0,41.0,79.0,1157.0,240.0,200.0,6.0,7.0,3.0
12.0,138.0,10.0,4.0,2.0,154.0,3.0,0.0,1.0,0.0,0.0
88.0,471.0,366.0,20.0,7.0,206.0,147.0,70.0,1.0,3.0,5.0
12.0,60.0,36.0,6.0,2.0,9.0,8.0,2.0,0.0,0.0,0.0
10.0,62.0,25.0,6.0,2.0,10.0,4.0,2.0,0.0,0.0,0.0
1.0,1.0,1.0,3.0,1.0,0.0,0.0,0.0,0.0,0.0,0.0
9.0,88.0,142.0,2.0,3.0,44.0,19.0,4.0,0.0,0.0,0.0
280.0,2036.0,3625.0,60.0,17.0,686.0,407.0,427.0,3.0,7.0,5.0
19.0,91.0,93.0,3.0,0.0,19.0,11.0,4.0,0.0,0.0,0.0
28.0,186.0,98.0,9.0,5.0,60.0,43.0,20.0,1.0,1.0,0.0
70.0,527.0,463.0,13.0,8.0,205.0,124.0,58.0,3.0,4.0,2.0
161.0,2260.0,923.0,55.0,20.0,549.0,257.0,148.0,5.0,8.0,5.0
9.0,48.0,54.0,6.0,2.0,9.0,6.0,1.0,0.0,0.0,0.0
11.0,48.0,29.0,6.0,2.0,8.0,7.0,1.0,0.0,0.0,0.0
25.0,262.0,260.0,9.0,6.0,91.0,69.0,37.0,1.0,1.0,0.0
20.0,169.0,131.0,9.0,7.0,65.0,42.0,26.0,2.0,2.0,0.0
9.0,56.0,21.0,6.0,2.0,13.0,4.0,1.0,0.0,0.0,0.0
4.0,9.0,3.0,0.0,3.0,0.0,0.0,0.0,0.0,0.0,0.0
1510.0,12411.0,6613.0,339.0,150.0,3946.0,2480.0,1251.0,48.0,122.0,34.0
139.0,2411.0,865.0,39.0,15.0,417.0,315.0,144.0,5.0,6.0,0.0
71.0,250.0,167.0,7.0,10.0,73.0,51.0,33.0,3.0,1.0,0.0
169.0,890.0,736.0,11.0,11.0,237.0,244.0,89.0,2.0,4.0,0.0
162.0,1759.0,864.0,68.0,17.0,659.0,308.0,192.0,9.0,10.0,4.0
484.0,4355.0,3464.0,195.0,47.0,1666.0,1055.0,385.0,17.0,28.0,23.0
6.0,14.0,30.0,2.0,1.0,4.0,0.0,1.0,0.0,0.0,0.0
75.0,98.0,82.0,0.0,3.0,17.0,9.0,6.0,0.0,0.0,0.0
677.0,6466.0,3097.0,111.0,34.0,2347.0,1708.0,1097.0,44.0,54.0,13.0
119.0,169.0,126.0,6.0,2.0,76.0,18.0,11.0,0.0,0.0,1.0
18.0,48.0,35.0,6.0,3.0,11.0,8.0,2.0,0.0,0.0,0.0
7.0,98.0,140.0,0.0,2.0,48.0,22.0,2.0,0.0,0.0,1.0
14.0,14.0,17.0,0.0,1.0,5.0,6.0,3.0,0.0,0.0,2.0
1.0,27.0,17.0,0.0,2.0,0.0,0.0,0.0,0.0,0.0,0.0
596.0,3426.0,3739.0,125.0,47.0,1518.0,1047.0,537.0,3.0,25.0,3.0
19.0,61.0,45.0,0.0,0.0,8.0,3.0,2.0,0.0,2.0,0.0
18.0,95.0,201.0,1.0,4.0,35.0,61.0,8.0,0.0,0.0,1.0
10.0,68.0,47.0,5.0,0.0,20.0,8.0,7.0,0.0,0.0,1.0
10.0,47.0,29.0,6.0,2.0,8.0,4.0,3.0,0.0,0.0,0.0
6.0,93.0,138.0,2.0,2.0,41.0,20.0,4.0,0.0,0.0,0.0
48.0,40.0,140.0,4.0,6.0,74.0,21.0,5.0,0.0,0.0,0.0
9.0,47.0,19.0,6.0,2.0,9.0,5.0,1.0,0.0,0.0,0.0
10.0,43.0,31.0,6.0,2.0,10.0,4.0,1.0,0.0,0.0,0.0
11.0,48.0,86.0,3.0,2.0,8.0,1.0,1.0,0.0,0.0,0.0
5.0,105.0,13.0,4.0,2.0,137.0,1.0,1.0,1.0,0.0,0.0
1310.0,10135.0,7261.0,486.0,195.0,3949.0,2829.0,1571.0,64.0,96.0,50.0
7.0,31.0,21.0,2.0,1.0,15.0,9.0,1.0,0.0,0.0,0.0
2.0,20.0,22.0,1.0,1.0,2.0,0.0,0.0,0.0,0.0,0.0
163.0,1655.0,813.0,63.0,19.0,561.0,254.0,165.0,7.0,14.0,3.0
69.0,533.0,463.0,13.0,8.0,205.0,127.0,58.0,4.0,4.0,2.0
8.0,37.0,21.0,0.0,0.0,78.0,10.0,3.0,0.0,1.0,0.0
9.0,47.0,19.0,6.0,2.0,9.0,5.0,1.0,0.0,0.0,0.0
171.0,800.0,493.0,40.0,16.0,573.0,123.0,181.0,0.0,9.0,3.0
11.0,55.0,47.0,6.0,2.0,13.0,7.0,5.0,1.0,0.0,0.0
35.0,87.0,91.0,3.0,1.0,67.0,22.0,11.0,0.0,0.0,0.0
11.0,107.0,127.0,3.0,0.0,12.0,7.0,9.0,0.0,0.0,0.0
17.0,109.0,226.0,2.0,3.0,34.0,62.0,8.0,0.0,0.0,1.0
29.0,295.0,222.0,8.0,9.0,99.0,67.0,32.0,1.0,3.0,1.0
99.0,315.0,315.0,41.0,29.0,124.0,47.0,2308.0,1.0,3.0,1.0
9.0,89.0,140.0,2.0,2.0,48.0,20.0,9.0,0.0,0.0,0.0
128.0,963.0,731.0,50.0,25.0,427.0,249.0,147.0,6.0,12.0,4.0
41.0,165.0,41.0,3.0,3.0,46.0,7.0,8.0,0.0,1.0,0.0
45.0,273.0,107.0,4.0,2.0,69.0,10.0,22.0,0.0,0.0,0.0
10.0,84.0,36.0,4.0,3.0,19.0,5.0,2.0,0.0,0.0,0.0
80.0,923.0,320.0,5.0,1.0,110.0,72.0,43.0,0.0,0.0,0.0
2.0,27.0,40.0,1.0,3.0,6.0,4.0,6.0,1.0,0.0,0.0
9.0,39.0,25.0,6.0,2.0,8.0,4.0,1.0,0.0,0.0,0.0
13.0,141.0,108.0,6.0,3.0,21.0,8.0,8.0,0.0,0.0,0.0
9.0,91.0,125.0,5.0,0.0,15.0,12.0,1.0,0.0,0.0,0.0
5.0,56.0,43.0,0.0,0.0,7.0,2.0,29.0,0.0,0.0,0.0
30.0,188.0,370.0,7.0,3.0,49.0,2.0,7.0,0.0,0.0,0.0
33.0,188.0,178.0,11.0,5.0,74.0,56.0,36.0,0.0,3.0,0.0
254.0,1963.0,1927.0,27.0,27.0,524.0,101.0,46.0,0.0,2.0,1.0
27.0,181.0,124.0,8.0,5.0,60.0,45.0,30.0,0.0,0.0,1.0
206.0,872.0,911.0,37.0,17.0,450.0,109.0,60.0,6.0,2.0,0.0
75.0,98.0,82.0,0.0,3.0,17.0,9.0,6.0,0.0,0.0,0.0
102.0,707.0,469.0,33.0,13.0,246.0,156.0,96.0,5.0,4.0,2.0
18.0,132.0,137.0,5.0,5.0,35.0,11.0,8.0,0.0,0.0,0.0
22.0,99.0,68.0,5.0,2.0,32.0,19.0,13.0,1.0,1.0,0.0
2.0,2.0,1.0,3.0,1.0,0.0,0.0,0.0,0.0,0.0,0.0
277.0,4026.0,1498.0,63.0,44.0,475.0,716.0,96.0,1.0,9.0,4.0
11.0,43.0,39.0,6.0,2.0,19.0,9.0,1.0,0.0,0.0,0.0
32.0,180.0,222.0,2.0,1.0,63.0,249.0,1.0,0.0,0.0,0.0
13.0,52.0,27.0,6.0,2.0,10.0,4.0,4.0,0.0,0.0,0.0
16.0,107.0,232.0,1.0,3.0,35.0,62.0,11.0,0.0,0.0,1.0
233.0,3534.0,1281.0,48.0,21.0,705.0,368.0,190.0,9.0,14.0,5.0
165.0,2052.0,800.0,9.0,32.0,641.0,31.0,17.0,0.0,0.0,1.0
10.0,69.0,55.0,4.0,1.0,13.0,10.0,10.0,0.0,0.0,0.0
9.0,85.0,147.0,3.0,0.0,22.0,7.0,5.0,0.0,1.0,0.0
29.0,199.0,191.0,4.0,4.0,38.0,16.0,3.0,0.0,0.0,0.0
15.0,83.0,42.0,1.0,0.0,24.0,8.0,8.0,0.0,0.0,0.0
22.0,49.0,33.0,6.0,3.0,14.0,5.0,3.0,0.0,0.0,0.0
87.0,560.0,330.0,25.0,13.0,243.0,119.0,73.0,3.0,8.0,3.0
35.0,88.0,91.0,3.0,1.0,69.0,26.0,11.0,0.0,0.0,0.0
4.0,9.0,3.0,0.0,3.0,0.0,0.0,0.0,0.0,0.0,0.0
2.0,2.0,1.0,3.0,1.0,0.0,0.0,0.0,0.0,0.0,0.0
287.0,4015.0,1428.0,4.0,47.0,1393.0,0.0,28.0,0.0,0.0,0.0
29.0,199.0,191.0,4.0,4.0,38.0,16.0,3.0,0.0,0.0,0.0
2.0,5.0,31.0,1.0,1.0,1.0,0.0,0.0,0.0,0.0,0.0
10.0,68.0,47.0,5.0,0.0,20.0,8.0,7.0,0.0,0.0,1.0
2.0,2.0,1.0,3.0,1.0,0.0,0.0,0.0,0.0,0.0,0.0
159.0,1107.0,797.0,38.0,15.0,313.0,213.0,117.0,4.0,5.0,3.0
91.0,564.0,364.0,26.0,13.0,253.0,110.0,78.0,3.0,2.0,2.0
19.0,91.0,93.0,3.0,0.0,19.0,11.0,4.0,0.0,0.0,0.0
290.0,1238.0,526.0,22.0,17.0,382.0,139.0,87.0,3.0,4.0,2.0
15.0,50.0,31.0,2.0,2.0,16.0,4.0,3.0,0.0,0.0,0.0
277.0,4528.0,1181.0,34.0,15.0,1683.0,262.0,102.0,3.0,14.0,4.0
13.0,107.0,60.0,0.0,2.0,84.0,10.0,5.0,0.0,0.0,0.0
90.0,687.0,530.0,28.0,8.0,1024.0,244.0,123.0,4.0,6.0,5.0
1.0,1.0,1.0,3.0,1.0,0.0,0.0,0.0,0.0,0.0,0.0
4.0,10.0,3.0,0.0,3.0,0.0,0.0,0.0,0.0,0.0,0.0
45.0,206.0,145.0,7.0,2.0,47.0,8.0,8.0,0.0,1.0,0.0
12.0,138.0,10.0,4.0,2.0,154.0,3.0,0.0,1.0,0.0,0.0
16.0,207.0,204.0,4.0,4.0,49.0,71.0,12.0,0.0,0.0,1.0
5.0,88.0,138.0,3.0,3.0,47.0,20.0,3.0,0.0,0.0,0.0
7.0,74.0,143.0,0.0,2.0,49.0,19.0,2.0,0.0,0.0,0.0
70.0,526.0,466.0,13.0,8.0,209.0,129.0,57.0,4.0,4.0,1.0
617.0,3545.0,3849.0,131.0,44.0,1490.0,1145.0,502.0,5.0,18.0,7.0
4.0,28.0,35.0,1.0,1.0,13.0,5.0,4.0,0.0,0.0,0.0
10.0,47.0,34.0,7.0,2.0,8.0,4.0,2.0,0.0,0.0,0.0
69.0,528.0,466.0,14.0,8.0,211.0,125.0,57.0,3.0,4.0,1.0
355.0,2028.0,2257.0,95.0,33.0,813.0,541.0,339.0,8.0,20.0,12.0
9.0,41.0,36.0,6.0,2.0,10.0,32.0,2.0,0.0,0.0,0.0
95.0,272.0,326.0,27.0,10.0,102.0,31.0,19.0,0.0,4.0,0.0
9.0,40.0,27.0,6.0,2.0,8.0,7.0,1.0,0.0,0.0,0.0
13.0,116.0,95.0,5.0,0.0,18.0,12.0,8.0,0.0,0.0,0.0
24.0,189.0,89.0,6.0,4.0,43.0,18.0,19.0,0.0,0.0,0.0
13.0,19.0,22.0,0.0,2.0,3.0,7.0,5.0,0.0,0.0,0.0
24.0,288.0,441.0,7.0,3.0,61.0,34.0,7.0,6.0,1.0,0.0
158.0,10314.0,691.0,23.0,16.0,3121.0,203.0,126.0,0.0,27.0,1.0
81.0,721.0,455.0,34.0,14.0,316.0,150.0,85.0,1.0,3.0,2.0
204.0,3285.0,1193.0,50.0,18.0,667.0,353.0,180.0,8.0,10.0,3.0
10.0,90.0,146.0,0.0,3.0,48.0,19.0,4.0,0.0,0.0,0.0
20.0,116.0,60.0,6.0,1.0,23.0,16.0,11.0,0.0,0.0,0.0
6.0,91.0,69.0,7.0,3.0,27.0,4.0,2.0,0.0,0.0,0.0
5.0,82.0,53.0,0.0,0.0,5.0,3.0,6.0,0.0,0.0,0.0
13.0,102.0,63.0,2.0,6.0,25.0,4.0,11.0,0.0,0.0,0.0
178.0,625.0,921.0,10.0,28.0,222.0,48.0,41.0,2.0,1.0,1.0
9.0,39.0,25.0,6.0,2.0,8.0,4.0,1.0,0.0,0.0,0.0
9.0,38.0,21.0,6.0,2.0,8.0,4.0,1.0,0.0,0.0,0.0
16.0,39.0,26.0,6.0,2.0,10.0,4.0,1.0,0.0,0.0,0.0
9.0,53.0,30.0,6.0,2.0,8.0,4.0,1.0,0.0,0.0,0.0
746.0,8060.0,2904.0,204.0,110.0,2785.0,236.0,348.0,4.0,10.0,0.0
200.0,526.0,616.0,3.0,3.0,195.0,319.0,46.0,0.0,0.0,0.0
20.0,107.0,106.0,9.0,0.0,14.0,20.0,5.0,0.0,0.0,0.0
171.0,884.0,848.0,28.0,9.0,423.0,257.0,101.0,2.0,5.0,1.0
11.0,60.0,30.0,6.0,2.0,16.0,7.0,4.0,0.0,0.0,0.0
48.0,359.0,261.0,19.0,6.0,137.0,109.0,66.0,2.0,2.0,1.0
1.0,124.0,16.0,0.0,0.0,12.0,3.0,0.0,0.0,0.0,0.0
9.0,94.0,141.0,4.0,0.0,34.0,9.0,11.0,0.0,0.0,0.0
6.0,33.0,63.0,2.0,3.0,7.0,0.0,0.0,0.0,0.0,0.0
3.0,35.0,13.0,0.0,1.0,15.0,3.0,7.0,0.0,1.0,0.0
422.0,3007.0,2062.0,126.0,50.0,1134.0,1335.0,445.0,12.0,28.0,17.0
375.0,886.0,2016.0,68.0,103.0,366.0,642.0,138.0,3.0,9.0,7.0
10.0,68.0,47.0,5.0,0.0,20.0,8.0,7.0,0.0,0.0,1.0
15.0,107.0,204.0,1.0,5.0,35.0,65.0,11.0,0.0,0.0,1.0
1466.0,6340.0,15327.0,65.0,66.0,3794.0,190.0,130.0,2.0,4.0,2.0
258.0,4013.0,1474.0,4.0,56.0,1354.0,0.0,26.0,0.0,0.0,0.0
153.0,1016.0,782.0,59.0,24.0,415.0,287.0,174.0,9.0,9.0,3.0
195.0,2215.0,941.0,42.0,25.0,545.0,239.0,151.0,4.0,5.0,8.0
125.0,1080.0,1874.0,36.0,18.0,237.0,396.0,359.0,0.0,0.0,0.0
12.0,81.0,106.0,7.0,5.0,15.0,20.0,2.0,0.0,0.0,0.0
7.0,31.0,21.0,2.0,1.0,15.0,9.0,1.0,0.0,0.0,0.0
9.0,41.0,23.0,6.0,2.0,9.0,2.0,1.0,0.0,0.0,0.0
383.0,2695.0,1564.0,58.0,27.0,726.0,43.0,61.0,4.0,2.0,18.0
34.0,191.0,148.0,4.0,1.0,51.0,10.0,12.0,0.0,0.0,0.0
12.0,83.0,228.0,3.0,3.0,3.0,4.0,0.0,0.0,0.0,0.0
47.0,80.0,49.0,6.0,5.0,51.0,6.0,5.0,1.0,0.0,0.0
69.0,525.0,463.0,13.0,8.0,204.0,126.0,59.0,3.0,4.0,1.0
30.0,294.0,183.0,56.0,7.0,109.0,28.0,27.0,0.0,2.0,0.0
10.0,59.0,28.0,6.0,2.0,8.0,9.0,1.0,0.0,0.0,0.0
30.0,208.0,127.0,6.0,7.0,58.0,55.0,18.0,1.0,0.0,1.0
504.0,3418.0,2606.0,157.0,56.0,1224.0,985.0,500.0,22.0,48.0,15.0
11.0,90.0,90.0,2.0,3.0,12.0,10.0,3.0,0.0,1.0,0.0
1212.0,8216.0,5759.0,373.0,141.0,3198.0,2282.0,1189.0,48.0,76.0,32.0
2.0,20.0,15.0,2.0,1.0,12.0,0.0,0.0,0.0,0.0,0.0
275.0,5722.0,1367.0,63.0,23.0,746.0,274.0,139.0,7.0,7.0,3.0
242.0,1777.0,1820.0,20.0,24.0,457.0,61.0,23.0,0.0,1.0,1.0
67.0,390.0,407.0,15.0,9.0,139.0,104.0,57.0,2.0,3.0,1.0
48.0,405.0,289.0,23.0,14.0,130.0,78.0,52.0,1.0,7.0,1.0
9.0,39.0,25.0,6.0,2.0,8.0,4.0,1.0,0.0,0.0,0.0
19.0,117.0,73.0,2.0,3.0,37.0,8.0,8.0,0.0,0.0,0.0
16.0,173.0,194.0,3.0,5.0,36.0,56.0,11.0,0.0,2.0,1.0
16.0,175.0,194.0,3.0,3.0,46.0,54.0,9.0,0.0,1.0,1.0
35.0,87.0,91.0,3.0,1.0,67.0,22.0,11.0,0.0,0.0,0.0
1.0,2.0,0.0,3.0,1.0,1.0,0.0,0.0,0.0,0.0,0.0
13.0,42.0,43.0,6.0,3.0,9.0,4.0,2.0,0.0,0.0,0.0
218.0,1013.0,1546.0,56.0,16.0,365.0,243.0,165.0,7.0,6.0,5.0
29.0,413.0,277.0,4.0,4.0,109.0,25.0,22.0,9.0,0.0,2.0
46.0,317.0,98.0,5.0,3.0,90.0,11.0,16.0,0.0,0.0,0.0
13.0,136.0,183.0,3.0,3.0,33.0,55.0,11.0,0.0,0.0,0.0
26.0,479.0,238.0,8.0,3.0,166.0,9.0,8.0,0.0,2.0,0.0
20.0,100.0,118.0,2.0,1.0,29.0,12.0,8.0,0.0,0.0,0.0
9.0,39.0,27.0,6.0,2.0,8.0,4.0,1.0,0.0,0.0,0.0
138.0,325.0,284.0,2.0,4.0,130.0,41.0,3.0,0.0,9.0,0.0
19.0,91.0,93.0,3.0,0.0,19.0,11.0,4.0,0.0,0.0,0.0
5.0,33.0,63.0,2.0,3.0,7.0,1.0,0.0,0.0,0.0,0.0
300.0,3698.0,1587.0,15.0,35.0,1326.0,450.0,161.0,2.0,0.0,1.0
34.0,169.0,47.0,3.0,4.0,44.0,7.0,4.0,0.0,0.0,0.0
53.0,439.0,360.0,18.0,8.0,313.0,107.0,62.0,4.0,2.0,2.0
14.0,58.0,106.0,8.0,8.0,19.0,1.0,1.0,0.0,0.0,0.0
9.0,143.0,65.0,1.0,2.0,150.0,4.0,0.0,0.0,0.0,0.0
9.0,39.0,25.0,6.0,2.0,8.0,4.0,1.0,0.0,0.0,0.0
2.0,20.0,15.0,2.0,1.0,12.0,0.0,0.0,0.0,0.0,0.0
9.0,39.0,25.0,6.0,2.0,8.0,4.0,1.0,0.0,0.0,0.0
196.0,3035.0,1065.0,49.0,19.0,606.0,271.0,145.0,2.0,3.0,4.0
165.0,927.0,285.0,55.0,40.0,271.0,344.0,115.0,0.0,0.0,0.0
10.0,86.0,143.0,3.0,2.0,45.0,20.0,1.0,0.0,1.0,2.0
6.0,58.0,29.0,3.0,3.0,4.0,7.0,2.0,0.0,1.0,0.0
375.0,886.0,2016.0,68.0,103.0,366.0,642.0,138.0,3.0,9.0,7.0
29.0,211.0,121.0,8.0,5.0,57.0,44.0,17.0,1.0,1.0,0.0
11.0,99.0,111.0,2.0,0.0,23.0,9.0,8.0,0.0,0.0,0.0
26.0,255.0,253.0,8.0,5.0,97.0,78.0,39.0,1.0,1.0,0.0
93.0,849.0,877.0,31.0,18.0,261.0,155.0,82.0,2.0,8.0,2.0
79.0,425.0,237.0,8.0,9.0,191.0,62.0,35.0,2.0,1.0,1.0
9.0,39.0,25.0,6.0,2.0,8.0,4.0,1.0,0.0,0.0,0.0
140.0,998.0,720.0,54.0,22.0,405.0,224.0,152.0,7.0,8.0,8.0
199.0,2273.0,961.0,44.0,23.0,593.0,298.0,156.0,4.0,12.0,6.0
239.0,1215.0,1249.0,37.0,42.0,311.0,572.0,40.0,0.0,0.0,0.0
746.0,8060.0,2904.0,204.0,110.0,2785.0,236.0,348.0,4.0,10.0,0.0
9.0,39.0,25.0,6.0,2.0,8.0,4.0,1.0,0.0,0.0,0.0
377.0,338.0,45.0,18.0,4.0,182.0,4.0,17.0,0.0,0.0,0.0
1.0,124.0,16.0,0.0,0.0,12.0,3.0,0.0,0.0,0.0,0.0
193.0,2276.0,982.0,43.0,18.0,553.0,285.0,153.0,4.0,9.0,4.0
9.0,17.0,9.0,3.0,3.0,6.0,10.0,1.0,0.0,0.0,0.0
7.0,60.0,23.0,6.0,3.0,31.0,2.0,5.0,0.0,0.0,0.0
746.0,8060.0,2904.0,204.0,110.0,2785.0,236.0,348.0,4.0,10.0,0.0
422.0,3384.0,1772.0,58.0,34.0,929.0,67.0,213.0,7.0,9.0,18.0
6.0,20.0,12.0,3.0,3.0,2.0,5.0,3.0,0.0,0.0,0.0
90.0,1274.0,408.0,21.0,8.0,223.0,152.0,73.0,1.0,7.0,2.0
243.0,1372.0,1654.0,44.0,19.0,926.0,313.0,404.0,7.0,12.0,4.0
13.0,15.0,12.0,2.0,2.0,14.0,1.0,2.0,0.0,0.0,0.0
46.0,317.0,98.0,5.0,3.0,90.0,11.0,16.0,0.0,0.0,0.0
0.0,23.0,6.0,4.0,1.0,2.0,6.0,1.0,0.0,0.0,0.0
29.0,199.0,191.0,4.0,4.0,38.0,16.0,3.0,0.0,0.0,0.0
327.0,2302.0,1707.0,44.0,16.0,747.0,482.0,110.0,5.0,16.0,4.0
14.0,33.0,99.0,4.0,6.0,8.0,5.0,0.0,0.0,0.0,0.0
6.0,16.0,13.0,3.0,3.0,6.0,11.0,5.0,0.0,0.0,0.0
206.0,872.0,911.0,37.0,17.0,450.0,109.0,60.0,6.0,2.0,0.0
1.0,1.0,1.0,3.0,1.0,0.0,0.0,0.0,0.0,0.0,0.0
9.0,85.0,142.0,3.0,2.0,43.0,20.0,3.0,0.0,0.0,0.0
1.0,10.0,9.0,4.0,3.0,6.0,1.0,1.0,0.0,0.0,0.0
1.0,2.0,0.0,3.0,1.0,1.0,0.0,0.0,0.0,0.0,0.0
11.0,32.0,44.0,3.0,3.0,22.0,3.0,3.0,1.0,0.0,0.0
13.0,51.0,34.0,6.0,2.0,10.0,14.0,3.0,0.0,0.0,0.0
261.0,1944.0,1923.0,32.0,27.0,524.0,100.0,50.0,2.0,5.0,1.0
75.0,98.0,82.0,0.0,3.0,17.0,9.0,6.0,0.0,0.0,0.0
2.0,23.0,25.0,0.0,0.0,39.0,1.0,4.0,0.0,0.0,0.0
17.0,212.0,201.0,1.0,3.0,48.0,75.0,11.0,0.0,0.0,1.0
13.0,116.0,95.0,5.0,0.0,18.0,12.0,8.0,0.0,0.0,0.0
8.0,61.0,21.0,6.0,3.0,26.0,5.0,6.0,0.0,0.0,0.0
23.0,31.0,10.0,3.0,4.0,12.0,2.0,0.0,0.0,0.0,1.0
196.0,2999.0,1063.0,34.0,11.0,525.0,239.0,101.0,5.0,14.0,4.0
11.0,32.0,44.0,3.0,3.0,22.0,3.0,3.0,1.0,0.0,0.0
224.0,1272.0,1276.0,41.0,41.0,386.0,589.0,38.0,0.0,0.0,0.0
95.0,640.0,1180.0,137.0,11.0,162.0,325.0,150.0,1.0,5.0,10.0
34.0,72.0,113.0,0.0,0.0,62.0,21.0,6.0,0.0,2.0,0.0
171.0,884.0,848.0,28.0,9.0,423.0,257.0,101.0,2.0,5.0,1.0
9.0,20.0,6.0,1.0,1.0,16.0,2.0,1.0,0.0,0.0,0.0
10.0,18.0,7.0,6.0,2.0,4.0,0.0,1.0,0.0,0.0,0.0
141.0,124.0,44.0,7.0,9.0,91.0,12.0,23.0,0.0,0.0,0.0
141.0,122.0,43.0,8.0,9.0,88.0,10.0,24.0,1.0,0.0,0.0
3.0,35.0,13.0,0.0,1.0,15.0,3.0,7.0,0.0,1.0,0.0
34.0,169.0,47.0,3.0,4.0,44.0,7.0,4.0,0.0,0.0,0.0
316.0,1427.0,2553.0,44.0,57.0,478.0,425.0,135.0,4.0,9.0,4.0
341.0,2344.0,1880.0,116.0,36.0,863.0,587.0,353.0,19.0,25.0,7.0
15.0,50.0,31.0,2.0,2.0,16.0,4.0,3.0,0.0,0.0,0.0
409.0,1011.0,713.0,34.0,28.0,454.0,137.0,94.0,2.0,9.0,3.0
15.0,185.0,196.0,2.0,3.0,39.0,53.0,8.0,0.0,1.0,1.0
9.0,61.0,39.0,0.0,1.0,14.0,9.0,5.0,0.0,0.0,0.0
2.0,16.0,5.0,2.0,1.0,3.0,1.0,1.0,0.0,1.0,0.0
10.0,68.0,47.0,5.0,0.0,20.0,8.0,7.0,0.0,0.0,1.0
154.0,2575.0,819.0,32.0,14.0,449.0,178.0,90.0,3.0,7.0,4.0
1.0,2.0,0.0,3.0,1.0,1.0,0.0,0.0,0.0,0.0,0.0
580.0,124.0,4873.0,17.0,77.0,163.0,745.0,4.0,0.0,0.0,0.0
9.0,16.0,13.0,2.0,3.0,18.0,3.0,1.0,0.0,1.0,0.0
80.0,582.0,364.0,20.0,13.0,219.0,104.0,80.0,6.0,3.0,2.0
9.0,47.0,19.0,6.0,2.0,9.0,5.0,1.0,0.0,0.0,0.0
147.0,2529.0,820.0,40.0,17.0,578.0,281.0,149.0,2.0,14.0,7.0
33.0,20.0,8.0,3.0,1.0,8.0,3.0,3.0,0.0,0.0,0.0
11.0,18.0,28.0,2.0,0.0,13.0,9.0,1.0,0.0,0.0,0.0
7.0,84.0,19.0,0.0,0.0,7.0,15.0,4.0,2.0,0.0,0.0
6.0,9.0,17.0,0.0,0.0,0.0,0.0,2.0,0.0,0.0,0.0
19.0,61.0,45.0,0.0,0.0,8.0,3.0,2.0,0.0,2.0,0.0
8.0,21.0,8.0,3.0,1.0,9.0,4.0,1.0,0.0,0.0,0.0
1.0,7.0,7.0,2.0,1.0,2.0,1.0,0.0,0.0,0.0,0.0
2.0,28.0,14.0,3.0,0.0,9.0,3.0,1.0,0.0,0.0,0.0
1.0,14.0,5.0,3.0,4.0,5.0,3.0,5.0,0.0,0.0,0.0
19.0,91.0,93.0,3.0,0.0,19.0,11.0,4.0,0.0,0.0,0.0
8.0,21.0,28.0,4.0,3.0,14.0,2.0,0.0,0.0,0.0,0.0
375.0,886.0,2016.0,68.0,103.0,366.0,642.0,138.0,3.0,9.0,7.0
13.0,107.0,60.0,0.0,2.0,84.0,10.0,5.0,0.0,0.0,0.0
140.0,122.0,44.0,8.0,9.0,90.0,8.0,23.0,0.0,0.0,0.0
13.0,116.0,95.0,5.0,0.0,18.0,12.0,8.0,0.0,0.0,0.0
19.0,112.0,226.0,3.0,3.0,34.0,62.0,8.0,0.0,0.0,1.0
7.0,24.0,11.0,4.0,1.0,10.0,2.0,1.0,0.0,0.0,0.0
68.0,251.0,152.0,9.0,9.0,70.0,45.0,35.0,0.0,0.0,0.0
1804.0,12394.0,8595.0,567.0,225.0,4763.0,3161.0,1773.0,71.0,108.0,52.0
8.0,21.0,15.0,3.0,3.0,2.0,6.0,3.0,0.0,0.0,0.0
10.0,68.0,47.0,5.0,0.0,20.0,8.0,7.0,0.0,0.0,1.0
6.0,19.0,19.0,0.0,0.0,8.0,5.0,5.0,0.0,0.0,0.0
6.0,34.0,63.0,2.0,3.0,7.0,0.0,0.0,0.0,0.0,0.0
25.0,192.0,164.0,3.0,3.0,53.0,21.0,36.0,0.0,0.0,0.0
597.0,3492.0,3727.0,135.0,51.0,1511.0,1043.0,533.0,1.0,16.0,5.0
123.0,991.0,318.0,25.0,8.0,333.0,87.0,41.0,1.0,10.0,3.0
9.0,52.0,27.0,6.0,2.0,8.0,4.0,1.0,0.0,0.0,0.0
85.0,252.0,2057.0,10.0,8.0,56.0,34.0,18.0,0.0,0.0,0.0
15.0,22.0,17.0,4.0,3.0,15.0,3.0,0.0,0.0,0.0,0.0
20.0,103.0,198.0,1.0,3.0,31.0,63.0,8.0,0.0,0.0,1.0
11.0,124.0,49.0,6.0,1.0,25.0,16.0,6.0,0.0,1.0,1.0
1.0,16.0,4.0,4.0,3.0,4.0,1.0,2.0,0.0,0.0,0.0
914.0,4281.0,3947.0,84.0,70.0,1134.0,956.0,613.0,15.0,6.0,8.0
6.0,19.0,58.0,4.0,1.0,8.0,3.0,1.0,0.0,0.0,0.0
174.0,1135.0,926.0,46.0,7.0,449.0,296.0,141.0,6.0,10.0,5.0
8.0,64.0,38.0,1.0,0.0,14.0,2.0,6.0,0.0,0.0,0.0
9.0,14.0,15.0,4.0,3.0,5.0,4.0,0.0,0.0,0.0,0.0
29.0,200.0,38.0,2.0,3.0,60.0,1.0,4.0,0.0,1.0,0.0
11.0,124.0,49.0,6.0,1.0,25.0,16.0,6.0,0.0,1.0,1.0
1.0,1.0,1.0,3.0,1.0,0.0,0.0,0.0,0.0,0.0,0.0
440.0,3651.0,1838.0,58.0,34.0,974.0,82.0,204.0,7.0,13.0,18.0
154.0,547.0,947.0,17.0,15.0,216.0,69.0,64.0,0.0,0.0,0.0
24.0,162.0,47.0,7.0,3.0,189.0,3.0,5.0,1.0,0.0,0.0
9.0,61.0,39.0,0.0,1.0,14.0,9.0,5.0,0.0,0.0,0.0
236.0,3996.0,1438.0,4.0,43.0,1382.0,0.0,24.0,2.0,0.0,0.0
127.0,564.0,232.0,10.0,8.0,203.0,19.0,21.0,0.0,1.0,0.0
11.0,92.0,142.0,1.0,2.0,44.0,21.0,3.0,1.0,0.0,0.0
1715.0,13882.0,9937.0,653.0,248.0,5346.0,3765.0,2101.0,80.0,128.0,73.0
623.0,3519.0,3923.0,125.0,42.0,1491.0,1054.0,483.0,5.0,19.0,5.0
14.0,34.0,85.0,5.0,4.0,12.0,4.0,2.0,0.0,0.0,0.0
438.0,3649.0,1863.0,58.0,34.0,976.0,83.0,201.0,7.0,13.0,18.0
16.0,118.0,51.0,4.0,0.0,24.0,27.0,3.0,4.0,4.0,0.0
7.0,17.0,8.0,3.0,1.0,7.0,1.0,2.0,0.0,0.0,0.0
7.0,31.0,21.0,2.0,1.0,15.0,9.0,1.0,0.0,0.0,0.0
14.0,103.0,154.0,8.0,10.0,16.0,4.0,2.0,0.0,0.0,0.0
9.0,125.0,178.0,1.0,2.0,65.0,39.0,18.0,0.0,0.0,0.0
1.0,10.0,4.0,2.0,1.0,2.0,2.0,2.0,0.0,0.0,0.0
30.0,208.0,127.0,6.0,7.0,58.0,55.0,18.0,1.0,0.0,1.0
75.0,414.0,119.0,8.0,7.0,84.0,11.0,10.0,0.0,0.0,0.0
5.0,105.0,13.0,4.0,2.0,137.0,1.0,1.0,1.0,0.0,0.0
32.0,33.0,20.0,4.0,2.0,10.0,4.0,1.0,0.0,0.0,0.0
9.0,38.0,21.0,6.0,2.0,8.0,4.0,1.0,0.0,0.0,0.0
154.0,547.0,947.0,17.0,15.0,216.0,69.0,64.0,0.0,0.0,0.0
32.0,194.0,132.0,3.0,7.0,40.0,18.0,9.0,0.0,0.0,0.0
9.0,40.0,42.0,6.0,2.0,21.0,4.0,8.0,0.0,0.0,0.0
32.0,74.0,36.0,2.0,2.0,35.0,3.0,4.0,0.0,0.0,0.0
15.0,44.0,40.0,6.0,2.0,8.0,9.0,2.0,0.0,2.0,0.0
9.0,23.0,10.0,1.0,1.0,17.0,2.0,0.0,0.0,0.0,0.0
9.0,40.0,26.0,7.0,2.0,8.0,5.0,1.0,0.0,0.0,0.0
7.0,21.0,13.0,3.0,1.0,11.0,2.0,1.0,0.0,0.0,0.0
27.0,173.0,110.0,4.0,4.0,56.0,8.0,6.0,0.0,0.0,0.0
266.0,1677.0,1510.0,57.0,47.0,487.0,692.0,115.0,3.0,5.0,4.0
20.0,122.0,23.0,5.0,2.0,152.0,2.0,69.0,1.0,1.0,0.0
6.0,80.0,65.0,2.0,2.0,16.0,25.0,4.0,1.0,0.0,0.0
9.0,103.0,119.0,5.0,0.0,14.0,11.0,2.0,0.0,0.0,0.0
1.0,2.0,0.0,3.0,1.0,1.0,0.0,0.0,0.0,0.0,0.0
11.0,51.0,32.0,6.0,2.0,15.0,6.0,4.0,0.0,0.0,0.0
9.0,39.0,25.0,6.0,2.0,8.0,4.0,1.0,0.0,0.0,0.0
0.0,0.0,0.0,0.0,0.0,0.0,0.0,0.0,0.0,0.0,0.0
65.0,632.0,405.0,28.0,8.0,238.0,132.0,78.0,1.0,9.0,2.0
70.0,99.0,165.0,2.0,3.0,151.0,51.0,15.0,0.0,0.0,0.0
7.0,22.0,14.0,3.0,4.0,5.0,7.0,2.0,0.0,0.0,0.0
2.0,14.0,8.0,1.0,0.0,1.0,1.0,0.0,0.0,0.0,0.0
31.0,75.0,37.0,3.0,3.0,36.0,1.0,4.0,0.0,0.0,0.0
128.0,571.0,230.0,10.0,8.0,198.0,19.0,19.0,0.0,1.0,0.0
4.0,24.0,32.0,1.0,1.0,7.0,8.0,2.0,0.0,0.0,0.0
9.0,41.0,31.0,6.0,2.0,8.0,6.0,1.0,0.0,0.0,0.0
24.0,29.0,22.0,6.0,3.0,17.0,5.0,2.0,0.0,0.0,1.0
4.0,28.0,35.0,1.0,1.0,13.0,5.0,4.0,0.0,0.0,0.0
11.0,52.0,36.0,6.0,2.0,15.0,6.0,4.0,0.0,0.0,0.0
1.0,1.0,1.0,3.0,1.0,0.0,0.0,0.0,0.0,0.0,0.0
16.0,155.0,211.0,3.0,4.0,43.0,36.0,15.0,1.0,0.0,0.0
10.0,116.0,55.0,6.0,1.0,27.0,25.0,7.0,0.0,0.0,0.0
7.0,90.0,137.0,1.0,2.0,48.0,22.0,6.0,0.0,0.0,1.0
3.0,24.0,12.0,2.0,2.0,10.0,3.0,3.0,0.0,1.0,0.0
141.0,124.0,44.0,7.0,9.0,90.0,9.0,24.0,0.0,0.0,0.0
11.0,50.0,29.0,6.0,2.0,9.0,5.0,1.0,0.0,0.0,0.0
17.0,123.0,44.0,7.0,1.0,21.0,17.0,9.0,0.0,0.0,0.0
2.0,2.0,1.0,3.0,1.0,0.0,0.0,0.0,0.0,0.0,0.0
48.0,404.0,289.0,23.0,14.0,130.0,78.0,52.0,1.0,7.0,1.0
5.0,29.0,63.0,2.0,3.0,7.0,0.0,0.0,0.0,0.0,0.0
45.0,273.0,107.0,4.0,2.0,69.0,10.0,22.0,0.0,0.0,0.0
17.0,21.0,15.0,4.0,2.0,13.0,1.0,1.0,0.0,0.0,0.0
75.0,98.0,82.0,0.0,3.0,17.0,9.0,6.0,0.0,0.0,0.0
32.0,78.0,41.0,4.0,2.0,36.0,1.0,6.0,0.0,0.0,0.0
34.0,169.0,47.0,3.0,4.0,44.0,7.0,4.0,0.0,0.0,0.0
127.0,2425.0,811.0,25.0,19.0,415.0,204.0,104.0,2.0,10.0,1.0
156.0,2246.0,914.0,45.0,22.0,496.0,250.0,142.0,6.0,15.0,5.0
48.0,174.0,217.0,7.0,2.0,29.0,38.0,30.0,0.0,0.0,0.0
209.0,2887.0,1050.0,59.0,18.0,550.0,297.0,172.0,7.0,7.0,8.0
5.0,29.0,63.0,2.0,3.0,7.0,0.0,0.0,0.0,0.0,0.0
10.0,54.0,28.0,6.0,3.0,13.0,6.0,1.0,0.0,0.0,0.0
7.0,84.0,19.0,0.0,0.0,7.0,15.0,4.0,2.0,0.0,0.0
20.0,98.0,202.0,1.0,3.0,35.0,66.0,10.0,0.0,0.0,1.0
13.0,102.0,63.0,2.0,6.0,25.0,4.0,11.0,0.0,0.0,0.0
375.0,886.0,2016.0,68.0,103.0,366.0,642.0,138.0,3.0,9.0,7.0
13.0,112.0,137.0,8.0,11.0,18.0,7.0,2.0,0.0,0.0,0.0
101.0,604.0,509.0,13.0,10.0,249.0,102.0,62.0,1.0,2.0,2.0
569.0,4231.0,1765.0,76.0,35.0,1233.0,538.0,213.0,5.0,9.0,8.0
206.0,872.0,911.0,37.0,17.0,450.0,109.0,60.0,6.0,2.0,0.0
8.0,20.0,12.0,1.0,2.0,10.0,2.0,3.0,0.0,0.0,0.0
5.0,82.0,53.0,0.0,0.0,5.0,3.0,6.0,0.0,0.0,0.0
1.0,2.0,2.0,0.0,0.0,1.0,0.0,0.0,0.0,0.0,0.0
7.0,46.0,29.0,2.0,0.0,15.0,6.0,3.0,0.0,0.0,0.0
23.0,167.0,47.0,7.0,3.0,182.0,3.0,8.0,0.0,1.0,0.0
9.0,90.0,135.0,2.0,2.0,44.0,17.0,7.0,0.0,1.0,0.0
14.0,69.0,522.0,2.0,0.0,7.0,265.0,1.0,0.0,0.0,0.0
24.0,189.0,89.0,6.0,4.0,43.0,18.0,19.0,0.0,0.0,0.0
0.0,10.0,6.0,3.0,3.0,3.0,1.0,2.0,0.0,0.0,0.0
13.0,116.0,95.0,5.0,0.0,18.0,12.0,8.0,0.0,0.0,0.0
845.0,5683.0,5335.0,98.0,221.0,1523.0,2087.0,383.0,22.0,13.0,38.0
22.0,229.0,121.0,7.0,11.0,51.0,45.0,19.0,0.0,2.0,0.0
12.0,111.0,52.0,5.0,1.0,45.0,21.0,8.0,2.0,1.0,0.0
8.0,21.0,28.0,4.0,3.0,14.0,2.0,0.0,0.0,0.0,0.0
41.0,165.0,41.0,3.0,3.0,46.0,7.0,8.0,0.0,1.0,0.0
1715.0,12396.0,8842.0,581.0,201.0,4714.0,3373.0,1848.0,65.0,106.0,63.0
17.0,75.0,125.0,3.0,2.0,14.0,3.0,2.0,0.0,0.0,0.0
6.0,15.0,31.0,1.0,0.0,5.0,5.0,3.0,0.0,0.0,0.0
9.0,20.0,8.0,3.0,1.0,10.0,2.0,1.0,1.0,0.0,0.0
9.0,39.0,25.0,6.0,2.0,8.0,4.0,1.0,0.0,0.0,0.0
6.0,34.0,64.0,2.0,3.0,7.0,0.0,0.0,0.0,0.0,0.0
5.0,18.0,62.0,5.0,1.0,8.0,4.0,1.0,0.0,0.0,0.0
1142.0,3894.0,5194.0,90.0,30.0,1419.0,994.0,408.0,11.0,17.0,13.0
44.0,461.0,94.0,5.0,7.0,141.0,15.0,9.0,1.0,0.0,0.0
30.0,228.0,407.0,5.0,2.0,53.0,59.0,23.0,0.0,0.0,0.0
11.0,14.0,7.0,2.0,1.0,15.0,0.0,1.0,0.0,0.0,0.0
31.0,77.0,39.0,4.0,2.0,34.0,4.0,4.0,0.0,0.0,0.0
16.0,148.0,139.0,2.0,0.0,22.0,7.0,1.0,0.0,1.0,0.0
585.0,2112.0,1143.0,47.0,27.0,460.0,162.0,117.0,2.0,6.0,2.0
11.0,52.0,49.0,6.0,2.0,13.0,9.0,2.0,0.0,0.0,0.0
171.0,884.0,848.0,28.0,9.0,423.0,257.0,101.0,2.0,5.0,1.0
230.0,3251.0,1266.0,51.0,30.0,659.0,340.0,176.0,7.0,20.0,6.0
8.0,68.0,19.0,1.0,0.0,9.0,18.0,3.0,2.0,0.0,1.0
9.0,49.0,29.0,6.0,3.0,11.0,10.0,1.0,0.0,0.0,0.0
9.0,61.0,20.0,6.0,3.0,28.0,5.0,6.0,0.0,0.0,0.0
1.0,1.0,1.0,3.0,1.0,0.0,0.0,0.0,0.0,0.0,0.0
591.0,3482.0,3727.0,135.0,49.0,1520.0,1037.0,522.0,1.0,16.0,4.0
21.0,175.0,83.0,5.0,5.0,45.0,30.0,22.0,4.0,2.0,1.0
13.0,97.0,153.0,0.0,4.0,53.0,21.0,4.0,0.0,0.0,1.0
136.0,325.0,143.0,9.0,8.0,92.0,10.0,8.0,0.0,2.0,0.0
0.0,14.0,7.0,2.0,1.0,4.0,2.0,1.0,0.0,0.0,0.0
6.0,80.0,65.0,2.0,2.0,16.0,25.0,4.0,1.0,0.0,0.0
83.0,627.0,342.0,25.0,5.0,192.0,108.0,62.0,0.0,7.0,2.0
9.0,39.0,25.0,6.0,2.0,8.0,4.0,1.0,0.0,0.0,0.0
6.0,130.0,30.0,4.0,2.0,152.0,5.0,0.0,1.0,0.0,0.0
11.0,47.0,27.0,6.0,2.0,9.0,5.0,1.0,0.0,0.0,0.0
98.0,828.0,412.0,14.0,2.0,296.0,190.0,23.0,0.0,0.0,0.0
24.0,189.0,89.0,6.0,4.0,43.0,18.0,19.0,0.0,0.0,0.0
6.0,52.0,45.0,4.0,2.0,5.0,2.0,1.0,0.0,0.0,0.0
378.0,340.0,47.0,18.0,3.0,182.0,6.0,16.0,0.0,0.0,0.0
6.0,7.0,9.0,0.0,2.0,12.0,3.0,3.0,0.0,1.0,0.0
27.0,202.0,41.0,1.0,3.0,58.0,4.0,4.0,0.0,0.0,0.0
6.0,40.0,50.0,2.0,2.0,22.0,1.0,5.0,0.0,0.0,0.0
4.0,9.0,3.0,0.0,3.0,0.0,0.0,0.0,0.0,0.0,0.0
1.0,28.0,13.0,2.0,2.0,4.0,1.0,2.0,0.0,0.0,0.0
26.0,252.0,249.0,11.0,6.0,93.0,68.0,35.0,1.0,1.0,0.0
86.0,416.0,238.0,13.0,9.0,193.0,65.0,41.0,0.0,2.0,0.0
221.0,2112.0,829.0,20.0,25.0,742.0,73.0,44.0,1.0,1.0,0.0
9.0,39.0,25.0,6.0,2.0,8.0,4.0,1.0,0.0,0.0,0.0
2.0,13.0,8.0,4.0,3.0,5.0,3.0,1.0,0.0,0.0,1.0
1.0,1.0,1.0,3.0,1.0,0.0,0.0,0.0,0.0,0.0,0.0
911.0,3572.0,1299.0,47.0,19.0,968.0,317.0,94.0,2.0,27.0,4.0
90.0,642.0,515.0,15.0,8.0,248.0,95.0,73.0,2.0,5.0,1.0
2.0,23.0,12.0,2.0,2.0,4.0,2.0,4.0,0.0,0.0,0.0
12.0,79.0,65.0,3.0,9.0,29.0,2.0,20.0,0.0,0.0,0.0
9.0,25.0,7.0,3.0,1.0,9.0,3.0,1.0,0.0,0.0,1.0
5.0,89.0,65.0,1.0,1.0,11.0,3.0,5.0,0.0,0.0,0.0
1.0,2.0,0.0,3.0,1.0,1.0,0.0,0.0,0.0,0.0,0.0
171.0,884.0,848.0,28.0,9.0,423.0,257.0,101.0,2.0,5.0,1.0
9.0,42.0,22.0,6.0,2.0,8.0,4.0,1.0,0.0,0.0,0.0
4.0,28.0,35.0,1.0,1.0,13.0,5.0,4.0,0.0,0.0,0.0
13.0,107.0,60.0,0.0,2.0,84.0,10.0,5.0,0.0,0.0,0.0
2.0,18.0,16.0,2.0,3.0,5.0,1.0,2.0,0.0,0.0,0.0
32.0,152.0,61.0,4.0,2.0,41.0,4.0,4.0,0.0,0.0,0.0
141.0,123.0,45.0,7.0,9.0,88.0,10.0,23.0,0.0,0.0,0.0
375.0,886.0,2016.0,68.0,103.0,366.0,642.0,138.0,3.0,9.0,7.0
15.0,44.0,40.0,6.0,2.0,8.0,9.0,2.0,0.0,2.0,0.0
593.0,3508.0,3706.0,137.0,48.0,1521.0,1044.0,532.0,1.0,16.0,4.0
47.0,191.0,166.0,4.0,2.0,42.0,11.0,9.0,0.0,1.0,0.0
8.0,20.0,12.0,1.0,2.0,10.0,2.0,3.0,0.0,0.0,0.0
8.0,14.0,6.0,8.0,1.0,9.0,2.0,2.0,0.0,0.0,0.0
7.0,97.0,147.0,0.0,4.0,44.0,23.0,2.0,0.0,0.0,0.0
79.0,138.0,48.0,5.0,3.0,55.0,9.0,8.0,0.0,0.0,0.0
9.0,63.0,103.0,5.0,2.0,7.0,4.0,1.0,0.0,0.0,0.0
29.0,125.0,74.0,5.0,3.0,39.0,29.0,9.0,0.0,1.0,0.0
30.0,208.0,127.0,6.0,7.0,58.0,55.0,18.0,1.0,0.0,1.0
180.0,2847.0,1002.0,47.0,20.0,528.0,242.0,151.0,5.0,7.0,4.0
191.0,240.0,274.0,0.0,3.0,229.0,2.0,0.0,0.0,0.0,0.0
1158.0,7522.0,5295.0,326.0,129.0,2881.0,2025.0,1118.0,38.0,67.0,34.0
24.0,189.0,89.0,6.0,4.0,43.0,18.0,19.0,0.0,0.0,0.0
6.0,58.0,29.0,3.0,3.0,4.0,7.0,2.0,0.0,1.0,0.0
16.0,98.0,160.0,1.0,2.0,48.0,18.0,2.0,0.0,0.0,0.0
142.0,980.0,716.0,52.0,21.0,384.0,251.0,159.0,6.0,10.0,6.0
12.0,94.0,120.0,3.0,0.0,14.0,23.0,4.0,0.0,0.0,0.0
7.0,59.0,25.0,7.0,3.0,33.0,2.0,5.0,0.0,0.0,0.0
1.0,2.0,0.0,3.0,1.0,1.0,0.0,0.0,0.0,0.0,0.0
16.0,108.0,227.0,1.0,3.0,32.0,65.0,9.0,0.0,0.0,1.0
17.0,123.0,44.0,7.0,1.0,21.0,17.0,9.0,0.0,0.0,0.0
27.0,42.0,11.0,2.0,3.0,12.0,1.0,4.0,0.0,0.0,0.0
257.0,1928.0,1921.0,34.0,27.0,517.0,99.0,53.0,0.0,3.0,2.0
9.0,39.0,25.0,6.0,2.0,8.0,4.0,1.0,0.0,0.0,0.0
1.0,22.0,13.0,2.0,2.0,5.0,3.0,2.0,0.0,0.0,0.0
24.0,189.0,89.0,6.0,4.0,43.0,18.0,19.0,0.0,0.0,0.0
35.0,87.0,91.0,3.0,1.0,67.0,22.0,11.0,0.0,0.0,0.0
2.0,9.0,9.0,2.0,1.0,3.0,1.0,0.0,0.0,0.0,0.0
48.0,404.0,289.0,23.0,14.0,130.0,78.0,52.0,1.0,7.0,1.0
7.0,60.0,19.0,7.0,3.0,35.0,1.0,6.0,0.0,0.0,1.0
124.0,358.0,1164.0,19.0,11.0,158.0,75.0,54.0,0.0,1.0,0.0
188.0,3243.0,1175.0,46.0,20.0,608.0,335.0,164.0,6.0,11.0,5.0
7.0,19.0,9.0,4.0,3.0,12.0,5.0,2.0,0.0,0.0,0.0
9.0,51.0,32.0,6.0,2.0,8.0,7.0,1.0,0.0,0.0,0.0
28.0,195.0,39.0,2.0,3.0,58.0,3.0,5.0,0.0,0.0,0.0
9.0,39.0,25.0,6.0,2.0,8.0,4.0,1.0,0.0,0.0,0.0
3.0,8.0,26.0,1.0,0.0,12.0,6.0,2.0,0.0,0.0,0.0
8.0,60.0,57.0,2.0,0.0,18.0,1.0,0.0,0.0,0.0,0.0
111.0,455.0,947.0,15.0,11.0,168.0,81.0,33.0,1.0,3.0,3.0
7.0,85.0,145.0,2.0,2.0,51.0,15.0,4.0,0.0,1.0,1.0
12.0,111.0,52.0,5.0,1.0,45.0,21.0,8.0,2.0,1.0,0.0
20.0,216.0,201.0,1.0,3.0,44.0,70.0,11.0,0.0,0.0,1.0
12.0,111.0,52.0,5.0,1.0,45.0,21.0,8.0,2.0,1.0,0.0
1934.0,14117.0,9813.0,614.0,264.0,5957.0,3580.0,2012.0,77.0,135.0,68.0
24.0,39.0,69.0,0.0,4.0,47.0,2.0,3.0,0.0,0.0,0.0
27.0,197.0,39.0,2.0,4.0,60.0,2.0,6.0,0.0,1.0,0.0
128.0,1008.0,329.0,15.0,16.0,296.0,13.0,18.0,0.0,1.0,1.0
14.0,82.0,103.0,7.0,5.0,8.0,17.0,2.0,0.0,0.0,0.0
10.0,47.0,34.0,7.0,2.0,8.0,4.0,2.0,0.0,0.0,0.0
69.0,530.0,461.0,14.0,8.0,209.0,127.0,57.0,3.0,4.0,1.0
1.0,18.0,5.0,2.0,1.0,7.0,2.0,0.0,0.0,1.0,0.0
241.0,1344.0,1633.0,43.0,19.0,934.0,320.0,409.0,6.0,11.0,4.0
7.0,31.0,21.0,2.0,1.0,15.0,9.0,1.0,0.0,0.0,0.0
177.0,2210.0,975.0,45.0,16.0,561.0,254.0,151.0,3.0,10.0,5.0
27.0,258.0,260.0,9.0,6.0,100.0,73.0,36.0,4.0,2.0,0.0
1473.0,10303.0,7296.0,494.0,195.0,4135.0,2889.0,1487.0,60.0,106.0,49.0
769.0,6001.0,4442.0,292.0,119.0,2335.0,1691.0,933.0,32.0,47.0,25.0
210.0,2965.0,1044.0,61.0,19.0,577.0,311.0,147.0,9.0,12.0,6.0
240.0,4017.0,1515.0,4.0,44.0,1356.0,0.0,18.0,1.0,0.0,0.0
91.0,518.0,415.0,35.0,18.0,211.0,124.0,84.0,5.0,10.0,2.0
33.0,77.0,46.0,2.0,2.0,36.0,1.0,4.0,0.0,0.0,0.0
14.0,88.0,39.0,8.0,6.0,25.0,2.0,29.0,0.0,0.0,0.0
9.0,19.0,11.0,1.0,1.0,16.0,1.0,1.0,0.0,0.0,0.0
32.0,155.0,66.0,4.0,2.0,43.0,4.0,4.0,0.0,0.0,0.0
4.0,9.0,5.0,0.0,3.0,0.0,0.0,0.0,0.0,0.0,0.0
30.0,152.0,78.0,5.0,2.0,47.0,16.0,11.0,0.0,0.0,0.0
646.0,3503.0,3945.0,126.0,44.0,1484.0,1043.0,487.0,5.0,18.0,5.0
15.0,50.0,31.0,2.0,2.0,16.0,4.0,3.0,0.0,0.0,0.0
5.0,89.0,65.0,1.0,1.0,11.0,3.0,5.0,0.0,0.0,0.0
95.0,639.0,1180.0,137.0,11.0,162.0,325.0,150.0,1.0,5.0,10.0
8.0,87.0,90.0,1.0,0.0,14.0,16.0,2.0,0.0,0.0,0.0
1.0,16.0,6.0,3.0,1.0,3.0,2.0,0.0,0.0,0.0,0.0
6.0,25.0,58.0,4.0,1.0,8.0,1.0,1.0,0.0,0.0,0.0
35.0,145.0,150.0,7.0,5.0,26.0,372.0,6.0,0.0,0.0,0.0
110.0,933.0,690.0,41.0,14.0,406.0,229.0,174.0,2.0,12.0,6.0
16.0,45.0,31.0,6.0,2.0,12.0,7.0,2.0,0.0,0.0,0.0
15.0,20.0,16.0,5.0,2.0,12.0,0.0,0.0,0.0,0.0,0.0
15.0,18.0,14.0,6.0,2.0,13.0,5.0,1.0,0.0,0.0,0.0
9.0,47.0,19.0,6.0,2.0,9.0,5.0,1.0,0.0,0.0,0.0
5.0,21.0,60.0,4.0,1.0,11.0,6.0,0.0,0.0,0.0,0.0
4.0,9.0,3.0,0.0,3.0,0.0,0.0,0.0,0.0,0.0,0.0
7.0,79.0,70.0,2.0,0.0,3.0,4.0,6.0,0.0,0.0,0.0
9.0,51.0,27.0,6.0,2.0,8.0,6.0,2.0,0.0,0.0,0.0
12.0,131.0,187.0,3.0,2.0,37.0,68.0,9.0,0.0,0.0,0.0
23.0,29.0,8.0,4.0,4.0,11.0,6.0,1.0,0.0,0.0,0.0
2994.0,6494.0,4562.0,149.0,92.0,2122.0,784.0,662.0,16.0,27.0,18.0
4.0,25.0,46.0,0.0,0.0,10.0,1.0,0.0,0.0,0.0,1.0
375.0,886.0,2016.0,68.0,103.0,366.0,642.0,138.0,3.0,9.0,7.0
129.0,565.0,229.0,10.0,8.0,203.0,20.0,19.0,0.0,1.0,0.0
406.0,998.0,727.0,33.0,28.0,441.0,124.0,94.0,2.0,8.0,3.0
27.0,90.0,40.0,2.0,2.0,52.0,1.0,3.0,0.0,0.0,0.0
9.0,16.0,18.0,3.0,3.0,4.0,6.0,1.0,0.0,0.0,0.0
1.0,2.0,0.0,3.0,1.0,1.0,0.0,0.0,0.0,0.0,0.0
15.0,63.0,102.0,3.0,4.0,14.0,4.0,1.0,0.0,0.0,0.0
24.0,189.0,89.0,6.0,4.0,43.0,18.0,19.0,0.0,0.0,0.0
1.0,13.0,10.0,4.0,3.0,6.0,5.0,2.0,0.0,0.0,0.0
129.0,2531.0,2264.0,27.0,22.0,293.0,148.0,111.0,4.0,5.0,2.0
0.0,10.0,6.0,4.0,3.0,4.0,1.0,1.0,0.0,0.0,0.0
9.0,84.0,53.0,6.0,2.0,11.0,7.0,2.0,0.0,0.0,0.0
45.0,190.0,97.0,6.0,10.0,46.0,3.0,10.0,0.0,0.0,0.0
6.0,7.0,9.0,0.0,2.0,12.0,3.0,3.0,0.0,1.0,0.0
7.0,103.0,79.0,4.0,0.0,7.0,16.0,5.0,0.0,0.0,0.0
14.0,102.0,47.0,4.0,0.0,23.0,13.0,4.0,0.0,0.0,0.0
171.0,283.0,472.0,6.0,0.0,174.0,102.0,16.0,0.0,24.0,0.0
0.0,11.0,10.0,3.0,4.0,5.0,3.0,2.0,0.0,0.0,0.0
12.0,77.0,63.0,3.0,9.0,28.0,3.0,22.0,0.0,0.0,0.0
16.0,26.0,14.0,4.0,3.0,12.0,1.0,1.0,0.0,0.0,0.0
173.0,1354.0,822.0,43.0,15.0,536.0,158.0,98.0,2.0,17.0,3.0
10.0,68.0,47.0,5.0,0.0,20.0,8.0,7.0,0.0,0.0,1.0
438.0,3652.0,1864.0,58.0,34.0,975.0,81.0,201.0,7.0,13.0,18.0
375.0,886.0,2016.0,68.0,103.0,366.0,642.0,138.0,3.0,9.0,7.0
153.0,1057.0,899.0,47.0,17.0,438.0,278.0,143.0,6.0,11.0,5.0
2.0,27.0,40.0,1.0,3.0,6.0,4.0,6.0,1.0,0.0,0.0
45.0,333.0,549.0,3.0,5.0,57.0,84.0,19.0,1.0,3.0,0.0
34.0,77.0,41.0,2.0,2.0,36.0,1.0,6.0,0.0,0.0,0.0
303.0,1490.0,2058.0,56.0,39.0,479.0,285.0,137.0,2.0,4.0,3.0
14.0,91.0,43.0,7.0,2.0,17.0,5.0,1.0,0.0,0.0,0.0
12.0,71.0,43.0,6.0,2.0,15.0,8.0,3.0,0.0,0.0,0.0
7.0,15.0,9.0,8.0,1.0,10.0,2.0,1.0,0.0,0.0,0.0
21.0,142.0,101.0,9.0,10.0,70.0,44.0,28.0,0.0,1.0,2.0
2.0,2.0,1.0,3.0,1.0,0.0,0.0,0.0,0.0,0.0,0.0
7.0,62.0,18.0,6.0,3.0,28.0,6.0,6.0,0.0,0.0,0.0
48.0,404.0,289.0,23.0,14.0,131.0,78.0,52.0,1.0,7.0,1.0
4.0,28.0,35.0,1.0,1.0,13.0,5.0,4.0,0.0,0.0,0.0
22.0,172.0,136.0,8.0,3.0,71.0,45.0,28.0,3.0,0.0,0.0
48.0,404.0,289.0,23.0,14.0,131.0,78.0,52.0,1.0,7.0,1.0
59.0,192.0,304.0,11.0,3.0,47.0,56.0,33.0,0.0,0.0,1.0
5.0,30.0,63.0,2.0,3.0,8.0,4.0,0.0,0.0,0.0,0.0
182.0,2930.0,1119.0,3.0,28.0,990.0,0.0,16.0,1.0,0.0,0.0
9.0,64.0,28.0,6.0,2.0,13.0,5.0,2.0,0.0,0.0,0.0
637.0,3585.0,3980.0,126.0,42.0,1470.0,1054.0,484.0,5.0,19.0,5.0
70.0,533.0,464.0,14.0,8.0,211.0,124.0,57.0,3.0,4.0,2.0
160.0,2528.0,886.0,51.0,22.0,580.0,249.0,141.0,7.0,9.0,4.0
34.0,250.0,48.0,3.0,4.0,61.0,2.0,19.0,0.0,0.0,0.0
8.0,25.0,6.0,4.0,1.0,8.0,2.0,3.0,0.0,0.0,0.0
312.0,1596.0,1472.0,58.0,45.0,508.0,706.0,91.0,0.0,2.0,3.0
29.0,185.0,135.0,12.0,2.0,66.0,66.0,34.0,1.0,1.0,0.0
7.0,21.0,12.0,4.0,3.0,6.0,3.0,3.0,0.0,0.0,0.0
2.0,23.0,12.0,2.0,2.0,2.0,1.0,2.0,0.0,0.0,0.0
171.0,884.0,848.0,28.0,9.0,423.0,257.0,101.0,2.0,5.0,1.0
27.0,195.0,40.0,1.0,4.0,61.0,2.0,4.0,0.0,0.0,0.0
20.0,66.0,105.0,4.0,2.0,19.0,1.0,2.0,0.0,0.0,0.0
7.0,120.0,45.0,2.0,3.0,35.0,1.0,3.0,0.0,0.0,0.0
22.0,152.0,91.0,4.0,3.0,43.0,29.0,15.0,0.0,0.0,1.0
746.0,8060.0,2904.0,204.0,110.0,2785.0,236.0,348.0,4.0,10.0,0.0
6.0,14.0,29.0,2.0,1.0,4.0,0.0,1.0,0.0,0.0,0.0
26.0,177.0,238.0,13.0,6.0,27.0,9.0,4.0,0.0,0.0,0.0
11.0,52.0,36.0,6.0,2.0,15.0,6.0,4.0,0.0,0.0,0.0
