disassembled_line_length_40,disassembled_line_length_67,disassembled_line_length_49,disassembled_line_length_19,disassembled_line_length_31,disassembled_line_length_48,disassembled_line_length_50,disassembled_line_length_44,disassembled_line_length_56,disassembled_line_length_57
136192.0,3282.0,131650.0,1.0,1.0,101207.0,66051.0,150081.0,96992.0,12096.0
119048.0,9011.0,146484.0,1.0,1.0,247189.0,165059.0,282821.0,122864.0,19772.0
119048.0,9011.0,146483.0,1.0,1.0,247189.0,165058.0,282820.0,122863.0,19772.0
80888.0,1882.0,78635.0,1.0,1.0,72338.0,98424.0,105544.0,64261.0,15080.0
119050.0,9011.0,146485.0,1.0,1.0,247189.0,165060.0,282820.0,122863.0,19772.0
41381.0,1281.0,86472.0,2.0,2.0,118813.0,52746.0,119966.0,42756.0,8022.0
77532.0,1414.0,72673.0,1.0,1.0,61236.0,93669.0,80831.0,59802.0,13877.0
179364.0,2747.0,130381.0,1.0,1.0,102596.0,158038.0,135151.0,98925.0,18889.0
102005.0,2169.0,96952.0,1.0,1.0,68670.0,44007.0,96488.0,70904.0,8007.0
119048.0,9011.0,146484.0,1.0,1.0,247190.0,165058.0,282819.0,122865.0,19772.0
119048.0,9011.0,146483.0,1.0,1.0,247190.0,165058.0,282822.0,122863.0,19772.0
72931.0,1434.0,56518.0,1.0,1.0,99386.0,348457.0,129795.0,81004.0,47045.0
428.0,110.0,335.0,1.0,1.0,1900.0,2866.0,941.0,1135.0,326.0
429.0,110.0,335.0,1.0,1.0,1902.0,2867.0,939.0,1134.0,326.0
425.0,110.0,336.0,1.0,1.0,1909.0,2867.0,941.0,1133.0,327.0
425.0,110.0,338.0,1.0,1.0,1907.0,2867.0,940.0,1133.0,327.0
6637.0,560.0,10680.0,1.0,1.0,15065.0,9216.0,29952.0,7347.0,1750.0
119049.0,9011.0,146484.0,1.0,1.0,247190.0,165059.0,282821.0,122864.0,19772.0
426.0,110.0,337.0,1.0,1.0,1906.0,2867.0,941.0,1134.0,327.0
58360.0,1224.0,56104.0,1.0,1.0,39855.0,26530.0,56083.0,40657.0,4631.0
135779.0,2385.0,129795.0,1.0,1.0,112727.0,211590.0,145228.0,106048.0,30651.0
119048.0,9011.0,146482.0,1.0,1.0,247193.0,165058.0,282821.0,122863.0,19772.0
429.0,110.0,334.0,1.0,1.0,1900.0,2866.0,937.0,1134.0,327.0
77834.0,2064.0,77379.0,1.0,1.0,62716.0,37110.0,96629.0,56528.0,7778.0
429.0,110.0,335.0,1.0,1.0,1900.0,2865.0,943.0,1135.0,326.0
425.0,110.0,336.0,1.0,1.0,1906.0,2867.0,941.0,1134.0,327.0
428.0,110.0,336.0,1.0,1.0,1902.0,2866.0,940.0,1135.0,326.0
116424.0,2846.0,116550.0,1.0,1.0,90388.0,50637.0,134165.0,82597.0,10832.0
428.0,110.0,334.0,1.0,1.0,1900.0,2865.0,940.0,1135.0,326.0
428.0,110.0,334.0,1.0,1.0,1901.0,2866.0,941.0,1136.0,326.0
429.0,110.0,336.0,1.0,1.0,1900.0,2866.0,940.0,1134.0,326.0
69338.0,1555.0,66567.0,1.0,1.0,47941.0,33051.0,66929.0,48384.0,5648.0
429.0,110.0,336.0,1.0,1.0,1901.0,2866.0,940.0,1134.0,326.0
119048.0,9011.0,146483.0,1.0,1.0,247189.0,165059.0,282819.0,122863.0,19773.0
119048.0,9011.0,146485.0,1.0,1.0,247189.0,165058.0,282822.0,122863.0,19772.0
431.0,110.0,335.0,1.0,1.0,1900.0,2865.0,942.0,1134.0,326.0
296717.0,1558.0,80371.0,1.0,1.0,61169.0,100960.0,87625.0,56261.0,12906.0
52075.0,1502.0,52988.0,1.0,1.0,44514.0,27327.0,71835.0,38548.0,5126.0
429.0,110.0,333.0,1.0,1.0,1901.0,2866.0,939.0,1134.0,326.0
119049.0,9011.0,146485.0,1.0,1.0,247189.0,165059.0,282821.0,122863.0,19773.0
46.0,4.0,126.0,1.0,1.0,244.0,203.0,254.0,209.0,18.0
119050.0,9011.0,146483.0,1.0,1.0,247189.0,165059.0,282821.0,122863.0,19773.0
41380.0,1281.0,86474.0,2.0,2.0,118814.0,52747.0,119965.0,42756.0,8019.0
108215.0,2292.0,102799.0,1.0,1.0,72355.0,46295.0,102476.0,74699.0,8518.0
119048.0,9011.0,146485.0,1.0,1.0,247190.0,165059.0,282822.0,122863.0,19772.0
56168.0,1636.0,63351.0,1.0,1.0,56455.0,30487.0,83657.0,42821.0,6924.0
119048.0,9011.0,146482.0,1.0,1.0,247189.0,165058.0,282822.0,122863.0,19772.0
424.0,110.0,338.0,1.0,1.0,1906.0,2867.0,941.0,1134.0,327.0
119048.0,9011.0,146484.0,1.0,1.0,247189.0,165058.0,282820.0,122864.0,19772.0
41380.0,1281.0,86471.0,2.0,2.0,118811.0,52750.0,119967.0,42754.0,8022.0
84294.0,1756.0,80056.0,1.0,1.0,56497.0,36779.0,79958.0,58188.0,6564.0
119049.0,9011.0,146483.0,1.0,1.0,247191.0,165061.0,282822.0,122863.0,19772.0
41378.0,1281.0,86465.0,2.0,2.0,118811.0,52746.0,119970.0,42757.0,8020.0
119048.0,9011.0,146484.0,1.0,1.0,247189.0,165058.0,282820.0,122864.0,19772.0
110.0,15.0,297.0,1.0,1.0,296.0,270.0,450.0,150.0,15.0
110783.0,2723.0,107873.0,1.0,1.0,88743.0,71816.0,129470.0,81069.0,12846.0
58636.0,1640.0,59392.0,1.0,1.0,50122.0,29602.0,78467.0,43248.0,6073.0
300056.0,2026.0,86312.0,1.0,1.0,72245.0,106125.0,112318.0,60701.0,14095.0
116008.0,2896.0,115605.0,1.0,1.0,90390.0,51104.0,133675.0,83286.0,11025.0
119049.0,9011.0,146483.0,1.0,1.0,247189.0,165058.0,282818.0,122863.0,19772.0
43315.0,1306.0,69230.0,2.0,2.0,115481.0,51923.0,120935.0,57617.0,10402.0
118573.0,2928.0,115474.0,1.0,1.0,90303.0,57116.0,134461.0,84673.0,11270.0
131578.0,3217.0,132268.0,1.0,1.0,108224.0,143278.0,154862.0,95612.0,19762.0
41378.0,1281.0,86467.0,2.0,2.0,118810.0,52750.0,119964.0,42759.0,8022.0
136840.0,4047.0,131845.0,1.0,1.0,142903.0,193771.0,167943.0,106253.0,27785.0
41379.0,1281.0,86473.0,2.0,2.0,118815.0,52748.0,119963.0,42757.0,8020.0
89115.0,996.0,54222.0,1.0,1.0,28259.0,76565.0,122157.0,39366.0,10412.0
119050.0,9011.0,146486.0,1.0,1.0,247189.0,165060.0,282821.0,122864.0,19772.0
119048.0,9011.0,146484.0,1.0,1.0,247190.0,165059.0,282820.0,122863.0,19772.0
119050.0,9011.0,146483.0,1.0,1.0,247189.0,165058.0,282821.0,122863.0,19772.0
130459.0,2846.0,119504.0,1.0,1.0,94964.0,86033.0,125905.0,95067.0,15131.0
58312.0,1611.0,56873.0,1.0,1.0,53334.0,86771.0,80175.0,42027.0,9205.0
93904.0,2397.0,92266.0,1.0,1.0,72095.0,43952.0,110606.0,67173.0,8307.0
41376.0,1281.0,86477.0,2.0,2.0,118814.0,52749.0,119970.0,42754.0,8022.0
147576.0,4022.0,96734.0,1.0,1.0,108207.0,228881.0,160505.0,76579.0,17384.0
90565.0,1929.0,86333.0,1.0,1.0,61010.0,39308.0,85913.0,62733.0,7118.0
124533.0,2339.0,120186.0,1.0,1.0,97904.0,158359.0,128557.0,94057.0,23488.0
119048.0,9011.0,146483.0,1.0,1.0,247190.0,165060.0,282821.0,122863.0,19772.0
119048.0,9011.0,146483.0,1.0,1.0,247189.0,165058.0,282819.0,122866.0,19772.0
41404.0,1279.0,86478.0,2.0,2.0,118767.0,52746.0,119918.0,42768.0,8019.0
428.0,110.0,333.0,1.0,1.0,1901.0,2865.0,938.0,1136.0,326.0
429.0,110.0,337.0,1.0,1.0,1900.0,2865.0,940.0,1135.0,326.0
59488.0,1668.0,60191.0,1.0,1.0,49603.0,30342.0,78823.0,43690.0,5663.0
139214.0,2859.0,135883.0,1.0,1.0,123839.0,216639.0,170041.0,110581.0,31869.0
122589.0,9511.0,111233.0,1.0,1.0,169062.0,86800.0,111743.0,105828.0,13970.0
123973.0,3024.0,120323.0,1.0,1.0,91543.0,55845.0,138391.0,87692.0,10613.0
100122.0,2517.0,97987.0,1.0,1.0,75942.0,46428.0,116229.0,71365.0,8735.0
81547.0,2136.0,80426.0,1.0,1.0,65086.0,38550.0,99635.0,58863.0,7960.0
430.0,110.0,337.0,1.0,1.0,1900.0,2866.0,941.0,1134.0,326.0
118517.0,2898.0,115214.0,1.0,1.0,87960.0,53656.0,133295.0,83951.0,10216.0
103906.0,2187.0,98684.0,1.0,1.0,70330.0,47477.0,98446.0,72080.0,8588.0
424.0,110.0,337.0,1.0,1.0,1907.0,2866.0,938.0,1133.0,327.0
61699.0,1692.0,62035.0,1.0,1.0,50940.0,31175.0,80776.0,45097.0,5820.0
125321.0,3071.0,122051.0,1.0,1.0,93687.0,56217.0,139762.0,88619.0,11214.0
119048.0,9011.0,146486.0,1.0,1.0,247190.0,165058.0,282818.0,122863.0,19772.0
105344.0,2637.0,102885.0,1.0,1.0,79756.0,48651.0,121182.0,75344.0,9196.0
147387.0,3545.0,142490.0,1.0,1.0,107502.0,65763.0,159389.0,104029.0,12311.0
119048.0,9011.0,146484.0,1.0,1.0,247192.0,165060.0,282820.0,122863.0,19773.0
119049.0,9011.0,146486.0,1.0,1.0,247192.0,165060.0,282820.0,122863.0,19772.0
69216.0,1435.0,65233.0,1.0,1.0,46123.0,30971.0,65952.0,47215.0,5629.0
56149.0,1200.0,54260.0,1.0,1.0,38518.0,25697.0,54130.0,39250.0,4474.0
113692.0,2450.0,107905.0,1.0,1.0,76227.0,48797.0,107170.0,78973.0,8891.0
119051.0,9011.0,146482.0,1.0,1.0,247190.0,165059.0,282821.0,122863.0,19773.0
7799.0,175.0,8872.0,1.0,1.0,6968.0,6414.0,9473.0,6064.0,878.0
37477.0,441.0,52788.0,2.0,2.0,104076.0,175389.0,83483.0,33974.0,13065.0
41377.0,1281.0,86471.0,2.0,2.0,118816.0,52746.0,119969.0,42754.0,8021.0
119050.0,9011.0,146484.0,1.0,1.0,247190.0,165060.0,282821.0,122863.0,19772.0
425.0,110.0,336.0,1.0,1.0,1908.0,2866.0,940.0,1134.0,328.0
119049.0,9011.0,146483.0,1.0,1.0,247190.0,165058.0,282819.0,122863.0,19772.0
11135.0,641.0,14803.0,1.0,1.0,18044.0,11060.0,34166.0,10503.0,2067.0
119048.0,9011.0,146484.0,1.0,1.0,247190.0,165058.0,282819.0,122863.0,19772.0
64032.0,1231.0,47778.0,1.0,1.0,91371.0,339375.0,119812.0,73618.0,45648.0
140491.0,2977.0,133061.0,1.0,1.0,93630.0,59183.0,132039.0,96807.0,10955.0
41400.0,1280.0,86473.0,2.0,2.0,118771.0,52751.0,119917.0,42770.0,8020.0
119048.0,9011.0,146483.0,1.0,1.0,247190.0,165059.0,282821.0,122865.0,19773.0
71761.0,1910.0,71480.0,1.0,1.0,63936.0,55150.0,94184.0,54542.0,10455.0
119049.0,9011.0,146484.0,1.0,1.0,247191.0,165059.0,282820.0,122863.0,19772.0
109699.0,2287.0,104339.0,1.0,1.0,73393.0,46752.0,103547.0,75554.0,8632.0
107447.0,2257.0,101940.0,1.0,1.0,77669.0,67172.0,104777.0,76630.0,11657.0
38936.0,1267.0,77366.0,2.0,2.0,106149.0,48026.0,107936.0,36948.0,7076.0
119049.0,9011.0,146484.0,1.0,1.0,247191.0,165059.0,282818.0,122864.0,19772.0
86172.0,3880.0,71537.0,1.0,1.0,89347.0,199292.0,107915.0,68759.0,15765.0
426.0,110.0,337.0,1.0,1.0,1906.0,2867.0,942.0,1134.0,327.0
41401.0,1279.0,86471.0,2.0,2.0,118768.0,52754.0,119917.0,42771.0,8021.0
119048.0,9011.0,146484.0,1.0,1.0,247189.0,165059.0,282820.0,122864.0,19772.0
116562.0,2483.0,110572.0,1.0,1.0,77877.0,49624.0,110030.0,80600.0,9182.0
425.0,110.0,335.0,1.0,1.0,1907.0,2867.0,940.0,1134.0,327.0
119048.0,9011.0,146483.0,1.0,1.0,247190.0,165058.0,282819.0,122864.0,19772.0
36746.0,1592.0,65952.0,3.0,3.0,86729.0,44112.0,83535.0,36669.0,6514.0
120216.0,2392.0,112456.0,1.0,1.0,87251.0,90138.0,118681.0,87189.0,14791.0
1509.0,56.0,1408.0,0.0,0.0,1411.0,845.0,1885.0,1112.0,120.0
130191.0,2851.0,129814.0,1.0,1.0,119498.0,217682.0,156764.0,100779.0,26923.0
4116.0,167.0,9474.0,0.0,0.0,370.0,5001.0,6036.0,2961.0,884.0
145874.0,3101.0,138433.0,1.0,1.0,97311.0,61492.0,136891.0,100522.0,11386.0
163.0,26.0,220.0,2.0,2.0,483.0,216.0,638.0,200.0,20.0
54954.0,1143.0,50939.0,1.0,1.0,42224.0,82066.0,55469.0,37581.0,8005.0
1854.0,161.0,7376.0,1.0,1.0,448.0,13161.0,10329.0,2982.0,1507.0
11166.0,376.0,38385.0,3.0,3.0,40903.0,34862.0,27450.0,18616.0,11159.0
1791.0,59.0,1665.0,0.0,0.0,1571.0,1023.0,2098.0,1346.0,165.0
41407.0,1279.0,86476.0,2.0,2.0,118768.0,52750.0,119917.0,42770.0,8018.0
97673.0,2509.0,96630.0,1.0,1.0,76203.0,48332.0,114953.0,70395.0,8836.0
14013.0,347.0,21708.0,3.0,3.0,22069.0,13947.0,23386.0,9951.0,2327.0
41378.0,1281.0,86471.0,2.0,2.0,118810.0,52750.0,119968.0,42757.0,8023.0
38928.0,1264.0,77365.0,2.0,2.0,106197.0,48047.0,107979.0,36933.0,7065.0
2238.0,70.0,4268.0,0.0,0.0,157.0,1446.0,2997.0,1581.0,278.0
15287.0,168.0,16166.0,1.0,1.0,13142.0,22519.0,6054.0,3049.0,622.0
11977.0,305.0,33761.0,1.0,1.0,40721.0,14909.0,36922.0,18229.0,2471.0
21081.0,290.0,16243.0,2.0,2.0,10410.0,9978.0,10584.0,6589.0,901.0
38930.0,1264.0,77365.0,2.0,2.0,106195.0,48049.0,107985.0,36937.0,7065.0
161.0,26.0,219.0,2.0,2.0,481.0,220.0,642.0,200.0,20.0
3321.0,122.0,4780.0,0.0,0.0,5001.0,4009.0,6619.0,2621.0,579.0
17526.0,405.0,49941.0,1.0,1.0,12159.0,21586.0,51977.0,16336.0,4847.0
30523.0,250.0,8945.0,1.0,1.0,6904.0,12516.0,9352.0,4408.0,1583.0
111554.0,2760.0,108731.0,1.0,1.0,83441.0,50939.0,127169.0,79139.0,9707.0
119049.0,9011.0,146484.0,1.0,1.0,247190.0,165059.0,282820.0,122863.0,19772.0
731.0,80.0,1066.0,1.0,1.0,1535.0,1009.0,2332.0,638.0,58.0
31449.0,176.0,14671.0,0.0,0.0,522.0,8767.0,43479.0,8376.0,2020.0
27394.0,665.0,75129.0,2.0,2.0,90595.0,34882.0,83901.0,35779.0,7143.0
14541.0,1585.0,37080.0,2.0,2.0,53763.0,18073.0,47993.0,21161.0,2217.0
3944.0,120.0,4418.0,0.0,0.0,4840.0,4274.0,6238.0,2371.0,721.0
59109.0,1643.0,59618.0,1.0,1.0,49239.0,30178.0,78395.0,43386.0,5626.0
119050.0,9011.0,146486.0,1.0,1.0,247190.0,165060.0,282820.0,122863.0,19772.0
133455.0,3578.0,125853.0,1.0,1.0,131788.0,189092.0,143192.0,101795.0,26592.0
1913.0,55.0,3261.0,0.0,0.0,129.0,1195.0,2160.0,1345.0,170.0
506.0,40.0,511.0,0.0,0.0,761.0,419.0,947.0,335.0,62.0
26956.0,1657.0,62510.0,3.0,3.0,82584.0,39111.0,80130.0,33989.0,6002.0
824.0,41.0,850.0,2.0,2.0,922.0,462.0,1207.0,581.0,59.0
4124.0,178.0,9511.0,0.0,0.0,390.0,5002.0,6068.0,2957.0,895.0
119048.0,9011.0,146482.0,1.0,1.0,247190.0,165059.0,282821.0,122864.0,19772.0
40583.0,1242.0,84215.0,2.0,2.0,118861.0,53747.0,120779.0,42803.0,8094.0
123552.0,2858.0,118389.0,1.0,1.0,98325.0,94783.0,143374.0,91628.0,15980.0
164410.0,828.0,346868.0,0.0,0.0,5605.0,142338.0,189906.0,117205.0,18064.0
1840.0,141.0,6317.0,1.0,1.0,162.0,5969.0,3668.0,2210.0,1423.0
115585.0,2314.0,111135.0,1.0,1.0,92208.0,135663.0,117094.0,85049.0,17518.0
87633.0,2224.0,85986.0,1.0,1.0,67584.0,41423.0,104651.0,62628.0,7753.0
93165.0,122.0,4029.0,2.0,2.0,4698.0,4132.0,10478.0,2930.0,429.0
4216.0,147.0,6192.0,3.0,3.0,8383.0,10159.0,7972.0,4240.0,946.0
161.0,27.0,216.0,2.0,2.0,477.0,221.0,631.0,199.0,21.0
3199.0,96.0,4758.0,0.0,0.0,4978.0,3887.0,6565.0,2502.0,578.0
92451.0,1462.0,60154.0,1.0,1.0,39334.0,81210.0,146850.0,43805.0,11601.0
163.0,26.0,221.0,2.0,2.0,479.0,216.0,636.0,200.0,20.0
149266.0,3571.0,144413.0,1.0,1.0,108439.0,66162.0,161639.0,105002.0,12581.0
1854.0,161.0,7376.0,1.0,1.0,448.0,13161.0,10329.0,2982.0,1507.0
35282.0,1515.0,67826.0,3.0,3.0,95438.0,47238.0,87100.0,38668.0,6789.0
1641.0,21.0,2694.0,3.0,3.0,2698.0,896.0,2770.0,589.0,134.0
70173.0,352.0,40363.0,0.0,0.0,21786.0,27835.0,55848.0,33921.0,28935.0
1442.0,20.0,2797.0,3.0,3.0,2745.0,852.0,2863.0,583.0,160.0
6268.0,108.0,4696.0,0.0,0.0,177.0,2316.0,3394.0,1301.0,583.0
12501.0,295.0,28076.0,0.0,0.0,15282.0,14848.0,31482.0,23605.0,17394.0
15242.0,330.0,26028.0,2.0,2.0,28593.0,14134.0,26500.0,11381.0,2782.0
762.0,20.0,2672.0,3.0,3.0,2730.0,778.0,2595.0,601.0,99.0
41400.0,1279.0,86478.0,2.0,2.0,118764.0,52754.0,119914.0,42770.0,8020.0
112306.0,1896.0,107928.0,1.0,1.0,96564.0,198898.0,123250.0,89469.0,28378.0
68052.0,238.0,31516.0,0.0,0.0,17991.0,22340.0,44752.0,25641.0,21421.0
864.0,22.0,2869.0,3.0,3.0,2707.0,817.0,2759.0,652.0,133.0
648.0,20.0,2624.0,3.0,3.0,2643.0,661.0,2549.0,553.0,90.0
973.0,20.0,2639.0,3.0,3.0,2670.0,1306.0,2704.0,557.0,90.0
91037.0,1013.0,73755.0,2.0,2.0,69459.0,31097.0,68066.0,27998.0,8814.0
891.0,19.0,2781.0,3.0,3.0,3013.0,800.0,2634.0,643.0,101.0
67787.0,239.0,31284.0,0.0,0.0,17867.0,22250.0,44384.0,25363.0,21438.0
970.0,23.0,2726.0,3.0,3.0,2718.0,768.0,2773.0,608.0,110.0
997.0,20.0,2808.0,3.0,3.0,2705.0,804.0,2692.0,664.0,120.0
143880.0,3445.0,139041.0,1.0,1.0,104750.0,63852.0,156787.0,101286.0,12150.0
633.0,19.0,2643.0,3.0,3.0,2632.0,648.0,2543.0,542.0,89.0
1011.0,26.0,2692.0,3.0,3.0,2771.0,697.0,2591.0,639.0,93.0
698.0,20.0,2630.0,3.0,3.0,2669.0,843.0,2554.0,556.0,90.0
1307.0,22.0,2744.0,3.0,3.0,2740.0,796.0,2699.0,627.0,102.0
3800.0,210.0,6377.0,1.0,1.0,8885.0,5584.0,9743.0,3103.0,604.0
14731.0,341.0,34765.0,0.0,0.0,18502.0,16212.0,39569.0,27932.0,20548.0
14679.0,313.0,31521.0,0.0,0.0,17219.0,14986.0,36411.0,25481.0,20109.0
82361.0,1733.0,70889.0,3.0,3.0,105339.0,44659.0,92326.0,46599.0,7474.0
97657.0,75257.0,54471.0,0.0,0.0,19223.0,84373.0,28667.0,13547.0,2531.0
648.0,20.0,2624.0,3.0,3.0,2643.0,661.0,2549.0,553.0,90.0
1091.0,20.0,2811.0,3.0,3.0,3259.0,960.0,2622.0,552.0,102.0
18575.0,961.0,6356.0,0.0,0.0,11500.0,20685.0,7321.0,2824.0,3633.0
2784.0,41.0,2794.0,0.0,0.0,6379.0,2997.0,7149.0,5452.0,1199.0
3272.0,57.0,7697.0,0.0,0.0,4214.0,2585.0,8284.0,8261.0,2353.0
6423.0,119.0,7455.0,1.0,1.0,12877.0,6543.0,14010.0,10092.0,3213.0
20212.0,1320.0,58584.0,3.0,3.0,80689.0,37812.0,76474.0,32592.0,6096.0
1977.0,306.0,2173.0,2.0,2.0,356.0,5943.0,2556.0,2290.0,385.0
4132.0,186.0,9490.0,0.0,0.0,393.0,4987.0,6100.0,2975.0,878.0
2992.0,33.0,3252.0,0.0,0.0,7449.0,3107.0,9392.0,6985.0,1897.0
738.0,20.0,2684.0,3.0,3.0,2708.0,733.0,2615.0,582.0,127.0
14657.0,270.0,31812.0,0.0,0.0,17353.0,15101.0,36724.0,25604.0,20197.0
161.0,26.0,217.0,2.0,2.0,481.0,217.0,639.0,200.0,20.0
160.0,26.0,224.0,2.0,2.0,476.0,219.0,633.0,203.0,20.0
13976.0,345.0,21700.0,3.0,3.0,22086.0,13947.0,23391.0,9942.0,2328.0
1114.0,22.0,2662.0,3.0,3.0,2825.0,853.0,2644.0,579.0,112.0
1013.0,22.0,2679.0,3.0,3.0,3428.0,779.0,2613.0,553.0,151.0
3011.0,32.0,3277.0,0.0,0.0,7496.0,3093.0,9382.0,6986.0,1897.0
3010.0,31.0,3282.0,0.0,0.0,7485.0,3111.0,9376.0,7001.0,1898.0
882.0,21.0,2741.0,3.0,3.0,2736.0,763.0,2736.0,679.0,123.0
1726.0,21.0,6244.0,0.0,0.0,3200.0,1989.0,6875.0,6941.0,2460.0
1032.0,20.0,2679.0,3.0,3.0,2726.0,833.0,2603.0,573.0,100.0
3010.0,35.0,3259.0,0.0,0.0,7485.0,3109.0,9354.0,7013.0,1901.0
10689.0,361.0,9221.0,1.0,1.0,8793.0,23822.0,11615.0,6701.0,1326.0
964.0,26.0,2225.0,1.0,1.0,625.0,875.0,1182.0,442.0,114.0
1154.0,21.0,2731.0,3.0,3.0,2757.0,919.0,2721.0,699.0,156.0
28125.0,163.0,11124.0,0.0,0.0,10968.0,15465.0,25965.0,11065.0,4087.0
156844.0,929.0,134777.0,2.0,2.0,97375.0,76383.0,111232.0,50590.0,13746.0
97657.0,75257.0,54471.0,0.0,0.0,19223.0,84373.0,28667.0,13547.0,2531.0
1691.0,67.0,1798.0,0.0,0.0,1660.0,1000.0,2095.0,1359.0,153.0
1603.0,23.0,6264.0,0.0,0.0,3193.0,2102.0,6851.0,6873.0,2562.0
877.0,21.0,2774.0,3.0,3.0,2719.0,898.0,2625.0,651.0,119.0
13944.0,351.0,21682.0,3.0,3.0,22075.0,13944.0,23364.0,9969.0,2332.0
1748.0,23.0,6292.0,0.0,0.0,3178.0,1988.0,6783.0,7168.0,2235.0
2112.0,30.0,779.0,1.0,1.0,502.0,764.0,1068.0,549.0,102.0
271387.0,542.0,32142.0,0.0,0.0,31499.0,46101.0,39821.0,14981.0,6257.0
161.0,26.0,219.0,2.0,2.0,479.0,223.0,638.0,200.0,20.0
17124.0,362.0,40334.0,0.0,0.0,21455.0,21837.0,47285.0,33609.0,27160.0
1730.0,68.0,1754.0,0.0,0.0,1625.0,1004.0,2156.0,1285.0,178.0
10689.0,361.0,9221.0,1.0,1.0,8793.0,23822.0,11615.0,6701.0,1326.0
119048.0,9011.0,146486.0,1.0,1.0,247190.0,165059.0,282823.0,122863.0,19772.0
934.0,21.0,2787.0,3.0,3.0,2768.0,817.0,2692.0,655.0,124.0
10689.0,361.0,9221.0,1.0,1.0,8793.0,23822.0,11615.0,6701.0,1326.0
125981.0,9981.0,117215.0,1.0,1.0,180189.0,91470.0,136491.0,110308.0,15165.0
38149.0,501.0,75442.0,0.0,0.0,38480.0,48284.0,97137.0,71277.0,58436.0
41400.0,1279.0,86472.0,2.0,2.0,118769.0,52752.0,119918.0,42769.0,8020.0
249419.0,1834.0,114929.0,3.0,3.0,118269.0,194103.0,119268.0,48376.0,13314.0
409.0,96.0,1743.0,2.0,2.0,2901.0,1191.0,2752.0,1150.0,124.0
2519.0,14.0,677.0,1.0,1.0,620.0,1596.0,996.0,367.0,53.0
1754.0,22.0,6295.0,0.0,0.0,3201.0,1958.0,6751.0,7206.0,2234.0
2968.0,42.0,3299.0,0.0,0.0,7315.0,3262.0,8200.0,6871.0,1023.0
11417.0,329.0,21610.0,0.0,0.0,13230.0,11355.0,24464.0,23129.0,7084.0
2901.0,35.0,3353.0,0.0,0.0,7851.0,3053.0,8795.0,7580.0,1162.0
1306.0,20.0,2756.0,3.0,3.0,2750.0,930.0,2744.0,640.0,120.0
1497.0,16.0,512.0,0.0,0.0,950.0,2140.0,1102.0,1002.0,449.0
2813.0,11.0,762.0,0.0,0.0,325.0,732.0,645.0,207.0,32.0
11579.0,316.0,21571.0,0.0,0.0,13331.0,11551.0,24566.0,23123.0,7002.0
17041.0,341.0,40508.0,0.0,0.0,21506.0,21809.0,47223.0,33675.0,27177.0
835.0,20.0,2694.0,3.0,3.0,2675.0,841.0,2649.0,575.0,104.0
2779.0,34.0,2779.0,0.0,0.0,6378.0,3064.0,7161.0,5447.0,1184.0
1871.0,161.0,7386.0,1.0,1.0,449.0,13182.0,10360.0,2997.0,1510.0
3005.0,36.0,3199.0,0.0,0.0,7459.0,3117.0,9363.0,6889.0,1888.0
1938.0,57.0,3296.0,0.0,0.0,142.0,1168.0,2192.0,1332.0,151.0
1698.0,33.0,6221.0,0.0,0.0,3187.0,2037.0,6865.0,6919.0,2465.0
857.0,22.0,2900.0,3.0,3.0,2777.0,1026.0,2578.0,609.0,110.0
3580.0,14.0,776.0,1.0,1.0,649.0,1918.0,1120.0,446.0,73.0
761.0,21.0,2758.0,3.0,3.0,2691.0,795.0,2601.0,606.0,108.0
16047.0,349.0,34276.0,0.0,0.0,19401.0,17543.0,40272.0,28174.0,22386.0
149120.0,598.0,54403.0,1.0,1.0,61683.0,51111.0,71705.0,19622.0,2995.0
1593.0,140.0,1109.0,0.0,0.0,4602.0,3636.0,7893.0,2692.0,1066.0
2112.0,30.0,779.0,1.0,1.0,502.0,764.0,1068.0,549.0,102.0
68783.0,1866.0,68613.0,1.0,1.0,57694.0,44600.0,89759.0,50687.0,8371.0
3143.0,12.0,510.0,1.0,1.0,367.0,1310.0,593.0,282.0,67.0
2146.0,12.0,898.0,1.0,1.0,297.0,1872.0,1211.0,615.0,61.0
905.0,20.0,2724.0,3.0,3.0,2700.0,724.0,2631.0,597.0,112.0
648.0,20.0,2624.0,3.0,3.0,2643.0,661.0,2549.0,553.0,90.0
2225.0,31.0,6711.0,0.0,0.0,3463.0,2135.0,7210.0,7542.0,2266.0
50355.0,771.0,30504.0,2.0,2.0,24932.0,20091.0,37068.0,16359.0,6087.0
72677.0,2023.0,72517.0,1.0,1.0,59008.0,37695.0,91622.0,52824.0,6837.0
3143.0,12.0,510.0,1.0,1.0,367.0,1310.0,593.0,282.0,67.0
276111.0,1466.0,74155.0,0.0,0.0,47196.0,74945.0,107330.0,75305.0,19257.0
12611.0,281.0,25324.0,0.0,0.0,14444.0,12534.0,29712.0,20723.0,14684.0
1804.0,23.0,564.0,1.0,1.0,329.0,575.0,519.0,278.0,68.0
2926.0,16.0,625.0,1.0,1.0,443.0,607.0,443.0,293.0,55.0
1497.0,16.0,512.0,0.0,0.0,950.0,2140.0,1102.0,1002.0,449.0
2656.0,375.0,8200.0,0.0,0.0,191.0,3372.0,6498.0,3184.0,993.0
1740.0,19.0,6273.0,0.0,0.0,3202.0,1971.0,6746.0,7195.0,2223.0
666.0,23.0,1601.0,1.0,1.0,856.0,1069.0,1353.0,509.0,96.0
190.0,94.0,62.0,1.0,1.0,1120.0,1040.0,493.0,741.0,170.0
1987.0,20.0,2742.0,3.0,3.0,2657.0,689.0,2739.0,595.0,96.0
2760.0,20.0,2679.0,3.0,3.0,2669.0,777.0,2614.0,585.0,94.0
2045.0,47.0,2722.0,1.0,1.0,3165.0,2487.0,3055.0,1122.0,187.0
6444.0,116.0,7450.0,1.0,1.0,12883.0,6544.0,14007.0,10088.0,3214.0
119049.0,9011.0,146484.0,1.0,1.0,247189.0,165058.0,282819.0,122864.0,19772.0
2969.0,30.0,3050.0,0.0,0.0,6821.0,2938.0,8348.0,6150.0,1674.0
2775.0,37.0,2767.0,0.0,0.0,6390.0,3076.0,7170.0,5410.0,1196.0
2248.0,22.0,926.0,2.0,2.0,674.0,1346.0,1020.0,397.0,53.0
1355.0,55.0,3164.0,1.0,1.0,2962.0,2234.0,3215.0,1097.0,177.0
2813.0,11.0,762.0,0.0,0.0,325.0,732.0,645.0,207.0,32.0
68290.0,1073.0,83340.0,1.0,1.0,84165.0,45289.0,104208.0,84377.0,23814.0
1744.0,20.0,6304.0,0.0,0.0,3205.0,2002.0,6779.0,7170.0,2234.0
2519.0,14.0,677.0,1.0,1.0,620.0,1596.0,996.0,367.0,53.0
1763.0,20.0,6289.0,0.0,0.0,3186.0,1963.0,6769.0,7174.0,2225.0
2938.0,30.0,3255.0,0.0,0.0,7213.0,3009.0,8881.0,6563.0,1719.0
6402.0,116.0,7448.0,1.0,1.0,12881.0,6559.0,13978.0,10093.0,3215.0
14373.0,240.0,13205.0,0.0,0.0,8260.0,7604.0,13651.0,9741.0,1161.0
6440.0,117.0,7445.0,1.0,1.0,12864.0,6543.0,14013.0,10099.0,3212.0
1114.0,22.0,2662.0,3.0,3.0,2825.0,853.0,2644.0,579.0,112.0
812.0,21.0,2877.0,3.0,3.0,2717.0,880.0,2660.0,629.0,145.0
97657.0,75257.0,54471.0,0.0,0.0,19223.0,84373.0,28667.0,13547.0,2531.0
1987.0,12.0,861.0,1.0,1.0,1648.0,466.0,1296.0,205.0,45.0
41386.0,1281.0,86472.0,2.0,2.0,118813.0,52750.0,119964.0,42753.0,8021.0
3000.0,28.0,3058.0,0.0,0.0,6838.0,2929.0,8364.0,6136.0,1671.0
1768.0,20.0,6287.0,0.0,0.0,3164.0,1989.0,6792.0,7182.0,2232.0
3833.0,22.0,318.0,1.0,1.0,295.0,2168.0,472.0,237.0,87.0
2953.0,28.0,3019.0,0.0,0.0,6823.0,2929.0,8350.0,6131.0,1683.0
1697.0,63.0,1761.0,0.0,0.0,1564.0,1066.0,2232.0,1353.0,149.0
14158.0,256.0,12682.0,0.0,0.0,8149.0,7427.0,13269.0,9618.0,1156.0
7057.0,127.0,6472.0,0.0,0.0,4977.0,4225.0,7224.0,4888.0,507.0
3281.0,51.0,7696.0,0.0,0.0,4206.0,2587.0,8224.0,8269.0,2350.0
3172.0,28.0,544.0,1.0,1.0,398.0,492.0,606.0,359.0,42.0
115178.0,2430.0,109282.0,1.0,1.0,76876.0,49012.0,108602.0,79511.0,9027.0
1740.0,24.0,6262.0,0.0,0.0,3155.0,2012.0,6762.0,7201.0,2231.0
2222.0,37.0,6737.0,0.0,0.0,3470.0,2156.0,7184.0,7540.0,2270.0
11875.0,322.0,22894.0,0.0,0.0,12702.0,12360.0,25841.0,18750.0,10227.0
889.0,22.0,2711.0,3.0,3.0,2657.0,805.0,2618.0,606.0,100.0
3007.0,32.0,3258.0,0.0,0.0,7494.0,3097.0,9336.0,7002.0,1903.0
648.0,20.0,2624.0,3.0,3.0,2643.0,661.0,2549.0,553.0,90.0
1697.0,75.0,1854.0,0.0,0.0,2497.0,4571.0,7044.0,2167.0,605.0
1651.0,20.0,2853.0,3.0,3.0,2670.0,711.0,2575.0,733.0,102.0
14553.0,232.0,13399.0,0.0,0.0,8358.0,7669.0,13907.0,9802.0,1183.0
3737.0,66.0,3619.0,0.0,0.0,2475.0,1473.0,3573.0,2735.0,244.0
2926.0,16.0,625.0,1.0,1.0,443.0,607.0,443.0,293.0,55.0
2519.0,14.0,677.0,1.0,1.0,620.0,1596.0,996.0,367.0,53.0
3300.0,51.0,7699.0,0.0,0.0,4214.0,2582.0,8251.0,8254.0,2353.0
25511.0,1387.0,109740.0,0.0,0.0,3334.0,64184.0,81767.0,47402.0,5798.0
1209.0,14.0,858.0,0.0,0.0,828.0,2013.0,2029.0,1051.0,341.0
6407.0,121.0,11109.0,1.0,1.0,402.0,5049.0,7971.0,4165.0,925.0
1031.0,21.0,2802.0,3.0,3.0,2746.0,797.0,2710.0,627.0,147.0
694.0,21.0,2695.0,3.0,3.0,2709.0,787.0,2641.0,611.0,133.0
28.0,6.0,67.0,2.0,2.0,97.0,129.0,151.0,76.0,23.0
1606.0,25.0,6231.0,0.0,0.0,3187.0,2090.0,6822.0,6889.0,2557.0
43097.0,392.0,16317.0,0.0,0.0,29550.0,26713.0,25552.0,12343.0,2059.0
6433.0,38.0,1125.0,1.0,1.0,1015.0,2087.0,1790.0,802.0,269.0
1797.0,55.0,1767.0,0.0,0.0,1649.0,1016.0,2264.0,1350.0,149.0
6441.0,120.0,7433.0,1.0,1.0,12883.0,6551.0,13994.0,10082.0,3219.0
12754.0,279.0,25302.0,0.0,0.0,14610.0,12465.0,30044.0,20852.0,14699.0
790.0,22.0,2729.0,3.0,3.0,2824.0,875.0,2623.0,603.0,127.0
826.0,22.0,2716.0,3.0,3.0,2727.0,810.0,2769.0,643.0,125.0
3291.0,54.0,7675.0,0.0,0.0,4202.0,2598.0,8259.0,8266.0,2354.0
1813.0,57.0,3286.0,0.0,0.0,132.0,1190.0,2219.0,1367.0,165.0
1616.0,19.0,2634.0,3.0,3.0,2629.0,798.0,2544.0,562.0,90.0
163.0,26.0,221.0,2.0,2.0,480.0,219.0,633.0,200.0,20.0
261072.0,9039.0,168674.0,2.0,2.0,223837.0,261120.0,226661.0,108595.0,20931.0
18418.0,544.0,17752.0,1.0,1.0,12024.0,11567.0,11953.0,11163.0,1477.0
3292.0,100.0,4675.0,0.0,0.0,4887.0,3916.0,6550.0,2581.0,583.0
35107.0,326.0,10403.0,1.0,1.0,1140.0,23906.0,14897.0,6673.0,1345.0
16197.0,446.0,14880.0,0.0,0.0,11691.0,47071.0,16227.0,10967.0,2338.0
276256.0,1479.0,74287.0,0.0,0.0,47416.0,75012.0,107496.0,75446.0,19255.0
77.0,36.0,94.0,1.0,1.0,457.0,831.0,210.0,286.0,93.0
4812.0,90.0,1444.0,0.0,0.0,2081.0,4170.0,2195.0,926.0,631.0
173999.0,1484.0,95956.0,3.0,3.0,102133.0,187515.0,102647.0,40308.0,10417.0
5661.0,152.0,3937.0,0.0,0.0,3129.0,8825.0,3372.0,1757.0,2882.0
824.0,26.0,2754.0,3.0,3.0,2744.0,813.0,2667.0,622.0,118.0
1740.0,22.0,6260.0,0.0,0.0,3175.0,1968.0,6794.0,7176.0,2233.0
2636.0,25.0,427.0,1.0,1.0,344.0,848.0,447.0,266.0,37.0
85.0,37.0,44.0,1.0,1.0,440.0,472.0,197.0,277.0,64.0
78208.0,2038.0,36141.0,1.0,1.0,49500.0,83281.0,50288.0,39270.0,9746.0
2146.0,12.0,898.0,1.0,1.0,297.0,1872.0,1211.0,615.0,61.0
2894.0,38.0,3394.0,0.0,0.0,7926.0,3129.0,9056.0,7662.0,1173.0
2307.0,30.0,584.0,0.0,0.0,855.0,663.0,895.0,533.0,55.0
1622.0,22.0,2738.0,3.0,3.0,2748.0,957.0,2714.0,573.0,114.0
1592.0,20.0,6265.0,0.0,0.0,3171.0,2104.0,6869.0,6883.0,2565.0
61491.0,111.0,949.0,1.0,1.0,2390.0,4047.0,1693.0,1172.0,497.0
633.0,19.0,2643.0,3.0,3.0,2632.0,648.0,2543.0,542.0,89.0
1343.0,21.0,2687.0,3.0,3.0,2696.0,739.0,2713.0,601.0,116.0
640.0,107.0,462.0,2.0,2.0,1703.0,4656.0,1388.0,809.0,263.0
1334.0,17.0,529.0,0.0,0.0,1025.0,1309.0,2499.0,996.0,150.0
96783.0,2049.0,92058.0,1.0,1.0,64854.0,41784.0,91536.0,66925.0,7546.0
544.0,13.0,410.0,1.0,1.0,380.0,307.0,926.0,402.0,46.0
70.0,33.0,38.0,1.0,1.0,410.0,424.0,216.0,298.0,37.0
11463.0,313.0,21490.0,0.0,0.0,13418.0,11415.0,24606.0,23009.0,7091.0
6436.0,117.0,7460.0,1.0,1.0,12873.0,6549.0,13999.0,10097.0,3216.0
4703.0,18.0,541.0,1.0,1.0,526.0,2029.0,901.0,294.0,124.0
633.0,19.0,2643.0,3.0,3.0,2632.0,648.0,2543.0,542.0,89.0
6990.0,536.0,32598.0,0.0,0.0,1580.0,10379.0,22888.0,9943.0,1844.0
1298.0,24.0,2801.0,3.0,3.0,2758.0,886.0,2689.0,653.0,119.0
2741.0,58.0,2737.0,0.0,0.0,2912.0,7565.0,4012.0,1558.0,731.0
4935.0,32.0,1115.0,2.0,2.0,988.0,1331.0,1533.0,642.0,155.0
2901.0,36.0,3349.0,0.0,0.0,7865.0,3061.0,8784.0,7575.0,1165.0
39727.0,186.0,2620.0,2.0,2.0,52616.0,93466.0,91567.0,22132.0,14782.0
2901.0,659.0,2556.0,6.0,10.0,648.0,6664.0,8523.0,3751.0,698.0
1748.0,23.0,6270.0,0.0,0.0,3163.0,1970.0,6773.0,7190.0,2228.0
14091.0,225.0,13073.0,0.0,0.0,8311.0,7535.0,13563.0,9760.0,1143.0
10156.0,50.0,2422.0,0.0,0.0,2711.0,2900.0,2732.0,1151.0,287.0
8066.0,68.0,2995.0,0.0,0.0,3594.0,4293.0,3900.0,1441.0,202.0
791.0,112.0,1036.0,1.0,1.0,1391.0,977.0,1837.0,806.0,84.0
69052.0,141.0,7085.0,1.0,1.0,4295.0,6115.0,10509.0,2750.0,715.0
488.0,20.0,353.0,1.0,1.0,482.0,682.0,586.0,296.0,42.0
648.0,20.0,2624.0,3.0,3.0,2643.0,661.0,2549.0,553.0,90.0
1148.0,221.0,1760.0,2.0,2.0,2931.0,1762.0,2512.0,1594.0,178.0
5026.0,30.0,1100.0,2.0,2.0,1076.0,1354.0,1684.0,638.0,147.0
651.0,89.0,251.0,2.0,2.0,1838.0,2559.0,8617.0,1254.0,476.0
2572.0,319.0,1732.0,1.0,1.0,5909.0,11179.0,3750.0,3804.0,952.0
2062.0,62.0,1849.0,2.0,2.0,1648.0,915.0,2293.0,1485.0,137.0
149173.0,605.0,54416.0,1.0,1.0,61675.0,51103.0,71795.0,19625.0,2987.0
2233.0,70.0,4306.0,0.0,0.0,161.0,1485.0,2978.0,1564.0,273.0
22261.0,567.0,13908.0,0.0,0.0,16546.0,36215.0,17092.0,9889.0,4917.0
4812.0,90.0,1444.0,0.0,0.0,2081.0,4170.0,2195.0,926.0,631.0
6724.0,139.0,7193.0,0.0,0.0,5068.0,4587.0,7489.0,5569.0,1508.0
1201.0,222.0,718.0,2.0,2.0,2450.0,5795.0,2142.0,1426.0,285.0
5320.0,50.0,949.0,0.0,0.0,945.0,1557.0,1531.0,764.0,89.0
36.0,5.0,66.0,2.0,2.0,106.0,112.0,154.0,76.0,16.0
84147.0,1601.0,88424.0,3.0,3.0,82146.0,38226.0,80595.0,34545.0,5963.0
950.0,21.0,2776.0,3.0,3.0,2717.0,855.0,2710.0,655.0,131.0
11555.0,231.0,1081.0,2.0,2.0,3672.0,42634.0,9810.0,4795.0,953.0
766.0,25.0,2665.0,3.0,3.0,2782.0,876.0,2707.0,611.0,116.0
2884.0,33.0,3345.0,0.0,0.0,7855.0,3110.0,8762.0,7564.0,1171.0
107502.0,442.0,44314.0,0.0,0.0,23879.0,27766.0,56062.0,34941.0,25793.0
14085.0,2863.0,5535.0,1.0,1.0,46710.0,4107.0,104065.0,21190.0,1069.0
10563.0,24.0,862.0,2.0,2.0,798.0,1361.0,1315.0,623.0,135.0
5055.0,30.0,1121.0,2.0,2.0,968.0,1365.0,1460.0,673.0,163.0
5586.0,50.0,2698.0,2.0,2.0,2800.0,2129.0,3292.0,1205.0,227.0
8062.0,25.0,878.0,1.0,1.0,855.0,2072.0,1308.0,651.0,111.0
897.0,20.0,2815.0,3.0,3.0,2905.0,732.0,2627.0,634.0,164.0
24759.0,137.0,7922.0,2.0,2.0,7932.0,5794.0,8462.0,4765.0,765.0
2764.0,59.0,2764.0,0.0,0.0,2924.0,7564.0,4048.0,1575.0,731.0
163.0,26.0,220.0,2.0,2.0,480.0,219.0,637.0,200.0,20.0
36.0,5.0,66.0,2.0,2.0,106.0,112.0,154.0,76.0,16.0
26163.0,6056.0,9737.0,1.0,1.0,98424.0,5978.0,220577.0,43756.0,2140.0
5586.0,50.0,2698.0,2.0,2.0,2800.0,2129.0,3292.0,1205.0,227.0
3995.0,17.0,147.0,1.0,1.0,410.0,2101.0,220.0,172.0,54.0
2307.0,30.0,584.0,0.0,0.0,855.0,663.0,895.0,533.0,55.0
36.0,5.0,66.0,2.0,2.0,106.0,112.0,154.0,76.0,16.0
8500.0,156.0,7964.0,2.0,2.0,6158.0,6124.0,7970.0,6001.0,944.0
24685.0,146.0,8146.0,2.0,2.0,8128.0,5880.0,8376.0,4990.0,768.0
6433.0,38.0,1125.0,1.0,1.0,1015.0,2087.0,1790.0,802.0,269.0
11228.0,368.0,44543.0,1.0,1.0,1005.0,9340.0,29188.0,10452.0,1879.0
3172.0,28.0,544.0,1.0,1.0,398.0,492.0,606.0,359.0,42.0
79038.0,374.0,82673.0,0.0,0.0,43064.0,37239.0,127065.0,81002.0,81928.0
1593.0,140.0,1109.0,0.0,0.0,4602.0,3636.0,7893.0,2692.0,1066.0
60240.0,196.0,8409.0,1.0,1.0,5616.0,6087.0,8935.0,6271.0,910.0
28.0,6.0,67.0,2.0,2.0,97.0,129.0,151.0,76.0,23.0
166.0,26.0,218.0,2.0,2.0,477.0,218.0,636.0,200.0,20.0
5449.0,52.0,2909.0,2.0,2.0,2971.0,3142.0,3263.0,1232.0,286.0
1209.0,14.0,858.0,0.0,0.0,828.0,2013.0,2029.0,1051.0,341.0
2975.0,31.0,3238.0,0.0,0.0,7462.0,3090.0,9352.0,6966.0,1906.0
1762.0,22.0,6272.0,0.0,0.0,3165.0,1980.0,6785.0,7181.0,2232.0
1741.0,21.0,6213.0,0.0,0.0,3189.0,2003.0,6850.0,6939.0,2464.0
6432.0,117.0,7452.0,1.0,1.0,12856.0,6553.0,14008.0,10089.0,3218.0
78058.0,2066.0,36133.0,1.0,1.0,50106.0,81810.0,51006.0,39100.0,9822.0
641.0,70.0,436.0,2.0,2.0,429.0,1142.0,553.0,375.0,40.0
1339.0,20.0,2764.0,3.0,3.0,2715.0,809.0,2643.0,606.0,112.0
6442.0,119.0,7456.0,1.0,1.0,12883.0,6557.0,14002.0,10078.0,3210.0
95028.0,659.0,21862.0,2.0,2.0,20756.0,37384.0,23425.0,15755.0,2805.0
1048.0,21.0,2882.0,3.0,3.0,2754.0,724.0,2573.0,626.0,106.0
2838.0,345.0,1941.0,1.0,1.0,5776.0,11662.0,4726.0,3305.0,1039.0
711.0,21.0,2685.0,3.0,3.0,2728.0,827.0,2578.0,567.0,99.0
4591.0,34.0,1265.0,1.0,1.0,953.0,1386.0,1405.0,518.0,126.0
6960.0,60.0,2599.0,1.0,1.0,3048.0,3308.0,3554.0,1418.0,378.0
2585.0,15.0,425.0,1.0,1.0,339.0,829.0,426.0,270.0,36.0
1919.0,295.0,1147.0,2.0,2.0,7285.0,11322.0,3692.0,4810.0,322.0
28391.0,752.0,44172.0,2.0,2.0,49797.0,29252.0,46991.0,36863.0,3752.0
13147.0,162.0,6697.0,0.0,0.0,5487.0,6954.0,6852.0,4755.0,592.0
16120.0,332.0,34927.0,0.0,0.0,19753.0,17558.0,40624.0,28473.0,22432.0
1781.0,22.0,6276.0,0.0,0.0,3188.0,1975.0,6773.0,7178.0,2228.0
6347.0,37.0,1043.0,1.0,1.0,1038.0,1603.0,1598.0,855.0,100.0
522.0,94.0,557.0,1.0,1.0,2274.0,4973.0,1122.0,1525.0,543.0
2008.0,26.0,466.0,1.0,1.0,388.0,2022.0,1341.0,334.0,66.0
9305.0,46.0,966.0,1.0,1.0,1601.0,1857.0,1637.0,1012.0,157.0
7757.0,263.0,15516.0,2.0,2.0,25067.0,15064.0,17303.0,13100.0,1691.0
648.0,20.0,2624.0,3.0,3.0,2643.0,661.0,2549.0,553.0,90.0
637.0,19.0,2621.0,3.0,3.0,2615.0,627.0,2542.0,542.0,90.0
682.0,26.0,2850.0,3.0,3.0,2702.0,1595.0,2602.0,566.0,140.0
966.0,20.0,2646.0,3.0,3.0,3091.0,869.0,2598.0,553.0,136.0
119048.0,9011.0,146483.0,1.0,1.0,247189.0,165059.0,282821.0,122865.0,19773.0
13795.0,215.0,9740.0,1.0,1.0,5665.0,11002.0,14132.0,5258.0,2451.0
4472.0,36.0,1171.0,1.0,1.0,817.0,1389.0,1401.0,535.0,136.0
10689.0,361.0,9221.0,1.0,1.0,8793.0,23822.0,11615.0,6701.0,1326.0
1588.0,20.0,2932.0,3.0,3.0,2735.0,872.0,2788.0,616.0,104.0
3589.0,78.0,3724.0,0.0,0.0,2548.0,1431.0,3558.0,2587.0,268.0
347.0,106.0,573.0,1.0,1.0,412.0,774.0,409.0,274.0,48.0
5017.0,38.0,1190.0,2.0,2.0,993.0,1358.0,1534.0,588.0,158.0
256.0,84.0,399.0,1.0,1.0,1302.0,2390.0,590.0,730.0,191.0
578.0,33.0,584.0,1.0,1.0,460.0,1053.0,930.0,364.0,79.0
35122.0,637.0,30222.0,0.0,0.0,78996.0,56167.0,87235.0,21116.0,2785.0
97657.0,75257.0,54471.0,0.0,0.0,19223.0,84373.0,28667.0,13547.0,2531.0
2307.0,30.0,584.0,0.0,0.0,855.0,663.0,895.0,533.0,55.0
2872.0,34.0,3381.0,0.0,0.0,7730.0,2972.0,8807.0,7594.0,1118.0
99543.0,1344.0,79397.0,1.0,1.0,100779.0,114712.0,100687.0,27067.0,7670.0
26139.0,6112.0,9787.0,1.0,1.0,97491.0,6083.0,221511.0,43992.0,2117.0
14223.0,239.0,13112.0,0.0,0.0,8284.0,7622.0,13654.0,9738.0,1172.0
12657.0,272.0,25257.0,0.0,0.0,14652.0,12508.0,29850.0,20840.0,14690.0
11951.0,909.0,13874.0,1.0,1.0,16943.0,34372.0,8275.0,11515.0,1983.0
903.0,121.0,579.0,1.0,1.0,2250.0,3323.0,1218.0,1225.0,477.0
544.0,13.0,410.0,1.0,1.0,380.0,307.0,926.0,402.0,46.0
640.0,19.0,2884.0,3.0,3.0,2988.0,744.0,2852.0,648.0,115.0
32636.0,1138.0,76979.0,2.0,2.0,96487.0,43974.0,111442.0,39552.0,7663.0
4966.0,64.0,1803.0,1.0,1.0,1606.0,2222.0,2152.0,940.0,198.0
503.0,147.0,681.0,1.0,1.0,2181.0,4275.0,1924.0,1261.0,374.0
766.0,106.0,1741.0,1.0,1.0,127.0,3788.0,3068.0,1375.0,231.0
6433.0,116.0,7456.0,1.0,1.0,12864.0,6550.0,14006.0,10086.0,3219.0
3986.0,344.0,1876.0,1.0,1.0,6525.0,1858.0,11221.0,2933.0,260.0
856.0,20.0,2685.0,3.0,3.0,2752.0,924.0,2734.0,611.0,107.0
6372.0,52.0,1968.0,1.0,1.0,1825.0,2080.0,2610.0,1103.0,160.0
63204.0,894.0,34430.0,1.0,1.0,28755.0,52741.0,32260.0,25909.0,3795.0
915.0,91.0,656.0,1.0,1.0,1650.0,3086.0,1210.0,962.0,237.0
99932.0,2133.0,96619.0,1.0,1.0,87510.0,167506.0,125225.0,76033.0,22147.0
2813.0,11.0,762.0,0.0,0.0,325.0,732.0,645.0,207.0,32.0
86933.0,475.0,76351.0,0.0,0.0,39256.0,49088.0,103319.0,70421.0,64806.0
147554.0,576.0,52934.0,1.0,1.0,60639.0,50479.0,70186.0,18543.0,2870.0
4706.0,272.0,4403.0,1.0,1.0,6015.0,11535.0,4354.0,4017.0,1042.0
38885.0,199.0,3423.0,1.0,1.0,18166.0,17341.0,3537.0,2865.0,467.0
648.0,20.0,2624.0,3.0,3.0,2643.0,661.0,2549.0,553.0,90.0
1920.0,100.0,852.0,1.0,1.0,1769.0,4706.0,1202.0,1139.0,432.0
2978.0,29.0,3078.0,0.0,0.0,6858.0,2920.0,8328.0,6122.0,1663.0
2969.0,27.0,3039.0,0.0,0.0,6849.0,2923.0,8363.0,6146.0,1669.0
2741.0,58.0,2737.0,0.0,0.0,2912.0,7565.0,4012.0,1558.0,731.0
29.0,7.0,75.0,2.0,2.0,110.0,121.0,157.0,74.0,12.0
1120.0,20.0,2865.0,3.0,3.0,2789.0,913.0,2770.0,610.0,118.0
37207.0,639.0,10733.0,1.0,1.0,16052.0,33095.0,22309.0,10518.0,2778.0
8441.0,388.0,3111.0,1.0,1.0,9107.0,3000.0,11176.0,4206.0,483.0
8028.0,75.0,2890.0,0.0,0.0,3455.0,4203.0,3836.0,1432.0,232.0
2805.0,31.0,2778.0,0.0,0.0,6391.0,2996.0,7146.0,5432.0,1196.0
2697.0,123.0,1537.0,1.0,1.0,18953.0,7052.0,1919.0,2033.0,586.0
5110.0,29.0,1470.0,1.0,1.0,1221.0,1249.0,1787.0,678.0,104.0
648.0,20.0,2624.0,3.0,3.0,2653.0,1921.0,2551.0,555.0,92.0
12245.0,640.0,14088.0,0.0,0.0,8533.0,27614.0,8311.0,2294.0,2327.0
6433.0,38.0,1125.0,1.0,1.0,1015.0,2087.0,1790.0,802.0,269.0
253.0,85.0,399.0,1.0,1.0,1311.0,2396.0,592.0,727.0,188.0
31461.0,4908.0,12864.0,1.0,1.0,82048.0,8092.0,175258.0,36627.0,2960.0
10079.0,48.0,2319.0,0.0,0.0,2755.0,2942.0,2734.0,1170.0,299.0
4787.0,146.0,6282.0,2.0,2.0,5475.0,2604.0,5457.0,5076.0,420.0
425.0,110.0,336.0,1.0,1.0,1907.0,2866.0,940.0,1133.0,328.0
1318.0,26.0,1019.0,0.0,0.0,861.0,2024.0,2678.0,1009.0,1310.0
648.0,20.0,2624.0,3.0,3.0,2643.0,661.0,2549.0,553.0,90.0
2813.0,11.0,762.0,0.0,0.0,325.0,732.0,645.0,207.0,32.0
648.0,20.0,2624.0,3.0,3.0,2643.0,661.0,2549.0,553.0,90.0
14931.0,338.0,33651.0,0.0,0.0,18122.0,17216.0,39206.0,27475.0,21971.0
14877.0,1612.0,37946.0,2.0,2.0,54279.0,19198.0,48673.0,21683.0,2305.0
1755.0,25.0,6270.0,0.0,0.0,3158.0,1995.0,6761.0,7173.0,2236.0
894.0,21.0,403.0,0.0,0.0,493.0,2022.0,1480.0,483.0,75.0
97657.0,75257.0,54471.0,0.0,0.0,19223.0,84373.0,28667.0,13547.0,2531.0
1723.0,51.0,1682.0,0.0,0.0,1624.0,929.0,2232.0,1364.0,156.0
4675.0,45.0,1165.0,1.0,1.0,972.0,1699.0,1844.0,694.0,148.0
3274.0,52.0,7687.0,0.0,0.0,4233.0,2608.0,8259.0,8258.0,2353.0
7430.0,779.0,11346.0,2.0,2.0,11687.0,8422.0,10128.0,8412.0,1364.0
31466.0,174.0,14633.0,0.0,0.0,516.0,8775.0,43452.0,8288.0,2000.0
648.0,20.0,2624.0,3.0,3.0,2643.0,661.0,2549.0,553.0,90.0
13732.0,231.0,12551.0,0.0,0.0,8131.0,7484.0,13285.0,9372.0,1110.0
13627.0,307.0,26632.0,0.0,0.0,15057.0,12889.0,30645.0,21535.0,14746.0
22627.0,1533.0,62096.0,3.0,3.0,82373.0,38206.0,78640.0,32915.0,6121.0
119048.0,9011.0,146484.0,1.0,1.0,247190.0,165059.0,282822.0,122864.0,19772.0
648.0,20.0,2624.0,3.0,3.0,2643.0,661.0,2549.0,553.0,90.0
7863.0,83.0,23125.0,0.0,0.0,551.0,6121.0,13440.0,4087.0,2249.0
347.0,106.0,573.0,1.0,1.0,412.0,774.0,409.0,274.0,48.0
12984.0,273.0,25697.0,0.0,0.0,14772.0,12683.0,30043.0,20986.0,14756.0
266.0,19.0,1390.0,0.0,0.0,62.0,791.0,817.0,421.0,116.0
1886.0,29.0,1697.0,0.0,0.0,75.0,1636.0,771.0,382.0,171.0
119048.0,9011.0,146484.0,1.0,1.0,247190.0,165059.0,282819.0,122863.0,19772.0
40440.0,1240.0,79494.0,2.0,2.0,112969.0,52727.0,114770.0,40015.0,7753.0
259.0,20.0,1378.0,0.0,0.0,64.0,797.0,815.0,442.0,132.0
7433.0,317.0,5217.0,1.0,1.0,5407.0,8324.0,5948.0,4107.0,817.0
46148.0,1400.0,49047.0,0.0,0.0,24914.0,45748.0,48336.0,44088.0,10664.0
318.0,12.0,1357.0,0.0,0.0,44.0,1547.0,798.0,554.0,156.0
8028.0,75.0,2890.0,0.0,0.0,3455.0,4203.0,3836.0,1432.0,232.0
301.0,16.0,1043.0,0.0,0.0,32.0,635.0,2473.0,310.0,101.0
5586.0,50.0,2698.0,2.0,2.0,2800.0,2129.0,3292.0,1205.0,227.0
24322.0,611.0,52787.0,2.0,2.0,60435.0,43850.0,50788.0,33857.0,12761.0
303.0,85.0,467.0,1.0,1.0,1591.0,3377.0,1127.0,764.0,231.0
4699.0,18.0,1012.0,1.0,1.0,1155.0,722.0,665.0,324.0,54.0
22261.0,567.0,13908.0,0.0,0.0,16546.0,36215.0,17092.0,9889.0,4917.0
28.0,6.0,67.0,2.0,2.0,97.0,129.0,151.0,76.0,23.0
1751.0,23.0,6254.0,0.0,0.0,3169.0,1994.0,6760.0,7172.0,2239.0
290.0,8.0,675.0,1.0,1.0,19.0,593.0,479.0,280.0,59.0
29.0,7.0,75.0,2.0,2.0,110.0,121.0,157.0,74.0,12.0
2112.0,30.0,779.0,1.0,1.0,502.0,764.0,1068.0,549.0,102.0
1096.0,20.0,2719.0,3.0,3.0,2694.0,832.0,2565.0,573.0,106.0
149029.0,612.0,54406.0,1.0,1.0,61672.0,51113.0,71649.0,19609.0,2988.0
4812.0,90.0,1444.0,0.0,0.0,2081.0,4170.0,2195.0,926.0,631.0
1215.0,12.0,1559.0,1.0,1.0,544.0,593.0,513.0,425.0,98.0
3006.0,31.0,3273.0,0.0,0.0,7480.0,3110.0,9371.0,6963.0,1907.0
4591.0,34.0,1265.0,1.0,1.0,953.0,1386.0,1405.0,518.0,126.0
1892.0,31.0,1695.0,0.0,0.0,77.0,1652.0,775.0,379.0,169.0
368.0,8.0,1885.0,0.0,0.0,32.0,2117.0,925.0,452.0,174.0
70646.0,329.0,40734.0,0.0,0.0,21676.0,30800.0,56902.0,35311.0,26379.0
2112.0,30.0,779.0,1.0,1.0,502.0,764.0,1068.0,549.0,102.0
21203.0,1481.0,58077.0,3.0,3.0,80380.0,38566.0,75524.0,32627.0,6593.0
11049.0,210.0,7452.0,1.0,1.0,8064.0,8738.0,15204.0,5647.0,1060.0
5020.0,35.0,1462.0,1.0,1.0,1014.0,1710.0,1487.0,1050.0,226.0
10689.0,361.0,9221.0,1.0,1.0,8793.0,23822.0,11615.0,6701.0,1326.0
351.0,11.0,1353.0,0.0,0.0,52.0,1541.0,795.0,548.0,156.0
327.0,26.0,832.0,0.0,0.0,31.0,555.0,675.0,327.0,209.0
2447.0,137.0,8851.0,0.0,0.0,228.0,3672.0,5849.0,2123.0,726.0
2431.0,140.0,8827.0,0.0,0.0,228.0,3665.0,5843.0,2128.0,726.0
578.0,33.0,584.0,1.0,1.0,460.0,1053.0,930.0,364.0,79.0
10079.0,48.0,2319.0,0.0,0.0,2755.0,2942.0,2734.0,1170.0,299.0
147843.0,1178.0,61576.0,3.0,3.0,55087.0,26008.0,72772.0,23347.0,3351.0
44094.0,699.0,21425.0,2.0,2.0,34352.0,37579.0,22016.0,16604.0,2610.0
3172.0,28.0,544.0,1.0,1.0,398.0,492.0,606.0,359.0,42.0
271319.0,545.0,32066.0,0.0,0.0,31499.0,46044.0,39952.0,15085.0,6261.0
2984.0,32.0,3025.0,0.0,0.0,6820.0,2924.0,8323.0,6129.0,1680.0
2248.0,22.0,926.0,2.0,2.0,674.0,1346.0,1020.0,397.0,53.0
267.0,9.0,562.0,0.0,0.0,22.0,485.0,1676.0,246.0,38.0
2307.0,30.0,584.0,0.0,0.0,855.0,663.0,895.0,533.0,55.0
67033.0,217.0,31278.0,0.0,0.0,17623.0,20628.0,44821.0,26192.0,21958.0
29.0,7.0,75.0,2.0,2.0,110.0,121.0,157.0,74.0,12.0
59955.0,6786.0,74767.0,0.0,0.0,20559.0,109779.0,34656.0,9477.0,2366.0
328.0,12.0,1349.0,0.0,0.0,47.0,1544.0,814.0,545.0,159.0
4742.0,113.0,12603.0,1.0,1.0,499.0,4003.0,7715.0,3851.0,497.0
633.0,19.0,2643.0,3.0,3.0,2632.0,648.0,2543.0,542.0,89.0
12466.0,276.0,28040.0,0.0,0.0,15287.0,14929.0,31572.0,23631.0,17418.0
1138.0,4.0,1072.0,0.0,0.0,29.0,1024.0,1146.0,194.0,25.0
2926.0,16.0,625.0,1.0,1.0,443.0,607.0,443.0,293.0,55.0
3582.0,14.0,777.0,1.0,1.0,654.0,1913.0,1126.0,452.0,72.0
50.0,29.0,26.0,1.0,1.0,334.0,486.0,184.0,185.0,28.0
2146.0,12.0,898.0,1.0,1.0,297.0,1872.0,1211.0,615.0,61.0
308.0,18.0,791.0,0.0,0.0,40.0,451.0,511.0,349.0,140.0
144.0,5.0,133.0,0.0,0.0,235.0,208.0,222.0,176.0,44.0
341.0,11.0,359.0,1.0,1.0,344.0,617.0,491.0,322.0,24.0
272.0,8.0,686.0,1.0,1.0,21.0,586.0,505.0,272.0,61.0
6433.0,38.0,1125.0,1.0,1.0,1015.0,2087.0,1790.0,802.0,269.0
1804.0,23.0,564.0,1.0,1.0,329.0,575.0,519.0,278.0,68.0
97657.0,75257.0,54471.0,0.0,0.0,19223.0,84373.0,28667.0,13547.0,2531.0
1593.0,140.0,1109.0,0.0,0.0,4602.0,3636.0,7893.0,2692.0,1066.0
2450.0,136.0,8833.0,0.0,0.0,229.0,3673.0,5838.0,2136.0,724.0
4591.0,34.0,1265.0,1.0,1.0,953.0,1386.0,1405.0,518.0,126.0
2887.0,32.0,3348.0,0.0,0.0,7872.0,3071.0,8778.0,7559.0,1169.0
303.0,16.0,770.0,0.0,0.0,43.0,447.0,509.0,356.0,141.0
3209.0,96.0,4765.0,0.0,0.0,4891.0,3937.0,6593.0,2564.0,589.0
115136.0,2918.0,117606.0,1.0,1.0,93287.0,56346.0,136057.0,82990.0,10865.0
283.0,19.0,1381.0,0.0,0.0,62.0,789.0,835.0,444.0,130.0
2307.0,30.0,584.0,0.0,0.0,855.0,663.0,895.0,533.0,55.0
3833.0,22.0,318.0,1.0,1.0,295.0,2168.0,472.0,237.0,87.0
261.0,85.0,395.0,1.0,1.0,1302.0,2388.0,597.0,745.0,189.0
4052.0,126.0,2801.0,1.0,1.0,4002.0,8051.0,3234.0,2522.0,466.0
77904.0,2058.0,35986.0,1.0,1.0,49271.0,80802.0,50378.0,39335.0,9847.0
68060.0,296.0,23396.0,3.0,3.0,21342.0,13812.0,25001.0,10265.0,2741.0
3090.0,20.0,2751.0,3.0,3.0,2669.0,789.0,2573.0,568.0,93.0
8443.0,444.0,3921.0,2.0,2.0,9840.0,8938.0,24021.0,4179.0,2334.0
480.0,17.0,1459.0,0.0,0.0,52.0,1113.0,929.0,504.0,190.0
2882.0,41.0,3383.0,0.0,0.0,7940.0,3115.0,9025.0,7660.0,1171.0
6629.0,63.0,1189.0,1.0,1.0,1425.0,2213.0,1737.0,882.0,251.0
291.0,5.0,703.0,1.0,1.0,19.0,589.0,501.0,286.0,59.0
409898.0,2295.0,54545.0,0.0,0.0,61465.0,140270.0,57574.0,30883.0,14696.0
1068.0,20.0,1857.0,0.0,0.0,42.0,837.0,1413.0,334.0,138.0
26098.0,283.0,23257.0,0.0,0.0,18212.0,25754.0,27885.0,24998.0,7112.0
2381.0,19.0,872.0,1.0,1.0,629.0,1200.0,1637.0,353.0,58.0
383.0,14.0,3233.0,0.0,0.0,85.0,1706.0,2232.0,907.0,273.0
992.0,38.0,2294.0,1.0,1.0,3344.0,1665.0,3034.0,1267.0,78.0
6629.0,63.0,1189.0,1.0,1.0,1425.0,2213.0,1737.0,882.0,251.0
28.0,6.0,67.0,2.0,2.0,97.0,129.0,151.0,76.0,23.0
41402.0,1279.0,86474.0,2.0,2.0,118766.0,52747.0,119915.0,42769.0,8020.0
9258.0,599.0,6524.0,2.0,2.0,11088.0,16090.0,11740.0,5695.0,1456.0
3770.0,71.0,8604.0,0.0,0.0,139.0,4541.0,5294.0,3008.0,675.0
2248.0,22.0,926.0,2.0,2.0,674.0,1346.0,1020.0,397.0,53.0
26196.0,5810.0,9827.0,1.0,1.0,97831.0,5901.0,220731.0,43698.0,2108.0
8784.0,277.0,10872.0,2.0,2.0,14274.0,7276.0,12620.0,4954.0,1193.0
1766.0,20.0,6290.0,0.0,0.0,3171.0,1972.0,6776.0,7198.0,2231.0
132803.0,2814.0,125673.0,1.0,1.0,90082.0,61382.0,125332.0,92513.0,10901.0
78008.0,2078.0,36232.0,1.0,1.0,50021.0,82059.0,51223.0,39006.0,9788.0
317.0,97.0,485.0,1.0,1.0,1684.0,2989.0,726.0,838.0,196.0
41380.0,1281.0,86470.0,2.0,2.0,118817.0,52748.0,119972.0,42753.0,8020.0
3907.0,17.0,1029.0,1.0,1.0,937.0,2189.0,1423.0,632.0,109.0
305.0,17.0,780.0,0.0,0.0,39.0,447.0,519.0,351.0,138.0
544.0,13.0,410.0,1.0,1.0,380.0,307.0,926.0,402.0,46.0
697.0,168.0,746.0,1.0,1.0,2659.0,5312.0,1529.0,1433.0,415.0
2233.0,32.0,6703.0,0.0,0.0,3471.0,2128.0,7211.0,7513.0,2269.0
141.0,4.0,138.0,0.0,0.0,223.0,219.0,226.0,180.0,42.0
6372.0,52.0,1968.0,1.0,1.0,1825.0,2080.0,2610.0,1103.0,160.0
9251.0,109.0,17187.0,0.0,0.0,683.0,8125.0,11056.0,4912.0,1544.0
1334.0,17.0,529.0,0.0,0.0,1025.0,1309.0,2499.0,996.0,150.0
632.0,27.0,2065.0,0.0,0.0,48.0,1136.0,1635.0,647.0,421.0
637.0,19.0,2621.0,3.0,3.0,2615.0,627.0,2542.0,542.0,90.0
9259.0,599.0,6519.0,2.0,2.0,11086.0,16092.0,11743.0,5693.0,1456.0
6720.0,137.0,3149.0,2.0,2.0,3405.0,3307.0,4023.0,1866.0,381.0
1524.0,28.0,2752.0,3.0,3.0,2858.0,1001.0,2749.0,623.0,96.0
706.0,38.0,2356.0,0.0,0.0,65.0,1132.0,1271.0,536.0,120.0
1257.0,24.0,2728.0,3.0,3.0,2720.0,751.0,2649.0,607.0,119.0
307.0,14.0,1353.0,0.0,0.0,47.0,1539.0,807.0,547.0,156.0
660.0,20.0,2628.0,3.0,3.0,2647.0,677.0,2551.0,560.0,90.0
292.0,17.0,788.0,0.0,0.0,36.0,446.0,517.0,356.0,138.0
2045.0,47.0,2722.0,1.0,1.0,3165.0,2487.0,3055.0,1122.0,187.0
24294.0,1603.0,63697.0,3.0,3.0,82350.0,37517.0,79975.0,34493.0,5900.0
798.0,35.0,1134.0,0.0,0.0,1743.0,1744.0,1776.0,1779.0,181.0
3789.0,15.0,457.0,1.0,1.0,305.0,725.0,418.0,284.0,49.0
4983.0,37.0,1126.0,2.0,2.0,994.0,1366.0,1523.0,620.0,148.0
29.0,7.0,75.0,2.0,2.0,110.0,121.0,157.0,74.0,12.0
1592.0,20.0,2910.0,3.0,3.0,2718.0,851.0,2787.0,616.0,105.0
648.0,20.0,2624.0,3.0,3.0,2643.0,661.0,2549.0,553.0,90.0
0.0,0.0,0.0,0.0,0.0,0.0,0.0,0.0,0.0,0.0
6246.0,216.0,5112.0,1.0,1.0,5695.0,7776.0,7223.0,4559.0,828.0
27761.0,125.0,3595.0,1.0,1.0,2828.0,5219.0,5906.0,3405.0,1141.0
264.0,20.0,1376.0,0.0,0.0,61.0,789.0,839.0,434.0,135.0
9727.0,22.0,156.0,1.0,1.0,34375.0,37303.0,66708.0,15313.0,11108.0
722.0,39.0,2372.0,0.0,0.0,68.0,1136.0,1294.0,525.0,119.0
8795.0,279.0,10863.0,2.0,2.0,14261.0,7283.0,12613.0,4945.0,1196.0
335.0,18.0,404.0,1.0,1.0,412.0,731.0,468.0,299.0,46.0
1238.0,21.0,2754.0,3.0,3.0,2674.0,841.0,2617.0,593.0,102.0
1092.0,19.0,4407.0,0.0,0.0,118.0,2744.0,3040.0,1222.0,832.0
641.0,70.0,436.0,2.0,2.0,429.0,1142.0,553.0,375.0,40.0
1603.0,21.0,2913.0,3.0,3.0,2746.0,885.0,2794.0,627.0,105.0
28.0,6.0,67.0,2.0,2.0,97.0,129.0,151.0,76.0,23.0
3204.0,42.0,4529.0,0.0,0.0,9285.0,4929.0,11495.0,8557.0,2280.0
6753.0,70.0,1112.0,1.0,1.0,1439.0,2185.0,1752.0,923.0,250.0
1590.0,27.0,6256.0,0.0,0.0,3161.0,2087.0,6827.0,6882.0,2567.0
723.0,39.0,1000.0,0.0,0.0,33.0,571.0,673.0,453.0,65.0
2450.0,136.0,8853.0,0.0,0.0,227.0,3662.0,5844.0,2127.0,727.0
1203.0,19.0,2810.0,3.0,3.0,3054.0,874.0,2726.0,622.0,93.0
6584.0,69.0,1196.0,1.0,1.0,1409.0,2223.0,1703.0,906.0,265.0
36.0,5.0,66.0,2.0,2.0,106.0,112.0,154.0,76.0,16.0
38885.0,199.0,3422.0,1.0,1.0,18157.0,17317.0,3532.0,2857.0,464.0
247.0,76.0,400.0,1.0,1.0,1265.0,2361.0,593.0,670.0,189.0
8066.0,68.0,2995.0,0.0,0.0,3594.0,4293.0,3900.0,1441.0,202.0
485.0,17.0,1478.0,0.0,0.0,51.0,1113.0,926.0,512.0,190.0
4812.0,90.0,1444.0,0.0,0.0,2081.0,4170.0,2195.0,926.0,631.0
714.0,39.0,2350.0,0.0,0.0,66.0,1134.0,1291.0,524.0,121.0
10079.0,48.0,2319.0,0.0,0.0,2755.0,2942.0,2734.0,1170.0,299.0
67803.0,231.0,31367.0,0.0,0.0,17805.0,22227.0,44528.0,25344.0,21427.0
12691.0,284.0,24292.0,0.0,0.0,14106.0,12523.0,28778.0,19873.0,14767.0
3558.0,122.0,1779.0,1.0,1.0,3179.0,7420.0,1975.0,1986.0,559.0
15057.0,293.0,31980.0,0.0,0.0,17586.0,15144.0,36948.0,25711.0,20193.0
256.0,77.0,392.0,1.0,1.0,1250.0,2343.0,593.0,692.0,185.0
1256.0,20.0,2920.0,3.0,3.0,2857.0,725.0,2720.0,608.0,117.0
3582.0,14.0,777.0,1.0,1.0,654.0,1913.0,1126.0,452.0,72.0
2872.0,39.0,3374.0,0.0,0.0,7941.0,3117.0,9022.0,7660.0,1172.0
9305.0,46.0,966.0,1.0,1.0,1601.0,1857.0,1637.0,1012.0,157.0
97657.0,75257.0,54471.0,0.0,0.0,19223.0,84373.0,28667.0,13547.0,2531.0
827.0,174.0,795.0,1.0,1.0,2753.0,5824.0,1591.0,1645.0,445.0
7105.0,123.0,5289.0,1.0,1.0,4472.0,8229.0,5720.0,3762.0,837.0
55380.0,1654.0,97825.0,1.0,1.0,121092.0,66872.0,179233.0,42681.0,5310.0
22261.0,567.0,13908.0,0.0,0.0,16546.0,36215.0,17092.0,9889.0,4917.0
1786.0,18.0,573.0,1.0,1.0,406.0,601.0,635.0,299.0,75.0
2008.0,26.0,466.0,1.0,1.0,388.0,2022.0,1341.0,334.0,66.0
13.0,0.0,288.0,0.0,0.0,123.0,29.0,160.0,81.0,1.0
3880.0,26.0,528.0,1.0,1.0,563.0,767.0,1057.0,459.0,52.0
3781.0,70.0,8596.0,0.0,0.0,141.0,4559.0,5300.0,2990.0,679.0
1755.0,23.0,6280.0,0.0,0.0,3165.0,1972.0,6771.0,7189.0,2235.0
5088.0,87.0,19265.0,1.0,1.0,2649.0,2833.0,657.0,3471.0,553.0
6960.0,60.0,2599.0,1.0,1.0,3048.0,3308.0,3554.0,1418.0,378.0
281.0,9.0,696.0,1.0,1.0,20.0,578.0,509.0,293.0,63.0
4591.0,34.0,1265.0,1.0,1.0,953.0,1386.0,1405.0,518.0,126.0
262254.0,1852.0,156946.0,1.0,1.0,583420.0,240029.0,171242.0,68502.0,24943.0
1771.0,62.0,1774.0,0.0,0.0,1558.0,1022.0,2239.0,1400.0,145.0
6583.0,90.0,1142.0,1.0,1.0,1494.0,2190.0,1770.0,900.0,260.0
1804.0,23.0,564.0,1.0,1.0,329.0,575.0,519.0,278.0,68.0
10156.0,50.0,2422.0,0.0,0.0,2711.0,2900.0,2732.0,1151.0,287.0
117073.0,2919.0,113883.0,1.0,1.0,87346.0,53488.0,131906.0,83431.0,10082.0
512.0,108.0,915.0,1.0,1.0,2332.0,4406.0,1135.0,1223.0,357.0
2925.0,20.0,617.0,1.0,1.0,445.0,594.0,420.0,301.0,49.0
302.0,16.0,800.0,0.0,0.0,35.0,450.0,513.0,350.0,144.0
648.0,20.0,2624.0,3.0,3.0,2643.0,661.0,2549.0,553.0,90.0
251.0,84.0,396.0,1.0,1.0,1297.0,2381.0,594.0,729.0,189.0
1084.0,21.0,1843.0,0.0,0.0,43.0,852.0,1425.0,334.0,135.0
507547.0,611.0,55074.0,1.0,1.0,4774.0,116026.0,63406.0,26881.0,9656.0
2377.0,201.0,7033.0,2.0,2.0,8843.0,4047.0,8265.0,3635.0,415.0
5486.0,217.0,5448.0,1.0,1.0,5463.0,35920.0,5191.0,3871.0,1407.0
324.0,12.0,1343.0,0.0,0.0,45.0,1542.0,779.0,551.0,163.0
713.0,38.0,2347.0,0.0,0.0,69.0,1135.0,1276.0,537.0,120.0
4766.0,52.0,1103.0,2.0,2.0,861.0,1640.0,1533.0,590.0,129.0
29141.0,854.0,64242.0,1.0,1.0,56126.0,28749.0,77025.0,21122.0,2640.0
934.0,21.0,2787.0,3.0,3.0,2768.0,817.0,2692.0,655.0,124.0
10689.0,361.0,9221.0,1.0,1.0,8793.0,23822.0,11615.0,6701.0,1326.0
73697.0,362.0,42163.0,0.0,0.0,23187.0,30024.0,56396.0,36120.0,24135.0
2519.0,14.0,677.0,1.0,1.0,620.0,1596.0,996.0,367.0,53.0
1400.0,26.0,2737.0,3.0,3.0,2705.0,783.0,2698.0,651.0,102.0
1896.0,32.0,1696.0,0.0,0.0,76.0,1639.0,787.0,385.0,174.0
28.0,6.0,67.0,2.0,2.0,97.0,129.0,151.0,76.0,23.0
77946.0,2077.0,36227.0,1.0,1.0,49245.0,83287.0,50469.0,39340.0,10057.0
1428.0,55.0,1387.0,0.0,0.0,1373.0,845.0,1793.0,1195.0,115.0
1858.0,33.0,6474.0,0.0,0.0,3319.0,2362.0,7164.0,7273.0,2309.0
1854.0,161.0,7376.0,1.0,1.0,448.0,13161.0,10329.0,2982.0,1507.0
306.0,19.0,1061.0,0.0,0.0,36.0,642.0,2470.0,308.0,105.0
3789.0,15.0,457.0,1.0,1.0,305.0,725.0,418.0,284.0,49.0
5035.0,209.0,8600.0,3.0,3.0,7842.0,8565.0,9599.0,4466.0,744.0
648.0,20.0,2624.0,3.0,3.0,2643.0,661.0,2549.0,553.0,90.0
932.0,30.0,1042.0,0.0,0.0,1868.0,1639.0,1533.0,959.0,372.0
1979.0,19.0,2767.0,3.0,3.0,2793.0,1093.0,2734.0,556.0,105.0
6539.0,290.0,4027.0,2.0,2.0,5317.0,11373.0,5014.0,3756.0,1752.0
6960.0,60.0,2599.0,1.0,1.0,3048.0,3308.0,3554.0,1418.0,378.0
230.0,87.0,219.0,1.0,1.0,1299.0,1753.0,712.0,734.0,132.0
7879.0,85.0,23130.0,0.0,0.0,546.0,6110.0,13418.0,4069.0,2252.0
2995.0,10.0,672.0,1.0,1.0,319.0,900.0,683.0,238.0,40.0
990.0,38.0,2299.0,1.0,1.0,3343.0,1655.0,3022.0,1270.0,79.0
666.0,23.0,1601.0,1.0,1.0,856.0,1069.0,1353.0,509.0,96.0
161.0,26.0,219.0,2.0,2.0,481.0,221.0,643.0,200.0,20.0
719.0,39.0,1012.0,0.0,0.0,34.0,579.0,685.0,463.0,62.0
3276.0,51.0,7701.0,0.0,0.0,4255.0,2610.0,8254.0,8268.0,2359.0
31357.0,170.0,14541.0,0.0,0.0,527.0,8752.0,43427.0,8345.0,2015.0
15910.0,2901.0,7809.0,1.0,1.0,46950.0,5706.0,103079.0,22087.0,1166.0
648.0,20.0,2624.0,3.0,3.0,2643.0,661.0,2549.0,553.0,90.0
290.0,6.0,687.0,1.0,1.0,19.0,584.0,487.0,277.0,60.0
28.0,6.0,67.0,2.0,2.0,97.0,129.0,151.0,76.0,23.0
27895.0,1440.0,106437.0,2.0,2.0,98458.0,50337.0,122506.0,63624.0,10256.0
7809.0,141.0,5965.0,1.0,1.0,4855.0,8741.0,6208.0,4050.0,996.0
715.0,39.0,1022.0,0.0,0.0,39.0,580.0,671.0,467.0,58.0
713.0,168.0,2788.0,1.0,1.0,4669.0,1773.0,2797.0,2733.0,249.0
296.0,15.0,777.0,0.0,0.0,39.0,438.0,526.0,334.0,147.0
964.0,26.0,2225.0,1.0,1.0,625.0,875.0,1182.0,442.0,114.0
29.0,7.0,75.0,2.0,2.0,110.0,121.0,157.0,74.0,12.0
10689.0,361.0,9221.0,1.0,1.0,8793.0,23822.0,11615.0,6701.0,1326.0
853.0,21.0,2866.0,3.0,3.0,2679.0,783.0,2752.0,641.0,133.0
641.0,70.0,436.0,2.0,2.0,429.0,1142.0,553.0,375.0,40.0
1593.0,140.0,1109.0,0.0,0.0,4602.0,3636.0,7893.0,2692.0,1066.0
711.0,40.0,1017.0,0.0,0.0,34.0,587.0,672.0,453.0,61.0
941.0,23.0,2515.0,2.0,2.0,3323.0,1823.0,2776.0,902.0,526.0
2456.0,137.0,8828.0,0.0,0.0,230.0,3671.0,5829.0,2137.0,730.0
97657.0,75257.0,54471.0,0.0,0.0,19223.0,84373.0,28667.0,13547.0,2531.0
1257.0,24.0,2728.0,3.0,3.0,2720.0,751.0,2649.0,607.0,119.0
77965.0,2059.0,36851.0,1.0,1.0,49284.0,82170.0,50646.0,39319.0,10007.0
5624.0,60.0,2836.0,2.0,2.0,2894.0,3171.0,3141.0,1271.0,277.0
1786.0,18.0,573.0,1.0,1.0,406.0,601.0,635.0,299.0,75.0
222.0,8.0,1536.0,0.0,0.0,35.0,1311.0,1449.0,388.0,127.0
1723.0,24.0,6289.0,0.0,0.0,3169.0,1987.0,6777.0,7187.0,2241.0
10166.0,57.0,2336.0,0.0,0.0,2679.0,2874.0,2828.0,1153.0,288.0
371.0,126.0,562.0,1.0,1.0,2145.0,3995.0,1180.0,1079.0,358.0
2494.0,60.0,3150.0,0.0,0.0,191.0,2966.0,2678.0,1144.0,421.0
6372.0,52.0,1968.0,1.0,1.0,1825.0,2080.0,2610.0,1103.0,160.0
14434.0,270.0,31460.0,0.0,0.0,17188.0,14868.0,36358.0,25276.0,20102.0
7926.0,88.0,8043.0,1.0,1.0,921.0,17357.0,832.0,8292.0,1947.0
72598.0,1902.0,71212.0,1.0,1.0,57245.0,35679.0,90703.0,51672.0,6822.0
6960.0,60.0,2599.0,1.0,1.0,3048.0,3308.0,3554.0,1418.0,378.0
894.0,21.0,403.0,0.0,0.0,493.0,2022.0,1480.0,483.0,75.0
1826.0,30.0,6434.0,0.0,0.0,3337.0,2355.0,7195.0,7292.0,2309.0
13791.0,242.0,11952.0,0.0,0.0,7979.0,7511.0,13013.0,9205.0,1150.0
4996.0,44.0,1094.0,2.0,2.0,1015.0,1282.0,1630.0,639.0,146.0
1874.0,30.0,1705.0,0.0,0.0,77.0,1637.0,764.0,379.0,176.0
29.0,7.0,75.0,2.0,2.0,110.0,121.0,157.0,74.0,12.0
2882.0,34.0,3335.0,0.0,0.0,7861.0,3062.0,8802.0,7568.0,1166.0
6584.0,69.0,1196.0,1.0,1.0,1409.0,2223.0,1703.0,906.0,265.0
515.0,32.0,1671.0,0.0,0.0,52.0,1010.0,1286.0,639.0,220.0
149172.0,607.0,54336.0,1.0,1.0,61678.0,51087.0,71657.0,19666.0,2977.0
648.0,20.0,2624.0,3.0,3.0,2643.0,661.0,2549.0,553.0,90.0
704.0,40.0,998.0,0.0,0.0,38.0,577.0,671.0,472.0,64.0
6960.0,60.0,2599.0,1.0,1.0,3048.0,3308.0,3554.0,1418.0,378.0
2741.0,58.0,2737.0,0.0,0.0,2912.0,7565.0,4012.0,1558.0,731.0
141.0,6.0,124.0,0.0,0.0,233.0,208.0,222.0,175.0,42.0
38886.0,199.0,3420.0,1.0,1.0,18156.0,17317.0,3530.0,2858.0,464.0
1905.0,29.0,1698.0,0.0,0.0,84.0,1636.0,785.0,371.0,171.0
8065.0,340.0,8250.0,1.0,1.0,11136.0,20009.0,48940.0,3862.0,1657.0
15748.0,329.0,34401.0,0.0,0.0,19505.0,17401.0,40173.0,28129.0,22382.0
259.0,16.0,1378.0,0.0,0.0,59.0,787.0,802.0,428.0,117.0
927.0,22.0,2733.0,3.0,3.0,2715.0,787.0,2644.0,614.0,99.0
988.0,39.0,2303.0,1.0,1.0,3340.0,1656.0,3027.0,1275.0,83.0
648.0,20.0,2624.0,3.0,3.0,2643.0,661.0,2549.0,553.0,90.0
2751.0,4.0,686.0,1.0,1.0,271.0,718.0,565.0,178.0,25.0
2170.0,106.0,165.0,1.0,1.0,3436.0,6541.0,4188.0,1521.0,758.0
7698.0,523.0,5727.0,2.0,2.0,8286.0,23588.0,10248.0,5264.0,1123.0
1695.0,26.0,6235.0,0.0,0.0,3172.0,1997.0,6866.0,6917.0,2460.0
6583.0,90.0,1142.0,1.0,1.0,1494.0,2190.0,1770.0,900.0,260.0
3032.0,38.0,3266.0,0.0,0.0,7454.0,3104.0,9406.0,6977.0,1904.0
6583.0,90.0,1142.0,1.0,1.0,1494.0,2190.0,1770.0,900.0,260.0
182908.0,3219.0,136557.0,1.0,1.0,113830.0,162786.0,160049.0,103526.0,20097.0
436.0,36.0,2781.0,0.0,0.0,111.0,1123.0,1708.0,494.0,50.0
983.0,41.0,2302.0,1.0,1.0,3340.0,1650.0,3026.0,1279.0,76.0
101628.0,394.0,22535.0,3.0,3.0,27867.0,12780.0,30901.0,9901.0,818.0
828.0,117.0,584.0,1.0,1.0,2224.0,3319.0,1226.0,1222.0,480.0
1339.0,20.0,2764.0,3.0,3.0,2715.0,809.0,2643.0,606.0,112.0
6445.0,116.0,7446.0,1.0,1.0,12878.0,6554.0,14006.0,10085.0,3213.0
310.0,15.0,1062.0,0.0,0.0,29.0,633.0,2479.0,295.0,106.0
45990.0,1399.0,48731.0,0.0,0.0,24538.0,45765.0,48250.0,43980.0,10628.0
544.0,13.0,410.0,1.0,1.0,380.0,307.0,926.0,402.0,46.0
13127.0,287.0,26112.0,0.0,0.0,14826.0,12833.0,30240.0,21100.0,14734.0
3238.0,51.0,7679.0,0.0,0.0,4225.0,2595.0,8213.0,8279.0,2367.0
122471.0,2578.0,118940.0,1.0,1.0,113247.0,196589.0,153772.0,99000.0,29372.0
56820.0,1202.0,54694.0,1.0,1.0,38694.0,25878.0,55105.0,39673.0,4651.0
15267.0,330.0,32302.0,0.0,0.0,17717.0,15332.0,37199.0,25726.0,20229.0
26263.0,5992.0,9835.0,1.0,1.0,98159.0,6016.0,220703.0,43617.0,2066.0
9747.0,164.0,7969.0,0.0,0.0,5236.0,5591.0,9423.0,6431.0,821.0
719.0,38.0,2354.0,0.0,0.0,65.0,1134.0,1271.0,523.0,117.0
790.0,262.0,4659.0,1.0,1.0,6864.0,2818.0,3706.0,3540.0,923.0
327.0,14.0,1343.0,0.0,0.0,41.0,1547.0,798.0,538.0,160.0
948.0,23.0,2518.0,2.0,2.0,3312.0,1815.0,2772.0,899.0,523.0
164.0,26.0,218.0,2.0,2.0,474.0,217.0,633.0,201.0,20.0
8805.0,54.0,2304.0,1.0,1.0,2776.0,2838.0,3005.0,1171.0,264.0
77949.0,2065.0,36321.0,1.0,1.0,50119.0,81639.0,50912.0,39092.0,9783.0
3172.0,28.0,544.0,1.0,1.0,398.0,492.0,606.0,359.0,42.0
964.0,26.0,2225.0,1.0,1.0,625.0,875.0,1182.0,442.0,114.0
11049.0,210.0,7453.0,1.0,1.0,8064.0,8735.0,15204.0,5648.0,1061.0
2866.0,153.0,549.0,1.0,1.0,10788.0,14890.0,21080.0,5469.0,3036.0
302.0,16.0,1056.0,0.0,0.0,29.0,629.0,2458.0,302.0,103.0
1058.0,20.0,1821.0,0.0,0.0,45.0,841.0,1422.0,341.0,132.0
15286.0,168.0,16169.0,1.0,1.0,13144.0,22514.0,6052.0,3048.0,622.0
10254.0,252.0,7398.0,1.0,1.0,7068.0,16699.0,8223.0,5860.0,728.0
1132.0,23.0,2801.0,3.0,3.0,2719.0,849.0,2710.0,657.0,123.0
477.0,16.0,1476.0,0.0,0.0,56.0,1109.0,938.0,503.0,187.0
467.0,17.0,1465.0,0.0,0.0,49.0,1106.0,929.0,507.0,195.0
633.0,19.0,2643.0,3.0,3.0,2632.0,648.0,2543.0,542.0,89.0
1066.0,20.0,1835.0,0.0,0.0,42.0,842.0,1416.0,333.0,140.0
161.0,26.0,223.0,2.0,2.0,479.0,217.0,631.0,200.0,20.0
19296.0,59.0,4473.0,1.0,1.0,1011.0,1306.0,1052.0,836.0,1190.0
1313.0,22.0,2713.0,3.0,3.0,2686.0,801.0,2954.0,611.0,98.0
2786.0,34.0,2780.0,0.0,0.0,6362.0,3042.0,7156.0,5451.0,1188.0
378.0,11.0,1873.0,0.0,0.0,33.0,2108.0,911.0,461.0,173.0
125533.0,2945.0,199456.0,1.0,1.0,244366.0,108911.0,204284.0,117085.0,22470.0
136.0,47.0,233.0,1.0,1.0,866.0,1725.0,437.0,513.0,111.0
97657.0,75257.0,54471.0,0.0,0.0,19223.0,84373.0,28667.0,13547.0,2531.0
8789.0,277.0,10865.0,2.0,2.0,14274.0,7287.0,12629.0,4955.0,1199.0
271202.0,535.0,32021.0,0.0,0.0,31426.0,46035.0,39809.0,15009.0,6255.0
923.0,32.0,3531.0,0.0,0.0,98.0,1339.0,1785.0,700.0,327.0
265.0,20.0,1395.0,0.0,0.0,59.0,795.0,820.0,447.0,132.0
29.0,7.0,75.0,2.0,2.0,110.0,121.0,157.0,74.0,12.0
797.0,121.0,469.0,1.0,1.0,1835.0,4552.0,1423.0,903.0,237.0
6960.0,60.0,2599.0,1.0,1.0,3048.0,3308.0,3554.0,1418.0,378.0
279.0,5.0,686.0,1.0,1.0,22.0,581.0,514.0,280.0,60.0
7897.0,476.0,23313.0,2.0,2.0,30359.0,25652.0,16759.0,18691.0,3813.0
265.0,4.0,709.0,1.0,1.0,21.0,587.0,491.0,279.0,63.0
951.0,21.0,2941.0,3.0,3.0,2737.0,803.0,2648.0,600.0,117.0
2574.0,204.0,5315.0,1.0,1.0,7286.0,4570.0,7840.0,3325.0,911.0
2995.0,10.0,672.0,1.0,1.0,319.0,900.0,683.0,238.0,40.0
6446.0,29.0,1188.0,1.0,1.0,1060.0,1856.0,1894.0,881.0,276.0
7999.0,24.0,890.0,1.0,1.0,800.0,1987.0,1377.0,611.0,125.0
39837.0,94.0,15608.0,1.0,1.0,12154.0,9780.0,8706.0,3755.0,1448.0
275.0,7.0,694.0,1.0,1.0,21.0,591.0,491.0,291.0,57.0
714.0,169.0,2785.0,1.0,1.0,4662.0,1777.0,2810.0,2733.0,250.0
466.0,18.0,1466.0,0.0,0.0,55.0,1104.0,930.0,511.0,187.0
38413.0,903.0,37748.0,2.0,2.0,33184.0,23253.0,41546.0,18733.0,3272.0
2307.0,30.0,584.0,0.0,0.0,855.0,663.0,895.0,533.0,55.0
41377.0,1281.0,86469.0,2.0,2.0,118811.0,52747.0,119968.0,42756.0,8019.0
97657.0,75257.0,54471.0,0.0,0.0,19223.0,84373.0,28667.0,13547.0,2531.0
26011.0,256.0,23049.0,0.0,0.0,17983.0,25693.0,27922.0,24845.0,7121.0
488.0,20.0,353.0,1.0,1.0,482.0,682.0,586.0,296.0,42.0
15930.0,411.0,4749.0,1.0,1.0,6937.0,11017.0,3901.0,3442.0,466.0
711.0,38.0,2361.0,0.0,0.0,69.0,1133.0,1272.0,533.0,118.0
18142.0,1083.0,16310.0,1.0,1.0,21017.0,70138.0,18528.0,14541.0,3129.0
839.0,62.0,6340.0,0.0,0.0,143.0,4192.0,4343.0,2074.0,549.0
858.0,21.0,2784.0,3.0,3.0,2791.0,685.0,2735.0,659.0,97.0
229.0,11.0,1550.0,0.0,0.0,33.0,1314.0,1445.0,391.0,126.0
1880.0,54.0,3236.0,0.0,0.0,156.0,1203.0,2264.0,1342.0,155.0
36.0,5.0,66.0,2.0,2.0,106.0,112.0,154.0,76.0,16.0
1905.0,28.0,1699.0,0.0,0.0,80.0,1636.0,777.0,381.0,174.0
38888.0,199.0,3426.0,1.0,1.0,18168.0,17324.0,3542.0,2868.0,468.0
641.0,70.0,436.0,2.0,2.0,429.0,1142.0,553.0,375.0,40.0
1542.0,107.0,1525.0,1.0,1.0,1671.0,1733.0,1745.0,1311.0,199.0
38889.0,199.0,3424.0,1.0,1.0,18169.0,17318.0,3544.0,2865.0,470.0
25592.0,114.0,4580.0,1.0,1.0,3115.0,17213.0,5744.0,2455.0,659.0
248.0,76.0,390.0,1.0,1.0,1257.0,2366.0,591.0,672.0,185.0
18989.0,4443.0,7226.0,1.0,1.0,71702.0,4796.0,161478.0,31653.0,1571.0
784.0,20.0,2784.0,3.0,3.0,2718.0,761.0,2607.0,624.0,94.0
78000.0,2077.0,36035.0,1.0,1.0,50116.0,81611.0,50772.0,38984.0,9808.0
6430.0,118.0,7449.0,1.0,1.0,12866.0,6551.0,13977.0,10085.0,3216.0
12557.0,311.0,28199.0,0.0,0.0,15455.0,15031.0,31635.0,23695.0,17435.0
2670.0,83.0,2639.0,1.0,1.0,3246.0,1794.0,3510.0,1310.0,126.0
305.0,17.0,792.0,0.0,0.0,35.0,433.0,523.0,337.0,148.0
25190.0,1606.0,62991.0,3.0,3.0,83983.0,39548.0,80575.0,35318.0,6585.0
1960.0,30.0,2038.0,0.0,0.0,1336.0,783.0,1932.0,1372.0,127.0
376.0,11.0,3212.0,0.0,0.0,89.0,1708.0,2227.0,909.0,273.0
708.0,38.0,1010.0,0.0,0.0,36.0,580.0,674.0,452.0,65.0
10689.0,361.0,9221.0,1.0,1.0,8793.0,23822.0,11615.0,6701.0,1326.0
979.0,41.0,2319.0,1.0,1.0,3334.0,1658.0,3029.0,1269.0,76.0
554.0,117.0,962.0,1.0,1.0,2342.0,4643.0,1153.0,1036.0,315.0
583.0,286.0,268.0,1.0,1.0,2484.0,735.0,4412.0,1307.0,103.0
1414.0,62.0,1382.0,2.0,2.0,1261.0,723.0,1747.0,1152.0,106.0
119048.0,9011.0,146483.0,1.0,1.0,247190.0,165059.0,282820.0,122864.0,19772.0
76.0,36.0,95.0,1.0,1.0,456.0,834.0,212.0,288.0,94.0
1153.0,212.0,1363.0,1.0,1.0,4016.0,8248.0,2473.0,2095.0,552.0
1603.0,21.0,2913.0,3.0,3.0,2746.0,885.0,2794.0,627.0,105.0
