disassembled_line_length_48,disassembled_line_length_44,disassembled_line_length_54,disassembled_line_length_40,disassembled_line_length_49,disassembled_line_length_51,disassembled_line_length_55,disassembled_line_length_53,disassembled_line_length_56,disassembled_line_length_50,disassembled_number_of_lines
101207.0,150081.0,39292.0,136192.0,131650.0,33412.0,50364.0,13352.0,96992.0,66051.0,1061094.0
247189.0,282821.0,79810.0,119048.0,146484.0,54730.0,113365.0,17831.0,122864.0,165059.0,1576618.0
247189.0,282820.0,79811.0,119048.0,146483.0,54730.0,113365.0,17831.0,122863.0,165058.0,1576616.0
72338.0,105544.0,28820.0,80888.0,78635.0,31443.0,34899.0,32476.0,64261.0,98424.0,794423.0
247189.0,282820.0,79811.0,119050.0,146485.0,54730.0,113366.0,17831.0,122863.0,165060.0,1576621.0
118813.0,119966.0,34693.0,41381.0,86472.0,24406.0,47976.0,17324.0,42756.0,52746.0,666256.0
61236.0,80831.0,25319.0,77532.0,72673.0,28567.0,30218.0,31426.0,59802.0,93669.0,716595.0
102596.0,135151.0,41582.0,179364.0,130381.0,42411.0,51077.0,32245.0,98925.0,158038.0,1286598.0
68670.0,96488.0,26860.0,102005.0,96952.0,22621.0,35212.0,6393.0,70904.0,44007.0,748018.0
247190.0,282819.0,79810.0,119048.0,146484.0,54730.0,113365.0,17831.0,122865.0,165058.0,1576616.0
247190.0,282822.0,79811.0,119048.0,146483.0,54730.0,113365.0,17831.0,122863.0,165058.0,1576619.0
99386.0,129795.0,56965.0,72931.0,56518.0,78558.0,31449.0,173454.0,81004.0,348457.0,1360571.0
1900.0,941.0,649.0,428.0,335.0,814.0,266.0,965.0,1135.0,2866.0,13253.0
1902.0,939.0,648.0,429.0,335.0,814.0,264.0,965.0,1134.0,2867.0,13252.0
1909.0,941.0,643.0,425.0,336.0,810.0,265.0,964.0,1133.0,2867.0,13247.0
1907.0,940.0,644.0,425.0,338.0,810.0,264.0,964.0,1133.0,2867.0,13249.0
15065.0,29952.0,5267.0,6637.0,10680.0,4198.0,6740.0,1745.0,7347.0,9216.0,115275.0
247190.0,282821.0,79811.0,119049.0,146484.0,54730.0,113365.0,17831.0,122864.0,165059.0,1576624.0
1906.0,941.0,643.0,426.0,337.0,810.0,265.0,964.0,1134.0,2867.0,13247.0
39855.0,56083.0,15750.0,58360.0,56104.0,13266.0,20686.0,3831.0,40657.0,26530.0,433124.0
112727.0,145228.0,45811.0,135779.0,129795.0,53833.0,55631.0,71815.0,106048.0,211590.0,1362679.0
247193.0,282821.0,79811.0,119048.0,146482.0,54731.0,113365.0,17831.0,122863.0,165058.0,1576620.0
1900.0,937.0,648.0,429.0,334.0,814.0,265.0,966.0,1134.0,2866.0,13248.0
62716.0,96629.0,23484.0,77834.0,77379.0,19786.0,30492.0,5608.0,56528.0,37110.0,630346.0
1900.0,943.0,649.0,429.0,335.0,814.0,264.0,965.0,1135.0,2865.0,13254.0
1906.0,941.0,643.0,425.0,336.0,811.0,264.0,964.0,1134.0,2867.0,13245.0
1902.0,940.0,648.0,428.0,336.0,814.0,264.0,965.0,1135.0,2866.0,13252.0
90388.0,134165.0,34304.0,116424.0,116550.0,28726.0,45357.0,8081.0,82597.0,50637.0,915714.0
1900.0,940.0,649.0,428.0,334.0,814.0,264.0,965.0,1135.0,2865.0,13249.0
1901.0,941.0,648.0,428.0,334.0,814.0,264.0,965.0,1136.0,2866.0,13251.0
1900.0,940.0,648.0,429.0,336.0,815.0,264.0,965.0,1134.0,2866.0,13252.0
47941.0,66929.0,18882.0,69338.0,66567.0,15949.0,24495.0,4814.0,48384.0,33051.0,518613.0
1901.0,940.0,649.0,429.0,336.0,814.0,264.0,965.0,1134.0,2866.0,13254.0
247189.0,282819.0,79810.0,119048.0,146483.0,54730.0,113365.0,17831.0,122863.0,165059.0,1576615.0
247189.0,282822.0,79811.0,119048.0,146485.0,54731.0,113365.0,17831.0,122863.0,165058.0,1576619.0
1900.0,942.0,649.0,431.0,335.0,814.0,265.0,965.0,1134.0,2865.0,13254.0
61169.0,87625.0,23815.0,296717.0,80371.0,34167.0,30040.0,22985.0,56261.0,100960.0,961833.0
44514.0,71835.0,16751.0,52075.0,52988.0,14007.0,22005.0,4333.0,38548.0,27327.0,440869.0
1901.0,939.0,648.0,429.0,333.0,814.0,265.0,965.0,1134.0,2866.0,13249.0
247189.0,282821.0,79810.0,119049.0,146485.0,54730.0,113365.0,17831.0,122863.0,165059.0,1576619.0
244.0,254.0,49.0,46.0,126.0,47.0,22.0,108.0,209.0,203.0,1582.0
247189.0,282821.0,79810.0,119050.0,146483.0,54730.0,113366.0,17831.0,122863.0,165059.0,1576620.0
118814.0,119965.0,34692.0,41380.0,86474.0,24408.0,47974.0,17323.0,42756.0,52747.0,666257.0
72355.0,102476.0,28634.0,108215.0,102799.0,24039.0,37394.0,6687.0,74699.0,46295.0,791980.0
247190.0,282822.0,79811.0,119048.0,146485.0,54730.0,113365.0,17831.0,122863.0,165059.0,1576622.0
56455.0,83657.0,20248.0,56168.0,63351.0,16688.0,25807.0,5615.0,42821.0,30487.0,508752.0
247189.0,282822.0,79811.0,119048.0,146482.0,54730.0,113366.0,17831.0,122863.0,165058.0,1576616.0
1906.0,941.0,643.0,424.0,338.0,810.0,265.0,964.0,1134.0,2867.0,13247.0
247189.0,282820.0,79810.0,119048.0,146484.0,54730.0,113366.0,17831.0,122864.0,165058.0,1576618.0
118811.0,119967.0,34692.0,41380.0,86471.0,24403.0,47977.0,17321.0,42754.0,52750.0,666255.0
56497.0,79958.0,22299.0,84294.0,80056.0,19003.0,29347.0,5337.0,58188.0,36779.0,617558.0
247191.0,282822.0,79811.0,119049.0,146483.0,54730.0,113366.0,17831.0,122863.0,165061.0,1576622.0
118811.0,119970.0,34692.0,41378.0,86465.0,24406.0,47977.0,17323.0,42757.0,52746.0,666249.0
247189.0,282820.0,79810.0,119048.0,146484.0,54730.0,113365.0,17831.0,122864.0,165058.0,1576616.0
296.0,450.0,148.0,110.0,297.0,48.0,82.0,137.0,150.0,270.0,2340.0
88743.0,129470.0,33102.0,110783.0,107873.0,30269.0,42438.0,19655.0,81069.0,71816.0,922941.0
50122.0,78467.0,18682.0,58636.0,59392.0,15958.0,24574.0,4555.0,43248.0,29602.0,492053.0
72245.0,112318.0,27312.0,300056.0,86312.0,37027.0,34708.0,24022.0,60701.0,106125.0,1039853.0
90390.0,133675.0,33834.0,116008.0,115605.0,28326.0,44397.0,8034.0,83286.0,51104.0,914732.0
247189.0,282818.0,79810.0,119049.0,146483.0,54731.0,113365.0,17831.0,122863.0,165058.0,1576615.0
115481.0,120935.0,44330.0,43315.0,69230.0,22103.0,56529.0,16124.0,57617.0,51923.0,676768.0
90303.0,134461.0,34269.0,118573.0,115474.0,29568.0,44699.0,10179.0,84673.0,57116.0,933364.0
108224.0,154862.0,42585.0,131578.0,132268.0,45720.0,52995.0,32894.0,95612.0,143278.0,1206215.0
118810.0,119964.0,34695.0,41378.0,86467.0,24404.0,47974.0,17321.0,42759.0,52750.0,666250.0
142903.0,167943.0,49540.0,136840.0,131845.0,51628.0,56949.0,58439.0,106253.0,193771.0,1389605.0
118815.0,119963.0,34693.0,41379.0,86473.0,24408.0,47976.0,17320.0,42757.0,52748.0,666254.0
28259.0,122157.0,16290.0,89115.0,54222.0,35285.0,19631.0,4206.0,39366.0,76565.0,596370.0
247189.0,282821.0,79810.0,119050.0,146486.0,54730.0,113365.0,17831.0,122864.0,165060.0,1576622.0
247190.0,282820.0,79810.0,119048.0,146484.0,54730.0,113366.0,17831.0,122863.0,165059.0,1576620.0
247189.0,282821.0,79810.0,119050.0,146483.0,54730.0,113366.0,17831.0,122863.0,165058.0,1576618.0
94964.0,125905.0,38178.0,130459.0,119504.0,35594.0,44097.0,34944.0,95067.0,86033.0,1045288.0
53334.0,80175.0,20589.0,58312.0,56873.0,27925.0,24236.0,14289.0,42027.0,86771.0,585892.0
72095.0,110606.0,27685.0,93904.0,92266.0,22965.0,36022.0,6658.0,67173.0,43952.0,742152.0
118814.0,119970.0,34694.0,41376.0,86477.0,24403.0,47975.0,17319.0,42754.0,52749.0,666257.0
108207.0,160505.0,40710.0,147576.0,96734.0,52902.0,40678.0,37166.0,76579.0,228881.0,1216989.0
61010.0,85913.0,24188.0,90565.0,86333.0,20105.0,31354.0,5621.0,62733.0,39308.0,664652.0
97904.0,128557.0,39769.0,124533.0,120186.0,42274.0,48936.0,50151.0,94057.0,158359.0,1162523.0
247190.0,282821.0,79810.0,119048.0,146483.0,54730.0,113367.0,17831.0,122863.0,165060.0,1576620.0
247189.0,282819.0,79810.0,119048.0,146483.0,54730.0,113365.0,17831.0,122866.0,165058.0,1576616.0
118767.0,119918.0,34652.0,41404.0,86478.0,24358.0,47964.0,17328.0,42768.0,52746.0,666137.0
1901.0,938.0,648.0,428.0,333.0,814.0,264.0,965.0,1136.0,2865.0,13247.0
1900.0,940.0,648.0,429.0,337.0,814.0,264.0,965.0,1135.0,2865.0,13252.0
49603.0,78823.0,18756.0,59488.0,60191.0,15650.0,24707.0,4750.0,43690.0,30342.0,495539.0
123839.0,170041.0,49326.0,139214.0,135883.0,56781.0,60343.0,72919.0,110581.0,216639.0,1441482.0
169062.0,111743.0,37526.0,122589.0,111233.0,38666.0,40857.0,6843.0,105828.0,86800.0,1075577.0
91543.0,138391.0,35227.0,123973.0,120323.0,29576.0,46134.0,8397.0,87692.0,55845.0,957853.0
75942.0,116229.0,28951.0,100122.0,97987.0,24576.0,38223.0,7119.0,71365.0,46428.0,786180.0
65086.0,99635.0,24202.0,81547.0,80426.0,20842.0,31804.0,5883.0,58863.0,38550.0,654874.0
1900.0,941.0,648.0,430.0,337.0,814.0,264.0,965.0,1134.0,2866.0,13253.0
87960.0,133295.0,33867.0,118517.0,115214.0,28368.0,44439.0,8074.0,83951.0,53656.0,918538.0
70330.0,98446.0,27515.0,103906.0,98684.0,23693.0,35915.0,8255.0,72080.0,47477.0,767913.0
1907.0,938.0,643.0,424.0,337.0,811.0,266.0,964.0,1133.0,2866.0,13243.0
50940.0,80776.0,19247.0,61699.0,62035.0,16126.0,25354.0,4868.0,45097.0,31175.0,510625.0
93687.0,139762.0,35555.0,125321.0,122051.0,30421.0,46734.0,8434.0,88619.0,56217.0,970186.0
247190.0,282818.0,79810.0,119048.0,146486.0,54731.0,113365.0,17831.0,122863.0,165058.0,1576619.0
79756.0,121182.0,30357.0,105344.0,102885.0,25481.0,39880.0,7430.0,75344.0,48651.0,825519.0
107502.0,159389.0,41097.0,147387.0,142490.0,34617.0,54114.0,9903.0,104029.0,65763.0,1127038.0
247192.0,282820.0,79810.0,119048.0,146484.0,54731.0,113365.0,17831.0,122863.0,165060.0,1576621.0
247192.0,282820.0,79810.0,119049.0,146486.0,54730.0,113365.0,17831.0,122863.0,165060.0,1576621.0
46123.0,65952.0,18259.0,69216.0,65233.0,16091.0,23967.0,4486.0,47215.0,30971.0,507782.0
38518.0,54130.0,15259.0,56149.0,54260.0,12790.0,20039.0,3713.0,39250.0,25697.0,418038.0
76227.0,107170.0,29930.0,113692.0,107905.0,24981.0,39214.0,7108.0,78973.0,48797.0,831881.0
247190.0,282821.0,79810.0,119051.0,146482.0,54730.0,113366.0,17831.0,122863.0,165059.0,1576620.0
6968.0,9473.0,2938.0,7799.0,8872.0,2303.0,3631.0,966.0,6064.0,6414.0,70516.0
104076.0,83483.0,26692.0,37477.0,52788.0,40270.0,31074.0,106488.0,33974.0,175389.0,867012.0
118816.0,119969.0,34695.0,41377.0,86471.0,24407.0,47975.0,17323.0,42754.0,52746.0,666256.0
247190.0,282821.0,79811.0,119050.0,146484.0,54731.0,113365.0,17831.0,122863.0,165060.0,1576621.0
1908.0,940.0,644.0,425.0,336.0,810.0,264.0,964.0,1134.0,2866.0,13245.0
247190.0,282819.0,79811.0,119049.0,146483.0,54730.0,113365.0,17831.0,122863.0,165058.0,1576617.0
18044.0,34166.0,6433.0,11135.0,14803.0,5162.0,8298.0,2004.0,10503.0,11060.0,147991.0
247190.0,282819.0,79812.0,119048.0,146484.0,54730.0,113365.0,17831.0,122863.0,165058.0,1576617.0
91371.0,119812.0,53522.0,64032.0,47778.0,75680.0,27965.0,170230.0,73618.0,339375.0,1277489.0
93630.0,132039.0,36766.0,140491.0,133061.0,31062.0,48116.0,8535.0,96807.0,59183.0,1023571.0
118771.0,119917.0,34651.0,41400.0,86473.0,24362.0,47966.0,17324.0,42770.0,52751.0,666140.0
247190.0,282821.0,79810.0,119048.0,146483.0,54730.0,113366.0,17831.0,122865.0,165059.0,1576619.0
63936.0,94184.0,22996.0,71761.0,71480.0,21768.0,29124.0,16543.0,54542.0,55150.0,643585.0
247191.0,282820.0,79811.0,119049.0,146484.0,54730.0,113365.0,17831.0,122863.0,165059.0,1576620.0
73393.0,103547.0,28787.0,109699.0,104339.0,24394.0,37800.0,6780.0,75554.0,46752.0,801289.0
77669.0,104777.0,29606.0,107447.0,101940.0,27410.0,37771.0,18618.0,76630.0,67172.0,845466.0
106149.0,107936.0,31270.0,38936.0,77366.0,22151.0,43531.0,16105.0,36948.0,48026.0,601045.0
247191.0,282818.0,79811.0,119049.0,146484.0,54730.0,113365.0,17831.0,122864.0,165059.0,1576619.0
89347.0,107915.0,37034.0,86172.0,71537.0,64611.0,31255.0,11216.0,68759.0,199292.0,970161.0
1906.0,942.0,643.0,426.0,337.0,810.0,264.0,964.0,1134.0,2867.0,13249.0
118768.0,119917.0,34651.0,41401.0,86471.0,24357.0,47964.0,17324.0,42771.0,52754.0,666134.0
247189.0,282820.0,79811.0,119048.0,146484.0,54730.0,113365.0,17831.0,122864.0,165059.0,1576619.0
77877.0,110030.0,30666.0,116562.0,110572.0,25877.0,40165.0,7138.0,80600.0,49624.0,851692.0
1907.0,940.0,643.0,425.0,335.0,811.0,264.0,964.0,1134.0,2867.0,13244.0
247190.0,282819.0,79810.0,119048.0,146483.0,54730.0,113365.0,17831.0,122864.0,165058.0,1576616.0
86729.0,83535.0,23461.0,36746.0,65952.0,20399.0,33693.0,20978.0,36669.0,44112.0,523039.0
87251.0,118681.0,34401.0,120216.0,112456.0,33585.0,42904.0,27254.0,87189.0,90138.0,976528.0
1411.0,1885.0,476.0,1509.0,1408.0,536.0,521.0,202.0,1112.0,845.0,12779.0
119498.0,156764.0,46261.0,130191.0,129814.0,51844.0,56761.0,55586.0,100779.0,217682.0,1357526.0
370.0,6036.0,2154.0,4116.0,9474.0,1467.0,1467.0,1683.0,2961.0,5001.0,42174.0
97311.0,136891.0,38193.0,145874.0,138433.0,32271.0,49932.0,8843.0,100522.0,61492.0,1062954.0
483.0,638.0,104.0,163.0,220.0,215.0,92.0,10.0,200.0,216.0,2841.0
42224.0,55469.0,17087.0,54954.0,50939.0,25042.0,19568.0,13233.0,37581.0,82066.0,508188.0
448.0,10329.0,2922.0,1854.0,7376.0,4028.0,3276.0,810.0,2982.0,13161.0,55649.0
40903.0,27450.0,10624.0,11166.0,38385.0,72223.0,10385.0,5645.0,18616.0,34862.0,347511.0
1571.0,2098.0,550.0,1791.0,1665.0,649.0,616.0,228.0,1346.0,1023.0,14938.0
118768.0,119917.0,34647.0,41407.0,86476.0,24359.0,47965.0,17326.0,42770.0,52750.0,666140.0
76203.0,114953.0,28773.0,97673.0,96630.0,25048.0,37944.0,7694.0,70395.0,48332.0,779746.0
22069.0,23386.0,8747.0,14013.0,21708.0,6654.0,8185.0,3554.0,9951.0,13947.0,151478.0
118810.0,119968.0,34694.0,41378.0,86471.0,24404.0,47977.0,17319.0,42757.0,52750.0,666256.0
106197.0,107979.0,31290.0,38928.0,77365.0,22154.0,43528.0,16123.0,36933.0,48047.0,601144.0
157.0,2997.0,675.0,2238.0,4268.0,713.0,803.0,481.0,1581.0,1446.0,19385.0
13142.0,6054.0,5101.0,15287.0,16166.0,4677.0,6766.0,3777.0,3049.0,22519.0,152918.0
40721.0,36922.0,16978.0,11977.0,33761.0,11191.0,23829.0,2672.0,18229.0,14909.0,237236.0
10410.0,10584.0,2747.0,21081.0,16243.0,4478.0,3508.0,1700.0,6589.0,9978.0,120718.0
106195.0,107985.0,31289.0,38930.0,77365.0,22154.0,43525.0,16123.0,36937.0,48049.0,601153.0
481.0,642.0,101.0,161.0,219.0,214.0,95.0,10.0,200.0,220.0,2842.0
5001.0,6619.0,1736.0,3321.0,4780.0,1906.0,1883.0,1265.0,2621.0,4009.0,39871.0
12159.0,51977.0,9694.0,17526.0,49941.0,7932.0,8934.0,7902.0,16336.0,21586.0,232155.0
6904.0,9352.0,2884.0,30523.0,8945.0,4664.0,3979.0,1374.0,4408.0,12516.0,105939.0
83441.0,127169.0,32131.0,111554.0,108731.0,26899.0,42062.0,7724.0,79139.0,50939.0,869480.0
247190.0,282820.0,79810.0,119049.0,146484.0,54730.0,113365.0,17831.0,122863.0,165059.0,1576618.0
1535.0,2332.0,517.0,731.0,1066.0,395.0,298.0,245.0,638.0,1009.0,10177.0
522.0,43479.0,2794.0,31449.0,14671.0,2398.0,1930.0,3448.0,8376.0,8767.0,134076.0
90595.0,83901.0,29895.0,27394.0,75129.0,16461.0,42734.0,16822.0,35779.0,34882.0,504229.0
53763.0,47993.0,17023.0,14541.0,37080.0,8943.0,19394.0,6901.0,21161.0,18073.0,275587.0
4840.0,6238.0,1525.0,3944.0,4418.0,1765.0,1381.0,1321.0,2371.0,4274.0,39038.0
49239.0,78395.0,18611.0,59109.0,59618.0,15582.0,24497.0,4731.0,43386.0,30178.0,492173.0
247190.0,282820.0,79810.0,119050.0,146486.0,54730.0,113366.0,17831.0,122863.0,165060.0,1576622.0
131788.0,143192.0,46026.0,133455.0,125853.0,48726.0,52266.0,57398.0,101795.0,189092.0,1311624.0
129.0,2160.0,549.0,1913.0,3261.0,624.0,614.0,209.0,1345.0,1195.0,15396.0
761.0,947.0,239.0,506.0,511.0,268.0,178.0,74.0,335.0,419.0,5050.0
82584.0,80130.0,23143.0,26956.0,62510.0,19320.0,33342.0,18179.0,33989.0,39111.0,477194.0
922.0,1207.0,259.0,824.0,850.0,352.0,293.0,54.0,581.0,462.0,7433.0
390.0,6068.0,2158.0,4124.0,9511.0,1499.0,1470.0,1688.0,2957.0,5002.0,42454.0
247190.0,282821.0,79810.0,119048.0,146482.0,54730.0,113366.0,17831.0,122864.0,165059.0,1576618.0
118861.0,120779.0,34698.0,40583.0,84215.0,23995.0,47704.0,17961.0,42803.0,53747.0,663915.0
98325.0,143374.0,37897.0,123552.0,118389.0,36444.0,47571.0,28291.0,91628.0,94783.0,1054003.0
5605.0,189906.0,51309.0,164410.0,346868.0,80672.0,94231.0,27531.0,117205.0,142338.0,1359772.0
162.0,3668.0,1435.0,1840.0,6317.0,1144.0,594.0,3714.0,2210.0,5969.0,32736.0
92208.0,117094.0,35347.0,115585.0,111135.0,38729.0,44533.0,34698.0,85049.0,135663.0,1044964.0
67584.0,104651.0,25796.0,87633.0,85986.0,21863.0,34015.0,6374.0,62628.0,41423.0,695059.0
4698.0,10478.0,1681.0,93165.0,4029.0,1186.0,1171.0,1249.0,2930.0,4132.0,140915.0
8383.0,7972.0,3045.0,4216.0,6192.0,2458.0,1620.0,5841.0,4240.0,10159.0,62971.0
477.0,631.0,103.0,161.0,216.0,213.0,95.0,10.0,199.0,221.0,2831.0
4978.0,6565.0,1712.0,3199.0,4758.0,1902.0,1872.0,1248.0,2502.0,3887.0,38934.0
39334.0,146850.0,19786.0,92451.0,60154.0,38144.0,24298.0,5243.0,43805.0,81210.0,673846.0
479.0,636.0,103.0,163.0,221.0,213.0,94.0,11.0,200.0,216.0,2835.0
108439.0,161639.0,41706.0,149266.0,144413.0,35146.0,54624.0,9882.0,105002.0,66162.0,1140883.0
448.0,10329.0,2922.0,1854.0,7376.0,4028.0,3276.0,810.0,2982.0,13161.0,55649.0
95438.0,87100.0,24773.0,35282.0,67826.0,22726.0,35017.0,18744.0,38668.0,47238.0,542876.0
2698.0,2770.0,706.0,1641.0,2694.0,545.0,842.0,291.0,589.0,896.0,15398.0
21786.0,55848.0,8709.0,70173.0,40363.0,17253.0,6066.0,8236.0,33921.0,27835.0,363392.0
2745.0,2863.0,673.0,1442.0,2797.0,558.0,842.0,287.0,583.0,852.0,15187.0
177.0,3394.0,754.0,6268.0,4696.0,889.0,776.0,245.0,1301.0,2316.0,25867.0
15282.0,31482.0,6112.0,12501.0,28076.0,8520.0,4697.0,5199.0,23605.0,14848.0,198282.0
28593.0,26500.0,8978.0,15242.0,26028.0,5958.0,15288.0,2538.0,11381.0,14134.0,178233.0
2730.0,2595.0,691.0,762.0,2672.0,542.0,868.0,291.0,601.0,778.0,14014.0
118764.0,119914.0,34649.0,41400.0,86478.0,24355.0,47970.0,17323.0,42770.0,52754.0,666131.0
96564.0,123250.0,39678.0,112306.0,107928.0,47932.0,47628.0,68462.0,89469.0,198898.0,1185148.0
17991.0,44752.0,7394.0,68052.0,31516.0,14144.0,4969.0,7250.0,25641.0,22340.0,301760.0
2707.0,2759.0,716.0,864.0,2869.0,789.0,872.0,285.0,652.0,817.0,14826.0
2643.0,2549.0,660.0,648.0,2624.0,515.0,823.0,280.0,553.0,661.0,13122.0
2670.0,2704.0,699.0,973.0,2639.0,750.0,837.0,281.0,557.0,1306.0,14700.0
69459.0,68066.0,36924.0,91037.0,73755.0,72426.0,28517.0,7011.0,27998.0,31097.0,592457.0
3013.0,2634.0,653.0,891.0,2781.0,579.0,903.0,306.0,643.0,800.0,14897.0
17867.0,44384.0,7373.0,67787.0,31284.0,14063.0,4961.0,7213.0,25363.0,22250.0,300036.0
2718.0,2773.0,698.0,970.0,2726.0,537.0,841.0,283.0,608.0,768.0,14312.0
2705.0,2692.0,703.0,997.0,2808.0,551.0,852.0,288.0,664.0,804.0,14659.0
104750.0,156787.0,40278.0,143880.0,139041.0,33936.0,52807.0,9574.0,101286.0,63852.0,1101474.0
2632.0,2543.0,644.0,633.0,2643.0,527.0,825.0,280.0,542.0,648.0,13043.0
2771.0,2591.0,709.0,1011.0,2692.0,553.0,984.0,283.0,639.0,697.0,14702.0
2669.0,2554.0,660.0,698.0,2630.0,516.0,823.0,283.0,556.0,843.0,13684.0
2740.0,2699.0,726.0,1307.0,2744.0,561.0,879.0,284.0,627.0,796.0,14784.0
8885.0,9743.0,3234.0,3800.0,6377.0,2532.0,2507.0,2000.0,3103.0,5584.0,55426.0
18502.0,39569.0,7820.0,14731.0,34765.0,10032.0,6175.0,5939.0,27932.0,16212.0,241041.0
17219.0,36411.0,7155.0,14679.0,31521.0,9073.0,5318.0,5602.0,25481.0,14986.0,223297.0
105339.0,92326.0,29138.0,82361.0,70889.0,25232.0,39620.0,17534.0,46599.0,44659.0,642441.0
19223.0,28667.0,81823.0,97657.0,54471.0,23955.0,29360.0,78004.0,13547.0,84373.0,717506.0
2643.0,2549.0,660.0,648.0,2624.0,515.0,823.0,280.0,553.0,661.0,13122.0
3259.0,2622.0,680.0,1091.0,2811.0,523.0,823.0,281.0,552.0,960.0,15307.0
11500.0,7321.0,2834.0,18575.0,6356.0,5259.0,2236.0,1879.0,2824.0,20685.0,103940.0
6379.0,7149.0,906.0,2784.0,2794.0,1622.0,1214.0,466.0,5452.0,2997.0,37804.0
4214.0,8284.0,1666.0,3272.0,7697.0,1144.0,2306.0,884.0,8261.0,2585.0,48668.0
12877.0,14010.0,2221.0,6423.0,7455.0,2464.0,3042.0,1123.0,10092.0,6543.0,81738.0
80689.0,76474.0,22150.0,20212.0,58584.0,17932.0,32095.0,19927.0,32592.0,37812.0,450096.0
356.0,2556.0,814.0,1977.0,2173.0,1655.0,653.0,669.0,2290.0,5943.0,24189.0
393.0,6100.0,2178.0,4132.0,9490.0,1486.0,1471.0,1675.0,2975.0,4987.0,42438.0
7449.0,9392.0,939.0,2992.0,3252.0,1625.0,1373.0,430.0,6985.0,3107.0,45515.0
2708.0,2615.0,684.0,738.0,2684.0,541.0,847.0,280.0,582.0,733.0,13991.0
17353.0,36724.0,7119.0,14657.0,31812.0,9314.0,5373.0,5642.0,25604.0,15101.0,224959.0
481.0,639.0,102.0,161.0,217.0,215.0,96.0,10.0,200.0,217.0,2840.0
476.0,633.0,102.0,160.0,224.0,214.0,95.0,10.0,203.0,219.0,2835.0
22086.0,23391.0,8734.0,13976.0,21700.0,6648.0,8201.0,3565.0,9942.0,13947.0,151506.0
2825.0,2644.0,680.0,1114.0,2662.0,702.0,828.0,297.0,579.0,853.0,14683.0
3428.0,2613.0,704.0,1013.0,2679.0,574.0,828.0,282.0,553.0,779.0,15097.0
7496.0,9382.0,950.0,3011.0,3277.0,1616.0,1358.0,445.0,6986.0,3093.0,45538.0
7485.0,9376.0,940.0,3010.0,3282.0,1602.0,1349.0,439.0,7001.0,3111.0,45562.0
2736.0,2736.0,705.0,882.0,2741.0,567.0,861.0,293.0,679.0,763.0,14548.0
3200.0,6875.0,1308.0,1726.0,6244.0,845.0,1789.0,774.0,6941.0,1989.0,37685.0
2726.0,2603.0,710.0,1032.0,2679.0,574.0,828.0,282.0,573.0,833.0,14471.0
7485.0,9354.0,942.0,3010.0,3259.0,1616.0,1346.0,437.0,7013.0,3109.0,45528.0
8793.0,11615.0,5322.0,10689.0,9221.0,3986.0,4447.0,3100.0,6701.0,23822.0,114433.0
625.0,1182.0,255.0,964.0,2225.0,332.0,124.0,135.0,442.0,875.0,8874.0
2757.0,2721.0,704.0,1154.0,2731.0,610.0,856.0,290.0,699.0,919.0,15084.0
10968.0,25965.0,3669.0,28125.0,11124.0,11130.0,3393.0,1734.0,11065.0,15465.0,143748.0
97375.0,111232.0,31652.0,156844.0,134777.0,50928.0,34757.0,20222.0,50590.0,76383.0,879034.0
19223.0,28667.0,81823.0,97657.0,54471.0,23955.0,29360.0,78004.0,13547.0,84373.0,717506.0
1660.0,2095.0,598.0,1691.0,1798.0,640.0,648.0,230.0,1359.0,1000.0,15097.0
3193.0,6851.0,1304.0,1603.0,6264.0,778.0,1807.0,753.0,6873.0,2102.0,37871.0
2719.0,2625.0,694.0,877.0,2774.0,548.0,866.0,292.0,651.0,898.0,14412.0
22075.0,23364.0,8742.0,13944.0,21682.0,6659.0,8204.0,3567.0,9969.0,13944.0,151444.0
3178.0,6783.0,1278.0,1748.0,6292.0,817.0,1803.0,779.0,7168.0,1988.0,37603.0
502.0,1068.0,613.0,2112.0,779.0,401.0,653.0,186.0,549.0,764.0,9247.0
31499.0,39821.0,10296.0,271387.0,32142.0,20859.0,11568.0,10963.0,14981.0,46101.0,547584.0
479.0,638.0,101.0,161.0,219.0,213.0,94.0,10.0,200.0,223.0,2840.0
21455.0,47285.0,8557.0,17124.0,40334.0,12523.0,6361.0,7667.0,33609.0,21837.0,287603.0
1625.0,2156.0,563.0,1730.0,1754.0,605.0,606.0,227.0,1285.0,1004.0,14934.0
8793.0,11615.0,5322.0,10689.0,9221.0,3986.0,4447.0,3100.0,6701.0,23822.0,114433.0
247190.0,282823.0,79810.0,119048.0,146486.0,54730.0,113365.0,17831.0,122863.0,165059.0,1576621.0
2768.0,2692.0,687.0,934.0,2787.0,580.0,860.0,289.0,655.0,817.0,14654.0
8793.0,11615.0,5322.0,10689.0,9221.0,3986.0,4447.0,3100.0,6701.0,23822.0,114433.0
180189.0,136491.0,41039.0,125981.0,117215.0,41541.0,45549.0,7882.0,110308.0,91470.0,1153506.0
38480.0,97137.0,20601.0,38149.0,75442.0,27975.0,11938.0,13479.0,71277.0,48284.0,586421.0
118769.0,119918.0,34650.0,41400.0,86472.0,24354.0,47967.0,17323.0,42769.0,52752.0,666136.0
118269.0,119268.0,41196.0,249419.0,114929.0,40690.0,36989.0,14571.0,48376.0,194103.0,1166258.0
2901.0,2752.0,546.0,409.0,1743.0,685.0,545.0,399.0,1150.0,1191.0,14549.0
620.0,996.0,939.0,2519.0,677.0,196.0,243.0,70.0,367.0,1596.0,9554.0
3201.0,6751.0,1268.0,1754.0,6295.0,834.0,1791.0,767.0,7206.0,1958.0,37580.0
7315.0,8200.0,1007.0,2968.0,3299.0,1740.0,1427.0,484.0,6871.0,3262.0,43152.0
13230.0,24464.0,6687.0,11417.0,21610.0,6163.0,4953.0,4626.0,23129.0,11355.0,162560.0
7851.0,8795.0,920.0,2901.0,3353.0,1678.0,1414.0,451.0,7580.0,3053.0,44758.0
2750.0,2744.0,706.0,1306.0,2756.0,542.0,854.0,295.0,640.0,930.0,15040.0
950.0,1102.0,277.0,1497.0,512.0,352.0,141.0,537.0,1002.0,2140.0,11365.0
325.0,645.0,126.0,2813.0,762.0,217.0,131.0,54.0,207.0,732.0,7323.0
13331.0,24566.0,6736.0,11579.0,21571.0,6244.0,5190.0,4539.0,23123.0,11551.0,163220.0
21506.0,47223.0,8352.0,17041.0,40508.0,12523.0,6301.0,7677.0,33675.0,21809.0,287311.0
2675.0,2649.0,680.0,835.0,2694.0,608.0,831.0,285.0,575.0,841.0,14029.0
6378.0,7161.0,924.0,2779.0,2779.0,1626.0,1229.0,485.0,5447.0,3064.0,37892.0
449.0,10360.0,2925.0,1871.0,7386.0,4042.0,3294.0,812.0,2997.0,13182.0,55803.0
7459.0,9363.0,946.0,3005.0,3199.0,1603.0,1352.0,411.0,6889.0,3117.0,45140.0
142.0,2192.0,509.0,1938.0,3296.0,635.0,620.0,222.0,1332.0,1168.0,15468.0
3187.0,6865.0,1289.0,1698.0,6221.0,845.0,1806.0,775.0,6919.0,2037.0,37610.0
2777.0,2578.0,691.0,857.0,2900.0,544.0,839.0,294.0,609.0,1026.0,14902.0
649.0,1120.0,1045.0,3580.0,776.0,239.0,270.0,70.0,446.0,1918.0,11718.0
2691.0,2601.0,701.0,761.0,2758.0,558.0,854.0,287.0,606.0,795.0,14100.0
19401.0,40272.0,7573.0,16047.0,34276.0,10403.0,5722.0,6606.0,28174.0,17543.0,248343.0
61683.0,71705.0,23151.0,149120.0,54403.0,15351.0,20946.0,6518.0,19622.0,51111.0,523302.0
4602.0,7893.0,1358.0,1593.0,1109.0,1033.0,736.0,1015.0,2692.0,3636.0,31684.0
502.0,1068.0,613.0,2112.0,779.0,401.0,653.0,186.0,549.0,764.0,9247.0
57694.0,89759.0,21732.0,68783.0,68613.0,19627.0,27647.0,9527.0,50687.0,44600.0,589192.0
367.0,593.0,155.0,3143.0,510.0,240.0,113.0,223.0,282.0,1310.0,9488.0
297.0,1211.0,147.0,2146.0,898.0,143.0,186.0,34.0,615.0,1872.0,8895.0
2700.0,2631.0,679.0,905.0,2724.0,525.0,844.0,289.0,597.0,724.0,13987.0
2643.0,2549.0,660.0,648.0,2624.0,515.0,823.0,280.0,553.0,661.0,13122.0
3463.0,7210.0,1408.0,2225.0,6711.0,946.0,1969.0,814.0,7542.0,2135.0,41011.0
24932.0,37068.0,10567.0,50355.0,30504.0,8948.0,12099.0,5171.0,16359.0,20091.0,271273.0
59008.0,91622.0,22379.0,72677.0,72517.0,18809.0,29163.0,5851.0,52824.0,37695.0,596114.0
367.0,593.0,155.0,3143.0,510.0,240.0,113.0,223.0,282.0,1310.0,9488.0
47196.0,107330.0,20717.0,276111.0,74155.0,26980.0,17861.0,19038.0,75305.0,74945.0,884844.0
14444.0,29712.0,5791.0,12611.0,25324.0,7416.0,4753.0,4216.0,20723.0,12534.0,182290.0
329.0,519.0,164.0,1804.0,564.0,283.0,171.0,71.0,278.0,575.0,5973.0
443.0,443.0,158.0,2926.0,625.0,254.0,109.0,128.0,293.0,607.0,7052.0
950.0,1102.0,277.0,1497.0,512.0,352.0,141.0,537.0,1002.0,2140.0,11365.0
191.0,6498.0,1936.0,2656.0,8200.0,1089.0,961.0,679.0,3184.0,3372.0,35321.0
3202.0,6746.0,1289.0,1740.0,6273.0,823.0,1796.0,779.0,7195.0,1971.0,37549.0
856.0,1353.0,285.0,666.0,1601.0,335.0,144.0,188.0,509.0,1069.0,8568.0
1120.0,493.0,318.0,190.0,62.0,239.0,85.0,648.0,741.0,1040.0,6261.0
2657.0,2739.0,684.0,1987.0,2742.0,518.0,875.0,299.0,595.0,689.0,15695.0
2669.0,2614.0,687.0,2760.0,2679.0,530.0,852.0,282.0,585.0,777.0,15773.0
3165.0,3055.0,1012.0,2045.0,2722.0,660.0,809.0,535.0,1122.0,2487.0,20848.0
12883.0,14007.0,2226.0,6444.0,7450.0,2470.0,3033.0,1127.0,10088.0,6544.0,81755.0
247189.0,282819.0,79812.0,119049.0,146484.0,54730.0,113365.0,17831.0,122864.0,165058.0,1576616.0
6821.0,8348.0,907.0,2969.0,3050.0,1534.0,1254.0,427.0,6150.0,2938.0,41510.0
6390.0,7170.0,929.0,2775.0,2767.0,1617.0,1222.0,471.0,5410.0,3076.0,37918.0
674.0,1020.0,371.0,2248.0,926.0,435.0,266.0,294.0,397.0,1346.0,9771.0
2962.0,3215.0,976.0,1355.0,3164.0,724.0,752.0,534.0,1097.0,2234.0,20015.0
325.0,645.0,126.0,2813.0,762.0,217.0,131.0,54.0,207.0,732.0,7323.0
84165.0,104208.0,37974.0,68290.0,83340.0,18556.0,45878.0,13560.0,84377.0,45289.0,663473.0
3205.0,6779.0,1287.0,1744.0,6304.0,837.0,1799.0,764.0,7170.0,2002.0,37632.0
620.0,996.0,939.0,2519.0,677.0,196.0,243.0,70.0,367.0,1596.0,9554.0
3186.0,6769.0,1288.0,1763.0,6289.0,810.0,1796.0,771.0,7174.0,1963.0,37581.0
7213.0,8881.0,904.0,2938.0,3255.0,1524.0,1329.0,418.0,6563.0,3009.0,43452.0
12881.0,13978.0,2223.0,6402.0,7448.0,2462.0,3040.0,1122.0,10093.0,6559.0,81701.0
8260.0,13651.0,3276.0,14373.0,13205.0,3859.0,3950.0,17799.0,9741.0,7604.0,124191.0
12864.0,14013.0,2225.0,6440.0,7445.0,2468.0,3046.0,1118.0,10099.0,6543.0,81750.0
2825.0,2644.0,680.0,1114.0,2662.0,702.0,828.0,297.0,579.0,853.0,14683.0
2717.0,2660.0,727.0,812.0,2877.0,538.0,899.0,296.0,629.0,880.0,14671.0
19223.0,28667.0,81823.0,97657.0,54471.0,23955.0,29360.0,78004.0,13547.0,84373.0,717506.0
1648.0,1296.0,204.0,1987.0,861.0,161.0,210.0,136.0,205.0,466.0,8475.0
118813.0,119964.0,34693.0,41386.0,86472.0,24405.0,47974.0,17322.0,42753.0,52750.0,666259.0
6838.0,8364.0,917.0,3000.0,3058.0,1533.0,1253.0,433.0,6136.0,2929.0,41567.0
3164.0,6792.0,1269.0,1768.0,6287.0,838.0,1790.0,773.0,7182.0,1989.0,37640.0
295.0,472.0,129.0,3833.0,318.0,211.0,154.0,122.0,237.0,2168.0,8770.0
6823.0,8350.0,916.0,2953.0,3019.0,1535.0,1267.0,425.0,6131.0,2929.0,41496.0
1564.0,2232.0,571.0,1697.0,1761.0,649.0,651.0,221.0,1353.0,1066.0,15233.0
8149.0,13269.0,3296.0,14158.0,12682.0,3813.0,3845.0,17812.0,9618.0,7427.0,122172.0
4977.0,7224.0,1781.0,7057.0,6472.0,1805.0,2355.0,749.0,4888.0,4225.0,54343.0
4206.0,8224.0,1664.0,3281.0,7696.0,1133.0,2319.0,874.0,8269.0,2587.0,48630.0
398.0,606.0,206.0,3172.0,544.0,136.0,94.0,68.0,359.0,492.0,7102.0
76876.0,108602.0,30370.0,115178.0,109282.0,25508.0,39771.0,7037.0,79511.0,49012.0,841037.0
3155.0,6762.0,1265.0,1740.0,6262.0,839.0,1786.0,768.0,7201.0,2012.0,37567.0
3470.0,7184.0,1421.0,2222.0,6737.0,941.0,1972.0,802.0,7540.0,2156.0,41025.0
12702.0,25841.0,4936.0,11875.0,22894.0,6525.0,4543.0,4400.0,18750.0,12360.0,162512.0
2657.0,2618.0,677.0,889.0,2711.0,555.0,834.0,301.0,606.0,805.0,14176.0
7494.0,9336.0,935.0,3007.0,3258.0,1607.0,1359.0,436.0,7002.0,3097.0,45506.0
2643.0,2549.0,660.0,648.0,2624.0,515.0,823.0,280.0,553.0,661.0,13122.0
2497.0,7044.0,1271.0,1697.0,1854.0,895.0,647.0,939.0,2167.0,4571.0,27297.0
2670.0,2575.0,711.0,1651.0,2853.0,532.0,868.0,286.0,733.0,711.0,15353.0
8358.0,13907.0,3338.0,14553.0,13399.0,3870.0,4056.0,17833.0,9802.0,7669.0,125851.0
2475.0,3573.0,962.0,3737.0,3619.0,839.0,1235.0,260.0,2735.0,1473.0,27304.0
443.0,443.0,158.0,2926.0,625.0,254.0,109.0,128.0,293.0,607.0,7052.0
620.0,996.0,939.0,2519.0,677.0,196.0,243.0,70.0,367.0,1596.0,9554.0
4214.0,8251.0,1661.0,3300.0,7699.0,1127.0,2312.0,875.0,8254.0,2582.0,48631.0
3334.0,81767.0,27999.0,25511.0,109740.0,21911.0,30983.0,11570.0,47402.0,64184.0,542240.0
828.0,2029.0,315.0,1209.0,858.0,857.0,220.0,484.0,1051.0,2013.0,11834.0
402.0,7971.0,2044.0,6407.0,11109.0,1748.0,1883.0,1192.0,4165.0,5049.0,53247.0
2746.0,2710.0,719.0,1031.0,2802.0,554.0,876.0,292.0,627.0,797.0,14688.0
2709.0,2641.0,731.0,694.0,2695.0,1096.0,824.0,305.0,611.0,787.0,14804.0
97.0,151.0,31.0,28.0,67.0,43.0,19.0,23.0,76.0,129.0,839.0
3187.0,6822.0,1303.0,1606.0,6231.0,782.0,1808.0,761.0,6889.0,2090.0,37809.0
29550.0,25552.0,9115.0,43097.0,16317.0,7652.0,6211.0,2952.0,12343.0,26713.0,240814.0
1015.0,1790.0,500.0,6433.0,1125.0,431.0,467.0,967.0,802.0,2087.0,18564.0
1649.0,2264.0,574.0,1797.0,1767.0,624.0,677.0,216.0,1350.0,1016.0,15285.0
12883.0,13994.0,2224.0,6441.0,7433.0,2463.0,3038.0,1119.0,10082.0,6551.0,81747.0
14610.0,30044.0,5957.0,12754.0,25302.0,7350.0,4826.0,4225.0,20852.0,12465.0,183569.0
2824.0,2623.0,695.0,790.0,2729.0,624.0,864.0,283.0,603.0,875.0,14596.0
2727.0,2769.0,694.0,826.0,2716.0,619.0,847.0,286.0,643.0,810.0,14491.0
4202.0,8259.0,1668.0,3291.0,7675.0,1136.0,2305.0,874.0,8266.0,2598.0,48643.0
132.0,2219.0,528.0,1813.0,3286.0,638.0,637.0,219.0,1367.0,1190.0,15472.0
2629.0,2544.0,649.0,1616.0,2634.0,538.0,825.0,281.0,562.0,798.0,14850.0
480.0,633.0,102.0,163.0,221.0,214.0,92.0,10.0,200.0,219.0,2835.0
223837.0,226661.0,89646.0,261072.0,168674.0,81674.0,95701.0,28722.0,108595.0,261120.0,1842522.0
12024.0,11953.0,5682.0,18418.0,17752.0,6073.0,3999.0,2765.0,11163.0,11567.0,154180.0
4887.0,6550.0,1730.0,3292.0,4675.0,1899.0,1840.0,1232.0,2581.0,3916.0,38972.0
1140.0,14897.0,3774.0,35107.0,10403.0,6892.0,3572.0,1493.0,6673.0,23906.0,131882.0
11691.0,16227.0,5000.0,16197.0,14880.0,4320.0,4785.0,4382.0,10967.0,47071.0,217975.0
47416.0,107496.0,20782.0,276256.0,74287.0,26991.0,17880.0,19071.0,75446.0,75012.0,886269.0
457.0,210.0,168.0,77.0,94.0,225.0,51.0,128.0,286.0,831.0,3196.0
2081.0,2195.0,691.0,4812.0,1444.0,1006.0,474.0,485.0,926.0,4170.0,24084.0
102133.0,102647.0,33664.0,173999.0,95956.0,36134.0,28643.0,13042.0,40308.0,187515.0,988882.0
3129.0,3372.0,1409.0,5661.0,3937.0,1949.0,2191.0,941.0,1757.0,8825.0,44613.0
2744.0,2667.0,695.0,824.0,2754.0,560.0,850.0,291.0,622.0,813.0,14305.0
3175.0,6794.0,1273.0,1740.0,6260.0,826.0,1786.0,772.0,7176.0,1968.0,37548.0
344.0,447.0,153.0,2636.0,427.0,201.0,118.0,110.0,266.0,848.0,6440.0
440.0,197.0,122.0,85.0,44.0,138.0,37.0,186.0,277.0,472.0,2577.0
49500.0,50288.0,15829.0,78208.0,36141.0,27715.0,12895.0,11473.0,39270.0,83281.0,528738.0
297.0,1211.0,147.0,2146.0,898.0,143.0,186.0,34.0,615.0,1872.0,8895.0
7926.0,9056.0,926.0,2894.0,3394.0,1624.0,1424.0,429.0,7662.0,3129.0,45257.0
855.0,895.0,259.0,2307.0,584.0,194.0,190.0,51.0,533.0,663.0,7920.0
2748.0,2714.0,676.0,1622.0,2738.0,638.0,832.0,284.0,573.0,957.0,15577.0
3171.0,6869.0,1294.0,1592.0,6265.0,778.0,1823.0,763.0,6883.0,2104.0,37880.0
2390.0,1693.0,737.0,61491.0,949.0,1226.0,351.0,462.0,1172.0,4047.0,78601.0
2632.0,2543.0,644.0,633.0,2643.0,527.0,825.0,280.0,542.0,648.0,13043.0
2696.0,2713.0,690.0,1343.0,2687.0,612.0,1018.0,293.0,601.0,739.0,14831.0
1703.0,1388.0,646.0,640.0,462.0,1466.0,286.0,447.0,809.0,4656.0,15965.0
1025.0,2499.0,294.0,1334.0,529.0,206.0,130.0,511.0,996.0,1309.0,10584.0
64854.0,91536.0,25454.0,96783.0,92058.0,21716.0,33555.0,6082.0,66925.0,41784.0,708680.0
380.0,926.0,200.0,544.0,410.0,128.0,136.0,69.0,402.0,307.0,4174.0
410.0,216.0,131.0,70.0,38.0,109.0,31.0,151.0,298.0,424.0,2410.0
13418.0,24606.0,6659.0,11463.0,21490.0,6230.0,5046.0,4562.0,23009.0,11415.0,162860.0
12873.0,13999.0,2211.0,6436.0,7460.0,2465.0,3041.0,1117.0,10097.0,6549.0,81745.0
526.0,901.0,346.0,4703.0,541.0,351.0,191.0,369.0,294.0,2029.0,12531.0
2632.0,2543.0,644.0,633.0,2643.0,527.0,825.0,280.0,542.0,648.0,13043.0
1580.0,22888.0,7060.0,6990.0,32598.0,4779.0,6275.0,1214.0,9943.0,10379.0,124492.0
2758.0,2689.0,701.0,1298.0,2801.0,570.0,858.0,295.0,653.0,886.0,15062.0
2912.0,4012.0,1404.0,2741.0,2737.0,1961.0,679.0,866.0,1558.0,7565.0,34620.0
988.0,1533.0,400.0,4935.0,1115.0,342.0,212.0,390.0,642.0,1331.0,14528.0
7865.0,8784.0,928.0,2901.0,3349.0,1674.0,1426.0,450.0,7575.0,3061.0,44770.0
52616.0,91567.0,8987.0,39727.0,2620.0,35592.0,936.0,149887.0,22132.0,93466.0,552293.0
648.0,8523.0,1958.0,2901.0,2556.0,2439.0,1407.0,436.0,3751.0,6664.0,45207.0
3163.0,6773.0,1279.0,1748.0,6270.0,844.0,1790.0,776.0,7190.0,1970.0,37579.0
8311.0,13563.0,3281.0,14091.0,13073.0,3852.0,3897.0,17831.0,9760.0,7535.0,123459.0
2711.0,2732.0,933.0,10156.0,2422.0,909.0,776.0,759.0,1151.0,2900.0,29059.0
3594.0,3900.0,1326.0,8066.0,2995.0,1112.0,1035.0,650.0,1441.0,4293.0,32507.0
1391.0,1837.0,514.0,791.0,1036.0,535.0,605.0,271.0,806.0,977.0,10590.0
4295.0,10509.0,1773.0,69052.0,7085.0,3124.0,1073.0,759.0,2750.0,6115.0,126945.0
482.0,586.0,920.0,488.0,353.0,246.0,1324.0,191.0,296.0,682.0,6738.0
2643.0,2549.0,660.0,648.0,2624.0,515.0,823.0,280.0,553.0,661.0,13122.0
2931.0,2512.0,1060.0,1148.0,1760.0,951.0,686.0,406.0,1594.0,1762.0,18014.0
1076.0,1684.0,391.0,5026.0,1100.0,372.0,273.0,390.0,638.0,1354.0,14903.0
1838.0,8617.0,345.0,651.0,251.0,885.0,123.0,9189.0,1254.0,2559.0,28126.0
5909.0,3750.0,2248.0,2572.0,1732.0,3456.0,1231.0,2345.0,3804.0,11179.0,48514.0
1648.0,2293.0,613.0,2062.0,1849.0,610.0,728.0,116.0,1485.0,915.0,15994.0
61675.0,71795.0,23205.0,149173.0,54416.0,15350.0,20957.0,6524.0,19625.0,51103.0,523540.0
161.0,2978.0,668.0,2233.0,4306.0,684.0,752.0,457.0,1564.0,1485.0,19296.0
16546.0,17092.0,7682.0,22261.0,13908.0,7976.0,3107.0,5772.0,9889.0,36215.0,178645.0
2081.0,2195.0,691.0,4812.0,1444.0,1006.0,474.0,485.0,926.0,4170.0,24084.0
5068.0,7489.0,1997.0,6724.0,7193.0,1815.0,2213.0,709.0,5569.0,4587.0,57213.0
2450.0,2142.0,1046.0,1201.0,718.0,2043.0,504.0,873.0,1426.0,5795.0,23936.0
945.0,1531.0,596.0,5320.0,949.0,1595.0,235.0,82.0,764.0,1557.0,16451.0
106.0,154.0,29.0,36.0,66.0,38.0,23.0,24.0,76.0,112.0,842.0
82146.0,80595.0,22933.0,84147.0,88424.0,18734.0,33475.0,18018.0,34545.0,38226.0,609451.0
2717.0,2710.0,698.0,950.0,2776.0,548.0,850.0,301.0,655.0,855.0,14558.0
3672.0,9810.0,2071.0,11555.0,1081.0,3944.0,978.0,1934.0,4795.0,42634.0,104178.0
2782.0,2707.0,691.0,766.0,2665.0,633.0,848.0,298.0,611.0,876.0,14304.0
7855.0,8762.0,953.0,2884.0,3345.0,1684.0,1423.0,456.0,7564.0,3110.0,44790.0
23879.0,56062.0,9374.0,107502.0,44314.0,17586.0,7650.0,8012.0,34941.0,27766.0,414306.0
46710.0,104065.0,12219.0,14085.0,5535.0,7845.0,14506.0,481.0,21190.0,4107.0,265721.0
798.0,1315.0,319.0,10563.0,862.0,374.0,184.0,329.0,623.0,1361.0,19125.0
968.0,1460.0,385.0,5055.0,1121.0,326.0,223.0,391.0,673.0,1365.0,14580.0
2800.0,3292.0,1181.0,5586.0,2698.0,688.0,850.0,692.0,1205.0,2129.0,24932.0
855.0,1308.0,371.0,8062.0,878.0,1003.0,322.0,191.0,651.0,2072.0,18277.0
2905.0,2627.0,681.0,897.0,2815.0,547.0,835.0,285.0,634.0,732.0,14527.0
7932.0,8462.0,2825.0,24759.0,7922.0,2297.0,4363.0,708.0,4765.0,5794.0,80234.0
2924.0,4048.0,1411.0,2764.0,2764.0,1963.0,688.0,866.0,1575.0,7564.0,34792.0
480.0,637.0,101.0,163.0,220.0,213.0,95.0,10.0,200.0,219.0,2840.0
106.0,154.0,29.0,36.0,66.0,38.0,23.0,24.0,76.0,112.0,842.0
98424.0,220577.0,25276.0,26163.0,9737.0,15903.0,30485.0,551.0,43756.0,5978.0,545944.0
2800.0,3292.0,1181.0,5586.0,2698.0,688.0,850.0,692.0,1205.0,2129.0,24932.0
410.0,220.0,138.0,3995.0,147.0,13565.0,45.0,277.0,172.0,2101.0,22811.0
855.0,895.0,259.0,2307.0,584.0,194.0,190.0,51.0,533.0,663.0,7920.0
106.0,154.0,29.0,36.0,66.0,38.0,23.0,24.0,76.0,112.0,842.0
6158.0,7970.0,2892.0,8500.0,7964.0,2259.0,2793.0,2610.0,6001.0,6124.0,73894.0
8128.0,8376.0,2947.0,24685.0,8146.0,2322.0,4436.0,752.0,4990.0,5880.0,81298.0
1015.0,1790.0,500.0,6433.0,1125.0,431.0,467.0,967.0,802.0,2087.0,18564.0
1005.0,29188.0,10669.0,11228.0,44543.0,10076.0,13717.0,1480.0,10452.0,9340.0,173713.0
398.0,606.0,206.0,3172.0,544.0,136.0,94.0,68.0,359.0,492.0,7102.0
43064.0,127065.0,23051.0,79038.0,82673.0,38596.0,7105.0,14677.0,81002.0,37239.0,695468.0
4602.0,7893.0,1358.0,1593.0,1109.0,1033.0,736.0,1015.0,2692.0,3636.0,31684.0
5616.0,8935.0,2507.0,60240.0,8409.0,2071.0,3067.0,850.0,6271.0,6087.0,128574.0
97.0,151.0,31.0,28.0,67.0,43.0,19.0,23.0,76.0,129.0,839.0
477.0,636.0,103.0,166.0,218.0,216.0,95.0,10.0,200.0,218.0,2842.0
2971.0,3263.0,1061.0,5449.0,2909.0,817.0,759.0,774.0,1232.0,3142.0,26383.0
828.0,2029.0,315.0,1209.0,858.0,857.0,220.0,484.0,1051.0,2013.0,11834.0
7462.0,9352.0,933.0,2975.0,3238.0,1613.0,1358.0,432.0,6966.0,3090.0,45316.0
3165.0,6785.0,1289.0,1762.0,6272.0,841.0,1795.0,770.0,7181.0,1980.0,37630.0
3189.0,6850.0,1300.0,1741.0,6213.0,845.0,1804.0,770.0,6939.0,2003.0,37657.0
12856.0,14008.0,2218.0,6432.0,7452.0,2465.0,3042.0,1121.0,10089.0,6553.0,81735.0
50106.0,51006.0,15960.0,78058.0,36133.0,27933.0,12909.0,11376.0,39100.0,81810.0,529436.0
429.0,553.0,439.0,641.0,436.0,567.0,131.0,165.0,375.0,1142.0,6890.0
2715.0,2643.0,681.0,1339.0,2764.0,541.0,850.0,285.0,606.0,809.0,14657.0
12883.0,14002.0,2223.0,6442.0,7456.0,2454.0,3039.0,1125.0,10078.0,6557.0,81756.0
20756.0,23425.0,8079.0,95028.0,21862.0,11003.0,7425.0,4768.0,15755.0,37384.0,303451.0
2754.0,2573.0,718.0,1048.0,2882.0,523.0,856.0,355.0,626.0,724.0,14786.0
5776.0,4726.0,2043.0,2838.0,1941.0,3994.0,1006.0,2158.0,3305.0,11662.0,51019.0
2728.0,2578.0,689.0,711.0,2685.0,536.0,835.0,302.0,567.0,827.0,13884.0
953.0,1405.0,340.0,4591.0,1265.0,323.0,205.0,159.0,518.0,1386.0,13410.0
3048.0,3554.0,990.0,6960.0,2599.0,775.0,923.0,1405.0,1418.0,3308.0,29229.0
339.0,426.0,158.0,2585.0,425.0,202.0,127.0,100.0,270.0,829.0,6345.0
7285.0,3692.0,2001.0,1919.0,1147.0,2885.0,1204.0,1294.0,4810.0,11322.0,45924.0
49797.0,46991.0,14749.0,28391.0,44172.0,17650.0,19002.0,23133.0,36863.0,29252.0,365164.0
5487.0,6852.0,1994.0,13147.0,6697.0,1872.0,2230.0,1078.0,4755.0,6954.0,67052.0
19753.0,40624.0,7527.0,16120.0,34927.0,10579.0,5996.0,6642.0,28473.0,17558.0,251403.0
3188.0,6773.0,1267.0,1781.0,6276.0,826.0,1788.0,779.0,7178.0,1975.0,37629.0
1038.0,1598.0,594.0,6347.0,1043.0,1692.0,339.0,93.0,855.0,1603.0,18083.0
2274.0,1122.0,909.0,522.0,557.0,1042.0,298.0,1750.0,1525.0,4973.0,18277.0
388.0,1341.0,176.0,2008.0,466.0,344.0,120.0,159.0,334.0,2022.0,8646.0
1601.0,1637.0,582.0,9305.0,966.0,889.0,380.0,168.0,1012.0,1857.0,20680.0
25067.0,17303.0,17447.0,7757.0,15516.0,14514.0,15992.0,3582.0,13100.0,15064.0,169862.0
2643.0,2549.0,660.0,648.0,2624.0,515.0,823.0,280.0,553.0,661.0,13122.0
2615.0,2542.0,646.0,637.0,2621.0,517.0,824.0,278.0,542.0,627.0,12983.0
2702.0,2602.0,728.0,682.0,2850.0,554.0,837.0,342.0,566.0,1595.0,14900.0
3091.0,2598.0,691.0,966.0,2646.0,799.0,831.0,296.0,553.0,869.0,15039.0
247189.0,282821.0,79810.0,119048.0,146483.0,54730.0,113366.0,17831.0,122865.0,165059.0,1576619.0
5665.0,14132.0,2559.0,13795.0,9740.0,6818.0,1912.0,689.0,5258.0,11002.0,92003.0
817.0,1401.0,322.0,4472.0,1171.0,321.0,206.0,158.0,535.0,1389.0,13191.0
8793.0,11615.0,5322.0,10689.0,9221.0,3986.0,4447.0,3100.0,6701.0,23822.0,114433.0
2735.0,2788.0,677.0,1588.0,2932.0,543.0,839.0,286.0,616.0,872.0,15317.0
2548.0,3558.0,916.0,3589.0,3724.0,842.0,1286.0,222.0,2587.0,1431.0,27182.0
412.0,409.0,385.0,347.0,573.0,899.0,192.0,221.0,274.0,774.0,5894.0
993.0,1534.0,374.0,5017.0,1190.0,390.0,212.0,381.0,588.0,1358.0,14681.0
1302.0,590.0,476.0,256.0,399.0,804.0,162.0,391.0,730.0,2390.0,9520.0
460.0,930.0,208.0,578.0,584.0,472.0,161.0,65.0,364.0,1053.0,6301.0
78996.0,87235.0,10793.0,35122.0,30222.0,9926.0,10177.0,7118.0,21116.0,56167.0,417431.0
19223.0,28667.0,81823.0,97657.0,54471.0,23955.0,29360.0,78004.0,13547.0,84373.0,717506.0
855.0,895.0,259.0,2307.0,584.0,194.0,190.0,51.0,533.0,663.0,7920.0
7730.0,8807.0,924.0,2872.0,3381.0,1693.0,1410.0,410.0,7594.0,2972.0,44385.0
100779.0,100687.0,35067.0,99543.0,79397.0,24864.0,38530.0,20478.0,27067.0,114712.0,825944.0
97491.0,221511.0,25539.0,26139.0,9787.0,15933.0,30665.0,569.0,43992.0,6083.0,546859.0
8284.0,13654.0,3338.0,14223.0,13112.0,3807.0,3941.0,17810.0,9738.0,7622.0,124074.0
14652.0,29850.0,5933.0,12657.0,25257.0,7406.0,4804.0,4192.0,20840.0,12508.0,183383.0
16943.0,8275.0,6795.0,11951.0,13874.0,12960.0,5033.0,4560.0,11515.0,34372.0,162453.0
2250.0,1218.0,733.0,903.0,579.0,1103.0,306.0,941.0,1225.0,3323.0,15834.0
380.0,926.0,200.0,544.0,410.0,128.0,136.0,69.0,402.0,307.0,4174.0
2988.0,2852.0,754.0,640.0,2884.0,596.0,903.0,360.0,648.0,744.0,14587.0
96487.0,111442.0,32360.0,32636.0,76979.0,19429.0,44980.0,17435.0,39552.0,43974.0,576661.0
1606.0,2152.0,645.0,4966.0,1803.0,831.0,455.0,326.0,940.0,2222.0,19597.0
2181.0,1924.0,988.0,503.0,681.0,1250.0,383.0,664.0,1261.0,4275.0,19106.0
127.0,3068.0,876.0,766.0,1741.0,1254.0,933.0,346.0,1375.0,3788.0,16908.0
12864.0,14006.0,2224.0,6433.0,7456.0,2464.0,3035.0,1120.0,10086.0,6550.0,81758.0
6525.0,11221.0,2015.0,3986.0,1876.0,1115.0,1642.0,311.0,2933.0,1858.0,40351.0
2752.0,2734.0,761.0,856.0,2685.0,575.0,858.0,294.0,611.0,924.0,14702.0
1825.0,2610.0,730.0,6372.0,1968.0,564.0,565.0,458.0,1103.0,2080.0,21824.0
28755.0,32260.0,10072.0,63204.0,34430.0,12159.0,11597.0,3685.0,25909.0,52741.0,371702.0
1650.0,1210.0,623.0,915.0,656.0,956.0,347.0,452.0,962.0,3086.0,13915.0
87510.0,125225.0,33851.0,99932.0,96619.0,42801.0,42176.0,50427.0,76033.0,167506.0,1038980.0
325.0,645.0,126.0,2813.0,762.0,217.0,131.0,54.0,207.0,732.0,7323.0
39256.0,103319.0,20602.0,86933.0,76351.0,33622.0,9554.0,14590.0,70421.0,49088.0,646099.0
60639.0,70186.0,22762.0,147554.0,52934.0,14984.0,20427.0,6430.0,18543.0,50479.0,511909.0
6015.0,4354.0,2438.0,4706.0,4403.0,4078.0,1733.0,2136.0,4017.0,11535.0,58129.0
18166.0,3537.0,1190.0,38885.0,3423.0,1191.0,1099.0,565.0,2865.0,17341.0,96696.0
2643.0,2549.0,660.0,648.0,2624.0,515.0,823.0,280.0,553.0,661.0,13122.0
1769.0,1202.0,803.0,1920.0,852.0,1452.0,431.0,489.0,1139.0,4706.0,18849.0
6858.0,8328.0,899.0,2978.0,3078.0,1538.0,1257.0,427.0,6122.0,2920.0,41505.0
6849.0,8363.0,903.0,2969.0,3039.0,1537.0,1256.0,429.0,6146.0,2923.0,41521.0
2912.0,4012.0,1404.0,2741.0,2737.0,1961.0,679.0,866.0,1558.0,7565.0,34620.0
110.0,157.0,33.0,29.0,75.0,51.0,20.0,28.0,74.0,121.0,877.0
2789.0,2770.0,715.0,1120.0,2865.0,530.0,880.0,295.0,610.0,913.0,15068.0
16052.0,22309.0,5090.0,37207.0,10733.0,14174.0,5225.0,17018.0,10518.0,33095.0,201935.0
9107.0,11176.0,1988.0,8441.0,3111.0,3664.0,2070.0,581.0,4206.0,3000.0,59453.0
3455.0,3836.0,1307.0,8028.0,2890.0,1078.0,903.0,675.0,1432.0,4203.0,32063.0
6391.0,7146.0,925.0,2805.0,2778.0,1629.0,1219.0,455.0,5432.0,2996.0,37822.0
18953.0,1919.0,1340.0,2697.0,1537.0,2534.0,859.0,1371.0,2033.0,7052.0,47448.0
1221.0,1787.0,547.0,5110.0,1470.0,452.0,445.0,293.0,678.0,1249.0,15751.0
2653.0,2551.0,663.0,648.0,2624.0,685.0,823.0,282.0,555.0,1921.0,15166.0
8533.0,8311.0,3154.0,12245.0,14088.0,5335.0,1789.0,2346.0,2294.0,27614.0,113135.0
1015.0,1790.0,500.0,6433.0,1125.0,431.0,467.0,967.0,802.0,2087.0,18564.0
1311.0,592.0,476.0,253.0,399.0,803.0,163.0,396.0,727.0,2396.0,9540.0
82048.0,175258.0,20741.0,31461.0,12864.0,14180.0,24839.0,720.0,36627.0,8092.0,470804.0
2755.0,2734.0,875.0,10079.0,2319.0,999.0,740.0,754.0,1170.0,2942.0,28986.0
5475.0,5457.0,3148.0,4787.0,6282.0,2298.0,3128.0,527.0,5076.0,2604.0,49801.0
1907.0,940.0,644.0,425.0,336.0,810.0,265.0,964.0,1133.0,2866.0,13244.0
861.0,2678.0,464.0,1318.0,1019.0,443.0,271.0,381.0,1009.0,2024.0,15219.0
2643.0,2549.0,660.0,648.0,2624.0,515.0,823.0,280.0,553.0,661.0,13122.0
325.0,645.0,126.0,2813.0,762.0,217.0,131.0,54.0,207.0,732.0,7323.0
2643.0,2549.0,660.0,648.0,2624.0,515.0,823.0,280.0,553.0,661.0,13122.0
18122.0,39206.0,7280.0,14931.0,33651.0,10164.0,5349.0,6160.0,27475.0,17216.0,238612.0
54279.0,48673.0,17399.0,14877.0,37946.0,9584.0,19591.0,7055.0,21683.0,19198.0,283230.0
3158.0,6761.0,1271.0,1755.0,6270.0,829.0,1798.0,769.0,7173.0,1995.0,37568.0
493.0,1480.0,216.0,894.0,403.0,349.0,138.0,232.0,483.0,2022.0,9037.0
19223.0,28667.0,81823.0,97657.0,54471.0,23955.0,29360.0,78004.0,13547.0,84373.0,717506.0
1624.0,2232.0,580.0,1723.0,1682.0,608.0,639.0,213.0,1364.0,929.0,14979.0
972.0,1844.0,465.0,4675.0,1165.0,535.0,266.0,185.0,694.0,1699.0,14945.0
4233.0,8259.0,1687.0,3274.0,7687.0,1141.0,2300.0,868.0,8258.0,2608.0,48698.0
11687.0,10128.0,5469.0,7430.0,11346.0,4533.0,4891.0,1412.0,8412.0,8422.0,94963.0
516.0,43452.0,2788.0,31466.0,14633.0,2431.0,1863.0,3451.0,8288.0,8775.0,133962.0
2643.0,2549.0,660.0,648.0,2624.0,515.0,823.0,280.0,553.0,661.0,13122.0
8131.0,13285.0,3241.0,13732.0,12551.0,3679.0,3754.0,17790.0,9372.0,7484.0,120713.0
15057.0,30645.0,6133.0,13627.0,26632.0,7547.0,5158.0,4313.0,21535.0,12889.0,190258.0
82373.0,78640.0,22539.0,22627.0,62096.0,18308.0,32619.0,20116.0,32915.0,38206.0,463970.0
247190.0,282822.0,79810.0,119048.0,146484.0,54731.0,113365.0,17831.0,122864.0,165059.0,1576621.0
2643.0,2549.0,660.0,648.0,2624.0,515.0,823.0,280.0,553.0,661.0,13122.0
551.0,13440.0,4081.0,7863.0,23125.0,3457.0,6313.0,1076.0,4087.0,6121.0,80469.0
412.0,409.0,385.0,347.0,573.0,899.0,192.0,221.0,274.0,774.0,5894.0
14772.0,30043.0,5959.0,12984.0,25697.0,7473.0,4880.0,4251.0,20986.0,12683.0,185688.0
62.0,817.0,284.0,266.0,1390.0,180.0,235.0,308.0,421.0,791.0,5639.0
75.0,771.0,309.0,1886.0,1697.0,183.0,122.0,187.0,382.0,1636.0,9512.0
247190.0,282819.0,79810.0,119048.0,146484.0,54730.0,113366.0,17831.0,122863.0,165059.0,1576618.0
112969.0,114770.0,32787.0,40440.0,79494.0,22710.0,45477.0,17606.0,40015.0,52727.0,636041.0
64.0,815.0,284.0,259.0,1378.0,189.0,230.0,330.0,442.0,797.0,5711.0
5407.0,5948.0,2051.0,7433.0,5217.0,3210.0,1825.0,972.0,4107.0,8324.0,62484.0
24914.0,48336.0,13728.0,46148.0,49047.0,35776.0,8776.0,12096.0,44088.0,45748.0,442255.0
44.0,798.0,423.0,318.0,1357.0,227.0,196.0,811.0,554.0,1547.0,7343.0
3455.0,3836.0,1307.0,8028.0,2890.0,1078.0,903.0,675.0,1432.0,4203.0,32063.0
32.0,2473.0,242.0,301.0,1043.0,199.0,342.0,118.0,310.0,635.0,6552.0
2800.0,3292.0,1181.0,5586.0,2698.0,688.0,850.0,692.0,1205.0,2129.0,24932.0
60435.0,50788.0,20712.0,24322.0,52787.0,13895.0,15663.0,38393.0,33857.0,43850.0,422173.0
1591.0,1127.0,549.0,303.0,467.0,917.0,274.0,410.0,764.0,3377.0,12254.0
1155.0,665.0,146.0,4699.0,1012.0,270.0,91.0,154.0,324.0,722.0,10254.0
16546.0,17092.0,7682.0,22261.0,13908.0,7976.0,3107.0,5772.0,9889.0,36215.0,178645.0
97.0,151.0,31.0,28.0,67.0,43.0,19.0,23.0,76.0,129.0,839.0
3169.0,6760.0,1277.0,1751.0,6254.0,844.0,1788.0,770.0,7172.0,1994.0,37596.0
19.0,479.0,133.0,290.0,675.0,86.0,102.0,316.0,280.0,593.0,3476.0
110.0,157.0,33.0,29.0,75.0,51.0,20.0,28.0,74.0,121.0,877.0
502.0,1068.0,613.0,2112.0,779.0,401.0,653.0,186.0,549.0,764.0,9247.0
2694.0,2565.0,673.0,1096.0,2719.0,571.0,845.0,287.0,573.0,832.0,15046.0
61672.0,71649.0,23154.0,149029.0,54406.0,15335.0,20942.0,6510.0,19609.0,51113.0,523163.0
2081.0,2195.0,691.0,4812.0,1444.0,1006.0,474.0,485.0,926.0,4170.0,24084.0
544.0,513.0,144.0,1215.0,1559.0,274.0,132.0,328.0,425.0,593.0,6703.0
7480.0,9371.0,942.0,3006.0,3273.0,1619.0,1372.0,432.0,6963.0,3110.0,45567.0
953.0,1405.0,340.0,4591.0,1265.0,323.0,205.0,159.0,518.0,1386.0,13410.0
77.0,775.0,315.0,1892.0,1695.0,184.0,126.0,187.0,379.0,1652.0,9542.0
32.0,925.0,651.0,368.0,1885.0,217.0,266.0,667.0,452.0,2117.0,8623.0
21676.0,56902.0,11432.0,70646.0,40734.0,18841.0,6240.0,8436.0,35311.0,30800.0,373921.0
502.0,1068.0,613.0,2112.0,779.0,401.0,653.0,186.0,549.0,764.0,9247.0
80380.0,75524.0,21286.0,21203.0,58077.0,18243.0,31977.0,19155.0,32627.0,38566.0,449914.0
8064.0,15204.0,2936.0,11049.0,7452.0,6565.0,2891.0,1071.0,5647.0,8738.0,90436.0
1014.0,1487.0,399.0,5020.0,1462.0,427.0,422.0,88.0,1050.0,1710.0,15902.0
8793.0,11615.0,5322.0,10689.0,9221.0,3986.0,4447.0,3100.0,6701.0,23822.0,114433.0
52.0,795.0,424.0,351.0,1353.0,222.0,191.0,810.0,548.0,1541.0,7355.0
31.0,675.0,159.0,327.0,832.0,123.0,146.0,285.0,327.0,555.0,4299.0
228.0,5849.0,1979.0,2447.0,8851.0,1106.0,1820.0,227.0,2123.0,3672.0,32300.0
228.0,5843.0,1971.0,2431.0,8827.0,1114.0,1821.0,228.0,2128.0,3665.0,32261.0
460.0,930.0,208.0,578.0,584.0,472.0,161.0,65.0,364.0,1053.0,6301.0
2755.0,2734.0,875.0,10079.0,2319.0,999.0,740.0,754.0,1170.0,2942.0,28986.0
55087.0,72772.0,17440.0,147843.0,61576.0,16704.0,26558.0,8883.0,23347.0,26008.0,502994.0
34352.0,22016.0,21822.0,44094.0,21425.0,10341.0,8224.0,4583.0,16604.0,37579.0,279056.0
398.0,606.0,206.0,3172.0,544.0,136.0,94.0,68.0,359.0,492.0,7102.0
31499.0,39952.0,10279.0,271319.0,32066.0,20873.0,11529.0,10979.0,15085.0,46044.0,547578.0
6820.0,8323.0,898.0,2984.0,3025.0,1536.0,1264.0,425.0,6129.0,2924.0,41460.0
674.0,1020.0,371.0,2248.0,926.0,435.0,266.0,294.0,397.0,1346.0,9771.0
22.0,1676.0,100.0,267.0,562.0,126.0,123.0,97.0,246.0,485.0,4243.0
855.0,895.0,259.0,2307.0,584.0,194.0,190.0,51.0,533.0,663.0,7920.0
17623.0,44821.0,7143.0,67033.0,31278.0,13756.0,4835.0,6372.0,26192.0,20628.0,297403.0
110.0,157.0,33.0,29.0,75.0,51.0,20.0,28.0,74.0,121.0,877.0
20559.0,34656.0,10126.0,59955.0,74767.0,32394.0,10956.0,8268.0,9477.0,109779.0,595930.0
47.0,814.0,419.0,328.0,1349.0,226.0,195.0,807.0,545.0,1544.0,7353.0
499.0,7715.0,2555.0,4742.0,12603.0,1738.0,2286.0,547.0,3851.0,4003.0,49936.0
2632.0,2543.0,644.0,633.0,2643.0,527.0,825.0,280.0,542.0,648.0,13043.0
15287.0,31572.0,6136.0,12466.0,28040.0,8528.0,4775.0,5183.0,23631.0,14929.0,198575.0
29.0,1146.0,603.0,1138.0,1072.0,429.0,441.0,94.0,194.0,1024.0,6782.0
443.0,443.0,158.0,2926.0,625.0,254.0,109.0,128.0,293.0,607.0,7052.0
654.0,1126.0,1034.0,3582.0,777.0,235.0,275.0,72.0,452.0,1913.0,11720.0
334.0,184.0,74.0,50.0,26.0,138.0,34.0,125.0,185.0,486.0,2090.0
297.0,1211.0,147.0,2146.0,898.0,143.0,186.0,34.0,615.0,1872.0,8895.0
40.0,511.0,132.0,308.0,791.0,142.0,89.0,232.0,349.0,451.0,3739.0
235.0,222.0,60.0,144.0,133.0,67.0,51.0,124.0,176.0,208.0,1735.0
344.0,491.0,185.0,341.0,359.0,346.0,104.0,79.0,322.0,617.0,4116.0
21.0,505.0,133.0,272.0,686.0,97.0,107.0,315.0,272.0,586.0,3497.0
1015.0,1790.0,500.0,6433.0,1125.0,431.0,467.0,967.0,802.0,2087.0,18564.0
329.0,519.0,164.0,1804.0,564.0,283.0,171.0,71.0,278.0,575.0,5973.0
19223.0,28667.0,81823.0,97657.0,54471.0,23955.0,29360.0,78004.0,13547.0,84373.0,717506.0
4602.0,7893.0,1358.0,1593.0,1109.0,1033.0,736.0,1015.0,2692.0,3636.0,31684.0
229.0,5838.0,1972.0,2450.0,8833.0,1114.0,1827.0,229.0,2136.0,3673.0,32290.0
953.0,1405.0,340.0,4591.0,1265.0,323.0,205.0,159.0,518.0,1386.0,13410.0
7872.0,8778.0,921.0,2887.0,3348.0,1676.0,1436.0,450.0,7559.0,3071.0,44758.0
43.0,509.0,132.0,303.0,770.0,138.0,85.0,233.0,356.0,447.0,3720.0
4891.0,6593.0,1721.0,3209.0,4765.0,1914.0,1807.0,1218.0,2564.0,3937.0,38951.0
93287.0,136057.0,35401.0,115136.0,117606.0,29100.0,45231.0,9200.0,82990.0,56346.0,928558.0
62.0,835.0,280.0,283.0,1381.0,188.0,238.0,332.0,444.0,789.0,5750.0
855.0,895.0,259.0,2307.0,584.0,194.0,190.0,51.0,533.0,663.0,7920.0
295.0,472.0,129.0,3833.0,318.0,211.0,154.0,122.0,237.0,2168.0,8770.0
1302.0,597.0,467.0,261.0,395.0,792.0,162.0,392.0,745.0,2388.0,9524.0
4002.0,3234.0,1098.0,4052.0,2801.0,5439.0,1072.0,689.0,2522.0,8051.0,42440.0
49271.0,50378.0,15844.0,77904.0,35986.0,27152.0,12977.0,11955.0,39335.0,80802.0,526420.0
21342.0,25001.0,5742.0,68060.0,23396.0,9134.0,5397.0,3708.0,10265.0,13812.0,211519.0
2669.0,2573.0,682.0,3090.0,2751.0,559.0,825.0,282.0,568.0,789.0,16167.0
9840.0,24021.0,4117.0,8443.0,3921.0,14281.0,1259.0,7530.0,4179.0,8938.0,101563.0
52.0,929.0,305.0,480.0,1459.0,251.0,196.0,486.0,504.0,1113.0,7021.0
7940.0,9025.0,925.0,2882.0,3383.0,1634.0,1428.0,423.0,7660.0,3115.0,45217.0
1425.0,1737.0,448.0,6629.0,1189.0,1101.0,285.0,587.0,882.0,2213.0,19572.0
19.0,501.0,134.0,291.0,703.0,90.0,106.0,318.0,286.0,589.0,3523.0
61465.0,57574.0,24270.0,409898.0,54545.0,34611.0,12267.0,19135.0,30883.0,140270.0,1023065.0
42.0,1413.0,256.0,1068.0,1857.0,154.0,237.0,370.0,334.0,837.0,7463.0
18212.0,27885.0,7427.0,26098.0,23257.0,6706.0,5646.0,9484.0,24998.0,25754.0,239056.0
629.0,1637.0,955.0,2381.0,872.0,401.0,266.0,233.0,353.0,1200.0,10791.0
85.0,2232.0,621.0,383.0,3233.0,409.0,690.0,826.0,907.0,1706.0,12718.0
3344.0,3034.0,963.0,992.0,2294.0,566.0,789.0,477.0,1267.0,1665.0,17346.0
1425.0,1737.0,448.0,6629.0,1189.0,1101.0,285.0,587.0,882.0,2213.0,19572.0
97.0,151.0,31.0,28.0,67.0,43.0,19.0,23.0,76.0,129.0,839.0
118766.0,119915.0,34648.0,41402.0,86474.0,24360.0,47963.0,17327.0,42769.0,52747.0,666130.0
11088.0,11740.0,4153.0,9258.0,6524.0,5692.0,2004.0,1780.0,5695.0,16090.0,95788.0
139.0,5294.0,1416.0,3770.0,8604.0,1513.0,1756.0,1814.0,3008.0,4541.0,35854.0
674.0,1020.0,371.0,2248.0,926.0,435.0,266.0,294.0,397.0,1346.0,9771.0
97831.0,220731.0,25744.0,26196.0,9827.0,16046.0,31065.0,574.0,43698.0,5901.0,546067.0
14274.0,12620.0,3601.0,8784.0,10872.0,2448.0,2611.0,1712.0,4954.0,7276.0,79309.0
3171.0,6776.0,1284.0,1766.0,6290.0,828.0,1797.0,764.0,7198.0,1972.0,37606.0
90082.0,125332.0,35780.0,132803.0,125673.0,30538.0,45673.0,12313.0,92513.0,61382.0,983191.0
50021.0,51223.0,16423.0,78008.0,36232.0,28168.0,12782.0,11422.0,39006.0,82059.0,529920.0
1684.0,726.0,675.0,317.0,485.0,1062.0,243.0,374.0,838.0,2989.0,11979.0
118817.0,119972.0,34692.0,41380.0,86470.0,24410.0,47973.0,17322.0,42753.0,52748.0,666263.0
937.0,1423.0,1141.0,3907.0,1029.0,291.0,377.0,94.0,632.0,2189.0,14260.0
39.0,519.0,138.0,305.0,780.0,147.0,84.0,232.0,351.0,447.0,3737.0
380.0,926.0,200.0,544.0,410.0,128.0,136.0,69.0,402.0,307.0,4174.0
2659.0,1529.0,1161.0,697.0,746.0,1648.0,462.0,891.0,1433.0,5312.0,20967.0
3471.0,7211.0,1405.0,2233.0,6703.0,942.0,1974.0,818.0,7513.0,2128.0,41012.0
223.0,226.0,58.0,141.0,138.0,57.0,61.0,120.0,180.0,219.0,1724.0
1825.0,2610.0,730.0,6372.0,1968.0,564.0,565.0,458.0,1103.0,2080.0,21824.0
683.0,11056.0,3339.0,9251.0,17187.0,2533.0,3183.0,1712.0,4912.0,8125.0,70017.0
1025.0,2499.0,294.0,1334.0,529.0,206.0,130.0,511.0,996.0,1309.0,10584.0
48.0,1635.0,303.0,632.0,2065.0,214.0,261.0,688.0,647.0,1136.0,9230.0
2615.0,2542.0,646.0,637.0,2621.0,517.0,824.0,278.0,542.0,627.0,12983.0
11086.0,11743.0,4153.0,9259.0,6519.0,5693.0,2004.0,1780.0,5693.0,16092.0,95785.0
3405.0,4023.0,966.0,6720.0,3149.0,1132.0,685.0,968.0,1866.0,3307.0,31093.0
2858.0,2749.0,675.0,1524.0,2752.0,540.0,844.0,282.0,623.0,1001.0,15568.0
65.0,1271.0,601.0,706.0,2356.0,324.0,292.0,173.0,536.0,1132.0,8621.0
2720.0,2649.0,689.0,1257.0,2728.0,540.0,846.0,283.0,607.0,751.0,14491.0
47.0,807.0,422.0,307.0,1353.0,227.0,193.0,808.0,547.0,1539.0,7340.0
2647.0,2551.0,663.0,660.0,2628.0,517.0,826.0,280.0,560.0,677.0,13190.0
36.0,517.0,133.0,292.0,788.0,142.0,89.0,233.0,356.0,446.0,3744.0
3165.0,3055.0,1012.0,2045.0,2722.0,660.0,809.0,535.0,1122.0,2487.0,20848.0
82350.0,79975.0,22898.0,24294.0,63697.0,18740.0,33513.0,18071.0,34493.0,37517.0,473635.0
1743.0,1776.0,427.0,798.0,1134.0,343.0,253.0,371.0,1779.0,1744.0,13279.0
305.0,418.0,163.0,3789.0,457.0,318.0,434.0,194.0,284.0,725.0,8263.0
994.0,1523.0,363.0,4983.0,1126.0,382.0,208.0,389.0,620.0,1366.0,14601.0
110.0,157.0,33.0,29.0,75.0,51.0,20.0,28.0,74.0,121.0,877.0
2718.0,2787.0,679.0,1592.0,2910.0,533.0,838.0,284.0,616.0,851.0,15257.0
2643.0,2549.0,660.0,648.0,2624.0,515.0,823.0,280.0,553.0,661.0,13122.0
0.0,0.0,0.0,0.0,0.0,0.0,0.0,0.0,0.0,0.0,3.0
5695.0,7223.0,2492.0,6246.0,5112.0,2776.0,2322.0,1642.0,4559.0,7776.0,59140.0
2828.0,5906.0,1071.0,27761.0,3595.0,4177.0,961.0,584.0,3405.0,5219.0,66158.0
61.0,839.0,273.0,264.0,1376.0,183.0,229.0,329.0,434.0,789.0,5729.0
34375.0,66708.0,4293.0,9727.0,156.0,18055.0,24.0,97239.0,15313.0,37303.0,315557.0
68.0,1294.0,602.0,722.0,2372.0,323.0,288.0,173.0,525.0,1136.0,8667.0
14261.0,12613.0,3597.0,8795.0,10863.0,2442.0,2607.0,1713.0,4945.0,7283.0,79285.0
412.0,468.0,1375.0,335.0,404.0,364.0,914.0,265.0,299.0,731.0,6696.0
2674.0,2617.0,683.0,1238.0,2754.0,625.0,831.0,283.0,593.0,841.0,14594.0
118.0,3040.0,898.0,1092.0,4407.0,644.0,663.0,1731.0,1222.0,2744.0,19931.0
429.0,553.0,439.0,641.0,436.0,567.0,131.0,165.0,375.0,1142.0,6890.0
2746.0,2794.0,693.0,1603.0,2913.0,531.0,837.0,286.0,627.0,885.0,15396.0
97.0,151.0,31.0,28.0,67.0,43.0,19.0,23.0,76.0,129.0,839.0
9285.0,11495.0,1740.0,3204.0,4529.0,1877.0,2091.0,866.0,8557.0,4929.0,57505.0
1439.0,1752.0,423.0,6753.0,1112.0,1078.0,310.0,583.0,923.0,2185.0,19603.0
3161.0,6827.0,1293.0,1590.0,6256.0,772.0,1795.0,758.0,6882.0,2087.0,37760.0
33.0,673.0,213.0,723.0,1000.0,139.0,132.0,136.0,453.0,571.0,4758.0
227.0,5844.0,1975.0,2450.0,8853.0,1118.0,1810.0,225.0,2127.0,3662.0,32283.0
3054.0,2726.0,696.0,1203.0,2810.0,550.0,906.0,286.0,622.0,874.0,15290.0
1409.0,1703.0,439.0,6584.0,1196.0,1086.0,291.0,568.0,906.0,2223.0,19513.0
106.0,154.0,29.0,36.0,66.0,38.0,23.0,24.0,76.0,112.0,842.0
18157.0,3532.0,1198.0,38885.0,3422.0,1187.0,1103.0,555.0,2857.0,17317.0,96643.0
1265.0,593.0,456.0,247.0,400.0,772.0,164.0,387.0,670.0,2361.0,9286.0
3594.0,3900.0,1326.0,8066.0,2995.0,1112.0,1035.0,650.0,1441.0,4293.0,32507.0
51.0,926.0,309.0,485.0,1478.0,248.0,192.0,486.0,512.0,1113.0,7043.0
2081.0,2195.0,691.0,4812.0,1444.0,1006.0,474.0,485.0,926.0,4170.0,24084.0
66.0,1291.0,602.0,714.0,2350.0,322.0,293.0,173.0,524.0,1134.0,8636.0
2755.0,2734.0,875.0,10079.0,2319.0,999.0,740.0,754.0,1170.0,2942.0,28986.0
17805.0,44528.0,7418.0,67803.0,31367.0,14065.0,4912.0,7216.0,25344.0,22227.0,300014.0
14106.0,28778.0,5860.0,12691.0,24292.0,7039.0,4549.0,4310.0,19873.0,12523.0,178600.0
3179.0,1975.0,1409.0,3558.0,1779.0,2578.0,867.0,1351.0,1986.0,7420.0,32695.0
17586.0,36948.0,7336.0,15057.0,31980.0,9264.0,5442.0,5647.0,25711.0,15144.0,227155.0
1250.0,593.0,446.0,256.0,392.0,788.0,162.0,392.0,692.0,2343.0,9275.0
2857.0,2720.0,710.0,1256.0,2920.0,618.0,865.0,293.0,608.0,725.0,15133.0
654.0,1126.0,1034.0,3582.0,777.0,235.0,275.0,72.0,452.0,1913.0,11720.0
7941.0,9022.0,921.0,2872.0,3374.0,1628.0,1437.0,431.0,7660.0,3117.0,45194.0
1601.0,1637.0,582.0,9305.0,966.0,889.0,380.0,168.0,1012.0,1857.0,20680.0
19223.0,28667.0,81823.0,97657.0,54471.0,23955.0,29360.0,78004.0,13547.0,84373.0,717506.0
2753.0,1591.0,1155.0,827.0,795.0,1679.0,518.0,962.0,1645.0,5824.0,22464.0
4472.0,5720.0,2236.0,7105.0,5289.0,2820.0,1921.0,1303.0,3762.0,8229.0,57403.0
121092.0,179233.0,48665.0,55380.0,97825.0,25242.0,68561.0,8794.0,42681.0,66872.0,827110.0
16546.0,17092.0,7682.0,22261.0,13908.0,7976.0,3107.0,5772.0,9889.0,36215.0,178645.0
406.0,635.0,156.0,1786.0,573.0,343.0,165.0,68.0,299.0,601.0,6199.0
388.0,1341.0,176.0,2008.0,466.0,344.0,120.0,159.0,334.0,2022.0,8646.0
123.0,160.0,12.0,13.0,288.0,88.0,58.0,21.0,81.0,29.0,1088.0
563.0,1057.0,236.0,3880.0,528.0,498.0,234.0,176.0,459.0,767.0,9572.0
141.0,5300.0,1427.0,3781.0,8596.0,1519.0,1751.0,1819.0,2990.0,4559.0,35879.0
3165.0,6771.0,1269.0,1755.0,6280.0,833.0,1799.0,771.0,7189.0,1972.0,37586.0
2649.0,657.0,2506.0,5088.0,19265.0,1479.0,1168.0,354.0,3471.0,2833.0,78038.0
3048.0,3554.0,990.0,6960.0,2599.0,775.0,923.0,1405.0,1418.0,3308.0,29229.0
20.0,509.0,133.0,281.0,696.0,94.0,105.0,313.0,293.0,578.0,3500.0
953.0,1405.0,340.0,4591.0,1265.0,323.0,205.0,159.0,518.0,1386.0,13410.0
583420.0,171242.0,53238.0,262254.0,156946.0,56060.0,43380.0,107028.0,68502.0,240029.0,1945201.0
1558.0,2239.0,565.0,1771.0,1774.0,667.0,638.0,219.0,1400.0,1022.0,15252.0
1494.0,1770.0,384.0,6583.0,1142.0,1094.0,310.0,576.0,900.0,2190.0,19491.0
329.0,519.0,164.0,1804.0,564.0,283.0,171.0,71.0,278.0,575.0,5973.0
2711.0,2732.0,933.0,10156.0,2422.0,909.0,776.0,759.0,1151.0,2900.0,29059.0
87346.0,131906.0,33439.0,117073.0,113883.0,27854.0,43894.0,8148.0,83431.0,53488.0,909754.0
2332.0,1135.0,938.0,512.0,915.0,1802.0,419.0,629.0,1223.0,4406.0,18376.0
445.0,420.0,167.0,2925.0,617.0,267.0,131.0,123.0,301.0,594.0,6999.0
35.0,513.0,137.0,302.0,800.0,137.0,85.0,234.0,350.0,450.0,3744.0
2643.0,2549.0,660.0,648.0,2624.0,515.0,823.0,280.0,553.0,661.0,13122.0
1297.0,594.0,480.0,251.0,396.0,805.0,162.0,395.0,729.0,2381.0,9525.0
43.0,1425.0,255.0,1084.0,1843.0,148.0,225.0,375.0,334.0,852.0,7485.0
4774.0,63406.0,11028.0,507547.0,55074.0,18960.0,13323.0,7524.0,26881.0,116026.0,972874.0
8843.0,8265.0,2778.0,2377.0,7033.0,2140.0,2859.0,1213.0,3635.0,4047.0,49321.0
5463.0,5191.0,2999.0,5486.0,5448.0,9402.0,2111.0,2727.0,3871.0,35920.0,99802.0
45.0,779.0,425.0,324.0,1343.0,239.0,200.0,809.0,551.0,1542.0,7330.0
69.0,1276.0,595.0,713.0,2347.0,323.0,289.0,175.0,537.0,1135.0,8632.0
861.0,1533.0,561.0,4766.0,1103.0,410.0,291.0,264.0,590.0,1640.0,14724.0
56126.0,77025.0,20860.0,29141.0,64242.0,10471.0,33649.0,6775.0,21122.0,28749.0,422578.0
2768.0,2692.0,687.0,934.0,2787.0,580.0,860.0,289.0,655.0,817.0,14654.0
8793.0,11615.0,5322.0,10689.0,9221.0,3986.0,4447.0,3100.0,6701.0,23822.0,114433.0
23187.0,56396.0,11781.0,73697.0,42163.0,18279.0,7397.0,8057.0,36120.0,30024.0,381405.0
620.0,996.0,939.0,2519.0,677.0,196.0,243.0,70.0,367.0,1596.0,9554.0
2705.0,2698.0,684.0,1400.0,2737.0,622.0,860.0,283.0,651.0,783.0,15235.0
76.0,787.0,315.0,1896.0,1696.0,187.0,120.0,181.0,385.0,1639.0,9554.0
97.0,151.0,31.0,28.0,67.0,43.0,19.0,23.0,76.0,129.0,839.0
49245.0,50469.0,15661.0,77946.0,36227.0,27152.0,12842.0,11260.0,39340.0,83287.0,528725.0
1373.0,1793.0,469.0,1428.0,1387.0,534.0,530.0,191.0,1195.0,845.0,12446.0
3319.0,7164.0,1387.0,1858.0,6474.0,855.0,1884.0,848.0,7273.0,2362.0,39639.0
448.0,10329.0,2922.0,1854.0,7376.0,4028.0,3276.0,810.0,2982.0,13161.0,55649.0
36.0,2470.0,245.0,306.0,1061.0,186.0,340.0,120.0,308.0,642.0,6560.0
305.0,418.0,163.0,3789.0,457.0,318.0,434.0,194.0,284.0,725.0,8263.0
7842.0,9599.0,3005.0,5035.0,8600.0,2309.0,3429.0,737.0,4466.0,8565.0,64919.0
2643.0,2549.0,660.0,648.0,2624.0,515.0,823.0,280.0,553.0,661.0,13122.0
1868.0,1533.0,372.0,932.0,1042.0,258.0,133.0,504.0,959.0,1639.0,11735.0
2793.0,2734.0,674.0,1979.0,2767.0,550.0,829.0,298.0,556.0,1093.0,15563.0
5317.0,5014.0,2595.0,6539.0,4027.0,3484.0,1711.0,1343.0,3756.0,11373.0,60916.0
3048.0,3554.0,990.0,6960.0,2599.0,775.0,923.0,1405.0,1418.0,3308.0,29229.0
1299.0,712.0,414.0,230.0,219.0,600.0,140.0,338.0,734.0,1753.0,8143.0
546.0,13418.0,4077.0,7879.0,23130.0,3457.0,6319.0,1077.0,4069.0,6110.0,80479.0
319.0,683.0,151.0,2995.0,672.0,312.0,124.0,66.0,238.0,900.0,7893.0
3343.0,3022.0,965.0,990.0,2299.0,558.0,785.0,478.0,1270.0,1655.0,17320.0
856.0,1353.0,285.0,666.0,1601.0,335.0,144.0,188.0,509.0,1069.0,8568.0
481.0,643.0,102.0,161.0,219.0,214.0,95.0,10.0,200.0,221.0,2844.0
34.0,685.0,205.0,719.0,1012.0,136.0,137.0,136.0,463.0,579.0,4775.0
4255.0,8254.0,1666.0,3276.0,7701.0,1127.0,2307.0,867.0,8268.0,2610.0,48692.0
527.0,43427.0,2768.0,31357.0,14541.0,2416.0,1917.0,3461.0,8345.0,8752.0,133793.0
46950.0,103079.0,12343.0,15910.0,7809.0,7885.0,14806.0,582.0,22087.0,5706.0,274410.0
2643.0,2549.0,660.0,648.0,2624.0,515.0,823.0,280.0,553.0,661.0,13122.0
19.0,487.0,141.0,290.0,687.0,98.0,106.0,319.0,277.0,584.0,3505.0
97.0,151.0,31.0,28.0,67.0,43.0,19.0,23.0,76.0,129.0,839.0
98458.0,122506.0,29014.0,27895.0,106437.0,27570.0,34587.0,14268.0,63624.0,50337.0,663109.0
4855.0,6208.0,2459.0,7809.0,5965.0,3063.0,2187.0,1426.0,4050.0,8741.0,62288.0
39.0,671.0,212.0,715.0,1022.0,135.0,141.0,133.0,467.0,580.0,4770.0
4669.0,2797.0,1452.0,713.0,2788.0,362.0,1135.0,905.0,2733.0,1773.0,24221.0
39.0,526.0,142.0,296.0,777.0,144.0,88.0,230.0,334.0,438.0,3717.0
625.0,1182.0,255.0,964.0,2225.0,332.0,124.0,135.0,442.0,875.0,8874.0
110.0,157.0,33.0,29.0,75.0,51.0,20.0,28.0,74.0,121.0,877.0
8793.0,11615.0,5322.0,10689.0,9221.0,3986.0,4447.0,3100.0,6701.0,23822.0,114433.0
2679.0,2752.0,702.0,853.0,2866.0,791.0,873.0,283.0,641.0,783.0,14687.0
429.0,553.0,439.0,641.0,436.0,567.0,131.0,165.0,375.0,1142.0,6890.0
4602.0,7893.0,1358.0,1593.0,1109.0,1033.0,736.0,1015.0,2692.0,3636.0,31684.0
34.0,672.0,212.0,711.0,1017.0,131.0,143.0,138.0,453.0,587.0,4763.0
3323.0,2776.0,782.0,941.0,2515.0,697.0,672.0,665.0,902.0,1823.0,17718.0
230.0,5829.0,1992.0,2456.0,8828.0,1114.0,1817.0,225.0,2137.0,3671.0,32290.0
19223.0,28667.0,81823.0,97657.0,54471.0,23955.0,29360.0,78004.0,13547.0,84373.0,717506.0
2720.0,2649.0,689.0,1257.0,2728.0,540.0,846.0,283.0,607.0,751.0,14491.0
49284.0,50646.0,15707.0,77965.0,36851.0,27697.0,12893.0,11212.0,39319.0,82170.0,528556.0
2894.0,3141.0,972.0,5624.0,2836.0,726.0,715.0,754.0,1271.0,3171.0,26122.0
406.0,635.0,156.0,1786.0,573.0,343.0,165.0,68.0,299.0,601.0,6199.0
35.0,1449.0,376.0,222.0,1536.0,273.0,296.0,401.0,388.0,1311.0,7085.0
3169.0,6777.0,1272.0,1723.0,6289.0,844.0,1796.0,776.0,7187.0,1987.0,37597.0
2679.0,2828.0,940.0,10166.0,2336.0,924.0,782.0,780.0,1153.0,2874.0,29189.0
2145.0,1180.0,830.0,371.0,562.0,1264.0,386.0,669.0,1079.0,3995.0,15688.0
191.0,2678.0,693.0,2494.0,3150.0,568.0,438.0,1023.0,1144.0,2966.0,19261.0
1825.0,2610.0,730.0,6372.0,1968.0,564.0,565.0,458.0,1103.0,2080.0,21824.0
17188.0,36358.0,7084.0,14434.0,31460.0,9064.0,5095.0,5619.0,25276.0,14868.0,221938.0
921.0,832.0,4214.0,7926.0,8043.0,17091.0,4057.0,156.0,8292.0,17357.0,77742.0
57245.0,90703.0,21772.0,72598.0,71212.0,18992.0,28649.0,5527.0,51672.0,35679.0,585737.0
3048.0,3554.0,990.0,6960.0,2599.0,775.0,923.0,1405.0,1418.0,3308.0,29229.0
493.0,1480.0,216.0,894.0,403.0,349.0,138.0,232.0,483.0,2022.0,9037.0
3337.0,7195.0,1395.0,1826.0,6434.0,835.0,1879.0,856.0,7292.0,2355.0,39615.0
7979.0,13013.0,3230.0,13791.0,11952.0,3664.0,3717.0,17756.0,9205.0,7511.0,119092.0
1015.0,1630.0,376.0,4996.0,1094.0,351.0,228.0,385.0,639.0,1282.0,14605.0
77.0,764.0,318.0,1874.0,1705.0,194.0,122.0,187.0,379.0,1637.0,9520.0
110.0,157.0,33.0,29.0,75.0,51.0,20.0,28.0,74.0,121.0,877.0
7861.0,8802.0,928.0,2882.0,3335.0,1682.0,1426.0,449.0,7568.0,3062.0,44780.0
1409.0,1703.0,439.0,6584.0,1196.0,1086.0,291.0,568.0,906.0,2223.0,19513.0
52.0,1286.0,402.0,515.0,1671.0,249.0,288.0,271.0,639.0,1010.0,7542.0
61678.0,71657.0,23157.0,149172.0,54336.0,15329.0,20976.0,6523.0,19666.0,51087.0,523246.0
2643.0,2549.0,660.0,648.0,2624.0,515.0,823.0,280.0,553.0,661.0,13122.0
38.0,671.0,211.0,704.0,998.0,138.0,135.0,134.0,472.0,577.0,4741.0
3048.0,3554.0,990.0,6960.0,2599.0,775.0,923.0,1405.0,1418.0,3308.0,29229.0
2912.0,4012.0,1404.0,2741.0,2737.0,1961.0,679.0,866.0,1558.0,7565.0,34620.0
233.0,222.0,59.0,141.0,124.0,58.0,57.0,122.0,175.0,208.0,1725.0
18156.0,3530.0,1196.0,38886.0,3420.0,1186.0,1105.0,555.0,2858.0,17317.0,96640.0
84.0,785.0,320.0,1905.0,1698.0,190.0,118.0,184.0,371.0,1636.0,9560.0
11136.0,48940.0,7805.0,8065.0,8250.0,4579.0,2160.0,1729.0,3862.0,20009.0,133380.0
19505.0,40173.0,7443.0,15748.0,34401.0,10516.0,5816.0,6572.0,28129.0,17401.0,248118.0
59.0,802.0,274.0,259.0,1378.0,179.0,233.0,312.0,428.0,787.0,5607.0
2715.0,2644.0,698.0,927.0,2733.0,586.0,867.0,293.0,614.0,787.0,14464.0
3340.0,3027.0,966.0,988.0,2303.0,562.0,785.0,476.0,1275.0,1656.0,17337.0
2643.0,2549.0,660.0,648.0,2624.0,515.0,823.0,280.0,553.0,661.0,13122.0
271.0,565.0,95.0,2751.0,686.0,175.0,91.0,62.0,178.0,718.0,6892.0
3436.0,4188.0,898.0,2170.0,165.0,2315.0,192.0,6586.0,1521.0,6541.0,32162.0
8286.0,10248.0,4630.0,7698.0,5727.0,7377.0,2320.0,2071.0,5264.0,23588.0,98722.0
3172.0,6866.0,1306.0,1695.0,6235.0,837.0,1805.0,771.0,6917.0,1997.0,37604.0
1494.0,1770.0,384.0,6583.0,1142.0,1094.0,310.0,576.0,900.0,2190.0,19491.0
7454.0,9406.0,944.0,3032.0,3266.0,1613.0,1367.0,438.0,6977.0,3104.0,45567.0
1494.0,1770.0,384.0,6583.0,1142.0,1094.0,310.0,576.0,900.0,2190.0,19491.0
113830.0,160049.0,45136.0,182908.0,136557.0,45317.0,55819.0,33297.0,103526.0,162786.0,1365750.0
111.0,1708.0,753.0,436.0,2781.0,325.0,544.0,155.0,494.0,1123.0,10137.0
3340.0,3026.0,960.0,983.0,2302.0,554.0,779.0,479.0,1279.0,1650.0,17307.0
27867.0,30901.0,8791.0,101628.0,22535.0,6091.0,8498.0,2422.0,9901.0,12780.0,246454.0
2224.0,1226.0,721.0,828.0,584.0,1085.0,330.0,934.0,1222.0,3319.0,15700.0
2715.0,2643.0,681.0,1339.0,2764.0,541.0,850.0,285.0,606.0,809.0,14657.0
12878.0,14006.0,2217.0,6445.0,7446.0,2457.0,3030.0,1126.0,10085.0,6554.0,81765.0
29.0,2479.0,248.0,310.0,1062.0,192.0,344.0,118.0,295.0,633.0,6560.0
24538.0,48250.0,13649.0,45990.0,48731.0,35751.0,8667.0,12107.0,43980.0,45765.0,440589.0
380.0,926.0,200.0,544.0,410.0,128.0,136.0,69.0,402.0,307.0,4174.0
14826.0,30240.0,6072.0,13127.0,26112.0,7467.0,4944.0,4298.0,21100.0,12833.0,187022.0
4225.0,8213.0,1672.0,3238.0,7679.0,1134.0,2301.0,876.0,8279.0,2595.0,48596.0
113247.0,153772.0,44474.0,122471.0,118940.0,51865.0,53594.0,69899.0,99000.0,196589.0,1297422.0
38694.0,55105.0,15554.0,56820.0,54694.0,12781.0,20120.0,3715.0,39673.0,25878.0,422885.0
17717.0,37199.0,7399.0,15267.0,32302.0,9279.0,5493.0,5681.0,25726.0,15332.0,228680.0
98159.0,220703.0,25536.0,26263.0,9835.0,15942.0,30552.0,602.0,43617.0,6016.0,546267.0
5236.0,9423.0,2350.0,9747.0,7969.0,2842.0,2296.0,17461.0,6431.0,5591.0,89642.0
65.0,1271.0,604.0,719.0,2354.0,316.0,298.0,173.0,523.0,1134.0,8636.0
6864.0,3706.0,2085.0,790.0,4659.0,593.0,879.0,1562.0,3540.0,2818.0,35373.0
41.0,798.0,436.0,327.0,1343.0,231.0,188.0,809.0,538.0,1547.0,7346.0
3312.0,2772.0,777.0,948.0,2518.0,690.0,663.0,662.0,899.0,1815.0,17691.0
474.0,633.0,105.0,164.0,218.0,216.0,96.0,10.0,201.0,217.0,2836.0
2776.0,3005.0,896.0,8805.0,2304.0,694.0,607.0,818.0,1171.0,2838.0,27746.0
50119.0,50912.0,16046.0,77949.0,36321.0,29234.0,12761.0,11381.0,39092.0,81639.0,529705.0
398.0,606.0,206.0,3172.0,544.0,136.0,94.0,68.0,359.0,492.0,7102.0
625.0,1182.0,255.0,964.0,2225.0,332.0,124.0,135.0,442.0,875.0,8874.0
8064.0,15204.0,2933.0,11049.0,7453.0,6562.0,2893.0,1072.0,5648.0,8735.0,90434.0
10788.0,21080.0,2176.0,2866.0,549.0,5739.0,470.0,26587.0,5469.0,14890.0,103008.0
29.0,2458.0,250.0,302.0,1056.0,198.0,333.0,120.0,302.0,629.0,6527.0
45.0,1422.0,250.0,1058.0,1821.0,152.0,245.0,373.0,341.0,841.0,7437.0
13144.0,6052.0,5100.0,15286.0,16169.0,4676.0,6763.0,3777.0,3048.0,22514.0,152911.0
7068.0,8223.0,2533.0,10254.0,7398.0,2075.0,3085.0,1525.0,5860.0,16699.0,89916.0
2719.0,2710.0,693.0,1132.0,2801.0,604.0,849.0,292.0,657.0,849.0,14908.0
56.0,938.0,305.0,477.0,1476.0,246.0,201.0,483.0,503.0,1109.0,7044.0
49.0,929.0,319.0,467.0,1465.0,238.0,200.0,481.0,507.0,1106.0,7018.0
2632.0,2543.0,644.0,633.0,2643.0,527.0,825.0,280.0,542.0,648.0,13043.0
42.0,1416.0,258.0,1066.0,1835.0,148.0,232.0,370.0,333.0,842.0,7447.0
479.0,631.0,102.0,161.0,223.0,213.0,93.0,10.0,200.0,217.0,2830.0
1011.0,1052.0,824.0,19296.0,4473.0,974.0,582.0,261.0,836.0,1306.0,37460.0
2686.0,2954.0,698.0,1313.0,2713.0,582.0,845.0,292.0,611.0,801.0,15184.0
6362.0,7156.0,930.0,2786.0,2780.0,1622.0,1217.0,480.0,5451.0,3042.0,37883.0
33.0,911.0,642.0,378.0,1873.0,220.0,267.0,667.0,461.0,2108.0,8617.0
244366.0,204284.0,59152.0,125533.0,199456.0,44327.0,83313.0,32013.0,117085.0,108911.0,1511865.0
866.0,437.0,341.0,136.0,233.0,583.0,183.0,308.0,513.0,1725.0,6701.0
19223.0,28667.0,81823.0,97657.0,54471.0,23955.0,29360.0,78004.0,13547.0,84373.0,717506.0
14274.0,12629.0,3591.0,8789.0,10865.0,2441.0,2618.0,1710.0,4955.0,7287.0,79318.0
31426.0,39809.0,10241.0,271202.0,32021.0,20853.0,11483.0,10955.0,15009.0,46035.0,546768.0
98.0,1785.0,810.0,923.0,3531.0,404.0,423.0,270.0,700.0,1339.0,11850.0
59.0,820.0,278.0,265.0,1395.0,184.0,226.0,327.0,447.0,795.0,5728.0
110.0,157.0,33.0,29.0,75.0,51.0,20.0,28.0,74.0,121.0,877.0
1835.0,1423.0,677.0,797.0,469.0,1361.0,272.0,517.0,903.0,4552.0,16347.0
3048.0,3554.0,990.0,6960.0,2599.0,775.0,923.0,1405.0,1418.0,3308.0,29229.0
22.0,514.0,137.0,279.0,686.0,102.0,102.0,318.0,280.0,581.0,3515.0
30359.0,16759.0,22826.0,7897.0,23313.0,18875.0,14315.0,3002.0,18691.0,25652.0,232162.0
21.0,491.0,141.0,265.0,709.0,95.0,117.0,318.0,279.0,587.0,3505.0
2737.0,2648.0,672.0,951.0,2941.0,572.0,849.0,305.0,600.0,803.0,14868.0
7286.0,7840.0,2073.0,2574.0,5315.0,1870.0,1933.0,2204.0,3325.0,4570.0,45495.0
319.0,683.0,151.0,2995.0,672.0,312.0,124.0,66.0,238.0,900.0,7893.0
1060.0,1894.0,412.0,6446.0,1188.0,402.0,476.0,963.0,881.0,1856.0,18588.0
800.0,1377.0,340.0,7999.0,890.0,953.0,279.0,206.0,611.0,1987.0,18067.0
12154.0,8706.0,1612.0,39837.0,15608.0,2719.0,1936.0,1011.0,3755.0,9780.0,122869.0
21.0,491.0,130.0,275.0,694.0,92.0,105.0,316.0,291.0,591.0,3497.0
4662.0,2810.0,1456.0,714.0,2785.0,363.0,1130.0,903.0,2733.0,1777.0,24216.0
55.0,930.0,301.0,466.0,1466.0,241.0,196.0,485.0,511.0,1104.0,7024.0
33184.0,41546.0,15281.0,38413.0,37748.0,10340.0,17442.0,6336.0,18733.0,23253.0,282305.0
855.0,895.0,259.0,2307.0,584.0,194.0,190.0,51.0,533.0,663.0,7920.0
118811.0,119968.0,34696.0,41377.0,86469.0,24408.0,47973.0,17322.0,42756.0,52747.0,666250.0
19223.0,28667.0,81823.0,97657.0,54471.0,23955.0,29360.0,78004.0,13547.0,84373.0,717506.0
17983.0,27922.0,7375.0,26011.0,23049.0,6659.0,5540.0,9438.0,24845.0,25693.0,237733.0
482.0,586.0,920.0,488.0,353.0,246.0,1324.0,191.0,296.0,682.0,6738.0
6937.0,3901.0,2245.0,15930.0,4749.0,2176.0,5093.0,1298.0,3442.0,11017.0,75904.0
69.0,1272.0,604.0,711.0,2361.0,320.0,292.0,177.0,533.0,1133.0,8632.0
21017.0,18528.0,13847.0,18142.0,16310.0,22910.0,10561.0,9619.0,14541.0,70138.0,273294.0
143.0,4343.0,982.0,839.0,6340.0,954.0,1355.0,1269.0,2074.0,4192.0,25694.0
2791.0,2735.0,750.0,858.0,2784.0,626.0,878.0,291.0,659.0,685.0,14747.0
33.0,1445.0,381.0,229.0,1550.0,261.0,293.0,403.0,391.0,1314.0,7107.0
156.0,2264.0,547.0,1880.0,3236.0,679.0,690.0,207.0,1342.0,1203.0,15540.0
106.0,154.0,29.0,36.0,66.0,38.0,23.0,24.0,76.0,112.0,842.0
80.0,777.0,321.0,1905.0,1699.0,179.0,120.0,183.0,381.0,1636.0,9551.0
18168.0,3542.0,1189.0,38888.0,3426.0,1187.0,1101.0,570.0,2868.0,17324.0,96703.0
429.0,553.0,439.0,641.0,436.0,567.0,131.0,165.0,375.0,1142.0,6890.0
1671.0,1745.0,572.0,1542.0,1525.0,734.0,560.0,316.0,1311.0,1733.0,15272.0
18169.0,3544.0,1192.0,38889.0,3424.0,1192.0,1100.0,571.0,2865.0,17318.0,96701.0
3115.0,5744.0,1541.0,25592.0,4580.0,3900.0,1132.0,1018.0,2455.0,17213.0,93063.0
1257.0,591.0,453.0,248.0,390.0,789.0,159.0,389.0,672.0,2366.0,9285.0
71702.0,161478.0,18376.0,18989.0,7226.0,11681.0,22105.0,464.0,31653.0,4796.0,399298.0
2718.0,2607.0,697.0,784.0,2784.0,571.0,862.0,289.0,624.0,761.0,14251.0
50116.0,50772.0,16003.0,78000.0,36035.0,29233.0,12790.0,11416.0,38984.0,81611.0,529371.0
12866.0,13977.0,2214.0,6430.0,7449.0,2456.0,3039.0,1124.0,10085.0,6551.0,81698.0
15455.0,31635.0,6337.0,12557.0,28199.0,8593.0,4650.0,5202.0,23695.0,15031.0,200104.0
3246.0,3510.0,1171.0,2670.0,2639.0,684.0,883.0,479.0,1310.0,1794.0,21351.0
35.0,523.0,133.0,305.0,792.0,141.0,96.0,234.0,337.0,433.0,3729.0
83983.0,80575.0,23120.0,25190.0,62991.0,19049.0,33489.0,20270.0,35318.0,39548.0,482951.0
1336.0,1932.0,506.0,1960.0,2038.0,519.0,662.0,119.0,1372.0,783.0,14760.0
89.0,2227.0,622.0,376.0,3212.0,400.0,686.0,828.0,909.0,1708.0,12687.0
36.0,674.0,205.0,708.0,1010.0,143.0,143.0,134.0,452.0,580.0,4750.0
8793.0,11615.0,5322.0,10689.0,9221.0,3986.0,4447.0,3100.0,6701.0,23822.0,114433.0
3334.0,3029.0,960.0,979.0,2319.0,558.0,786.0,478.0,1269.0,1658.0,17329.0
2342.0,1153.0,925.0,554.0,962.0,1816.0,396.0,623.0,1036.0,4643.0,18523.0
2484.0,4412.0,631.0,583.0,268.0,424.0,729.0,161.0,1307.0,735.0,13990.0
1261.0,1747.0,393.0,1414.0,1382.0,524.0,478.0,77.0,1152.0,723.0,11850.0
247190.0,282820.0,79812.0,119048.0,146483.0,54731.0,113365.0,17831.0,122864.0,165059.0,1576618.0
456.0,212.0,167.0,76.0,95.0,227.0,51.0,129.0,288.0,834.0,3208.0
4016.0,2473.0,1591.0,1153.0,1363.0,3069.0,857.0,1291.0,2095.0,8248.0,33043.0
2746.0,2794.0,693.0,1603.0,2913.0,531.0,837.0,286.0,627.0,885.0,15396.0
