disassembled_number_of_lines,disassembled_line_length_49,disassembled_line_length_56,disassembled_line_length_44,disassembled_line_length_55,disassembled_line_length_43,disassembled_line_length_62,disassembled_line_length_59,disassembled_line_length_45,disassembled_line_length_63
1061094.0,131650.0,96992.0,150081.0,50364.0,29170.0,14261.0,10121.0,14179.0,5457.0
1576618.0,146484.0,122864.0,282821.0,113365.0,18388.0,8061.0,2904.0,3504.0,2786.0
1576616.0,146483.0,122863.0,282820.0,113365.0,18388.0,8060.0,2904.0,3504.0,2786.0
794423.0,78635.0,64261.0,105544.0,34899.0,18971.0,7426.0,5216.0,7562.0,2922.0
1576621.0,146485.0,122863.0,282820.0,113366.0,18388.0,8060.0,2904.0,3504.0,2785.0
666256.0,86472.0,42756.0,119966.0,47976.0,6316.0,3649.0,1863.0,5185.0,975.0
716595.0,72673.0,59802.0,80831.0,30218.0,18533.0,7049.0,5040.0,6779.0,2814.0
1286598.0,130381.0,98925.0,135151.0,51077.0,32975.0,13723.0,9621.0,12617.0,5836.0
748018.0,96952.0,70904.0,96488.0,35212.0,22059.0,10877.0,7726.0,10456.0,4178.0
1576616.0,146484.0,122865.0,282819.0,113365.0,18388.0,8060.0,2904.0,3504.0,2785.0
1576619.0,146483.0,122863.0,282822.0,113365.0,18388.0,8060.0,2904.0,3504.0,2785.0
1360571.0,56518.0,81004.0,129795.0,31449.0,25449.0,2619.0,1325.0,2549.0,816.0
13253.0,335.0,1135.0,941.0,266.0,647.0,58.0,108.0,6.0,19.0
13252.0,335.0,1134.0,939.0,264.0,647.0,58.0,108.0,6.0,19.0
13247.0,336.0,1133.0,941.0,265.0,648.0,58.0,106.0,6.0,19.0
13249.0,338.0,1133.0,940.0,264.0,649.0,58.0,106.0,6.0,19.0
115275.0,10680.0,7347.0,29952.0,6740.0,1113.0,776.0,416.0,1177.0,275.0
1576624.0,146484.0,122864.0,282821.0,113365.0,18388.0,8060.0,2904.0,3504.0,2785.0
13247.0,337.0,1134.0,941.0,265.0,648.0,58.0,106.0,6.0,19.0
433124.0,56104.0,40657.0,56083.0,20686.0,12625.0,6162.0,4398.0,5894.0,2427.0
1362679.0,129795.0,106048.0,145228.0,55631.0,38372.0,11354.0,8102.0,10880.0,4578.0
1576620.0,146482.0,122863.0,282821.0,113365.0,18388.0,8060.0,2904.0,3504.0,2785.0
13248.0,334.0,1134.0,937.0,265.0,648.0,58.0,108.0,6.0,19.0
630346.0,77379.0,56528.0,96629.0,30492.0,16613.0,8246.0,5938.0,8267.0,3200.0
13254.0,335.0,1135.0,943.0,264.0,648.0,58.0,108.0,6.0,19.0
13245.0,336.0,1134.0,941.0,264.0,648.0,58.0,106.0,6.0,19.0
13252.0,336.0,1135.0,940.0,264.0,647.0,58.0,108.0,6.0,19.0
915714.0,116550.0,82597.0,134165.0,45357.0,24739.0,12191.0,8721.0,12352.0,4782.0
13249.0,334.0,1135.0,940.0,264.0,647.0,58.0,108.0,6.0,19.0
13251.0,334.0,1136.0,941.0,264.0,647.0,58.0,108.0,6.0,19.0
13252.0,336.0,1134.0,940.0,264.0,647.0,58.0,108.0,6.0,19.0
518613.0,66567.0,48384.0,66929.0,24495.0,14913.0,7319.0,5234.0,6956.0,2888.0
13254.0,336.0,1134.0,940.0,264.0,647.0,58.0,108.0,7.0,19.0
1576615.0,146483.0,122863.0,282819.0,113365.0,18388.0,8060.0,2904.0,3504.0,2785.0
1576619.0,146485.0,122863.0,282822.0,113365.0,18388.0,8060.0,2904.0,3504.0,2785.0
13254.0,335.0,1134.0,942.0,265.0,647.0,58.0,108.0,6.0,19.0
961833.0,80371.0,56261.0,87625.0,30040.0,22316.0,7432.0,5081.0,9413.0,3010.0
440869.0,52988.0,38548.0,71835.0,22005.0,10906.0,5528.0,3836.0,5649.0,2125.0
13249.0,333.0,1134.0,939.0,265.0,647.0,58.0,108.0,6.0,19.0
1576619.0,146485.0,122863.0,282821.0,113365.0,18388.0,8060.0,2904.0,3504.0,2785.0
1582.0,126.0,209.0,254.0,22.0,2.0,2.0,2.0,31.0,2.0
1576620.0,146483.0,122863.0,282821.0,113366.0,18388.0,8060.0,2904.0,3504.0,2785.0
666257.0,86474.0,42756.0,119965.0,47974.0,6317.0,3649.0,1863.0,5186.0,975.0
791980.0,102799.0,74699.0,102476.0,37394.0,23346.0,11369.0,8299.0,10702.0,4411.0
1576622.0,146485.0,122863.0,282822.0,113365.0,18388.0,8060.0,2904.0,3504.0,2785.0
508752.0,63351.0,42821.0,83657.0,25807.0,11739.0,6253.0,4109.0,6416.0,2407.0
1576616.0,146482.0,122863.0,282822.0,113366.0,18388.0,8060.0,2904.0,3504.0,2786.0
13247.0,338.0,1134.0,941.0,265.0,648.0,58.0,106.0,6.0,19.0
1576618.0,146484.0,122864.0,282820.0,113366.0,18388.0,8060.0,2904.0,3504.0,2785.0
666255.0,86471.0,42754.0,119967.0,47977.0,6316.0,3650.0,1864.0,5185.0,975.0
617558.0,80056.0,58188.0,79958.0,29347.0,18021.0,8820.0,6303.0,8334.0,3453.0
1576622.0,146483.0,122863.0,282822.0,113366.0,18388.0,8060.0,2904.0,3504.0,2785.0
666249.0,86465.0,42757.0,119970.0,47977.0,6315.0,3650.0,1863.0,5185.0,975.0
1576616.0,146484.0,122864.0,282820.0,113365.0,18388.0,8060.0,2904.0,3504.0,2785.0
2340.0,297.0,150.0,450.0,82.0,5.0,1.0,4.0,14.0,2.0
922941.0,107873.0,81069.0,129470.0,42438.0,24915.0,11268.0,7975.0,11055.0,4381.0
492053.0,59392.0,43248.0,78467.0,24574.0,12408.0,6204.0,4359.0,6363.0,2406.0
1039853.0,86312.0,60701.0,112318.0,34708.0,22745.0,7806.0,5257.0,10196.0,3118.0
914732.0,115605.0,83286.0,133675.0,44397.0,25013.0,12394.0,8792.0,12881.0,4731.0
1576615.0,146483.0,122863.0,282818.0,113365.0,18388.0,8060.0,2905.0,3504.0,2785.0
676768.0,69230.0,57617.0,120935.0,56529.0,6051.0,3528.0,1483.0,5540.0,1182.0
933364.0,115474.0,84673.0,134461.0,44699.0,25586.0,12388.0,8910.0,12094.0,4789.0
1206215.0,132268.0,95612.0,154862.0,52995.0,37452.0,12516.0,9229.0,12987.0,4905.0
666250.0,86467.0,42759.0,119964.0,47974.0,6315.0,3651.0,1863.0,5185.0,975.0
1389605.0,131845.0,106253.0,167943.0,56949.0,36723.0,11670.0,8485.0,11916.0,4696.0
666254.0,86473.0,42757.0,119963.0,47976.0,6315.0,3650.0,1863.0,5185.0,975.0
596370.0,54222.0,39366.0,122157.0,19631.0,8060.0,4401.0,3274.0,4498.0,1819.0
1576622.0,146486.0,122864.0,282821.0,113365.0,18388.0,8060.0,2904.0,3504.0,2785.0
1576620.0,146484.0,122863.0,282820.0,113366.0,18388.0,8060.0,2904.0,3505.0,2785.0
1576618.0,146483.0,122863.0,282821.0,113366.0,18388.0,8060.0,2904.0,3504.0,2785.0
1045288.0,119504.0,95067.0,125905.0,44097.0,28093.0,12923.0,9311.0,12604.0,5037.0
585892.0,56873.0,42027.0,80175.0,24236.0,11583.0,6118.0,3986.0,5702.0,2221.0
742152.0,92266.0,67173.0,110606.0,36022.0,19995.0,9861.0,7093.0,9861.0,3824.0
666257.0,86477.0,42754.0,119970.0,47975.0,6315.0,3649.0,1863.0,5185.0,975.0
1216989.0,96734.0,76579.0,160505.0,40678.0,21659.0,9627.0,7174.0,10492.0,3457.0
664652.0,86333.0,62733.0,85913.0,31354.0,19566.0,9487.0,6917.0,9078.0,3716.0
1162523.0,120186.0,94057.0,128557.0,48936.0,34384.0,11090.0,7914.0,10558.0,4441.0
1576620.0,146483.0,122863.0,282821.0,113367.0,18388.0,8060.0,2904.0,3504.0,2785.0
1576616.0,146483.0,122866.0,282819.0,113365.0,18388.0,8061.0,2904.0,3504.0,2785.0
666137.0,86478.0,42768.0,119918.0,47964.0,6313.0,3650.0,1838.0,5182.0,974.0
13247.0,333.0,1136.0,938.0,264.0,647.0,58.0,109.0,6.0,19.0
13252.0,337.0,1135.0,940.0,264.0,648.0,58.0,108.0,6.0,19.0
495539.0,60191.0,43690.0,78823.0,24707.0,12591.0,6302.0,4424.0,6435.0,2410.0
1441482.0,135883.0,110581.0,170041.0,60343.0,38845.0,11705.0,8302.0,11660.0,4664.0
1075577.0,111233.0,105828.0,111743.0,40857.0,26426.0,12177.0,8429.0,12739.0,5292.0
957853.0,120323.0,87692.0,138391.0,46134.0,26439.0,13030.0,9366.0,12722.0,5039.0
786180.0,97987.0,71365.0,116229.0,38223.0,21234.0,10509.0,7437.0,10342.0,4057.0
654874.0,80426.0,58863.0,99635.0,31804.0,17286.0,8522.0,6075.0,8621.0,3350.0
13253.0,337.0,1134.0,941.0,264.0,647.0,58.0,108.0,6.0,19.0
918538.0,115214.0,83951.0,133295.0,44439.0,25234.0,12448.0,8970.0,12160.0,4836.0
767913.0,98684.0,72080.0,98446.0,35915.0,22559.0,10833.0,7759.0,10200.0,4214.0
13243.0,337.0,1133.0,938.0,266.0,648.0,58.0,106.0,6.0,19.0
510625.0,62035.0,45097.0,80776.0,25354.0,13054.0,6536.0,4574.0,6677.0,2535.0
970186.0,122051.0,88619.0,139762.0,46734.0,26806.0,13243.0,9353.0,12920.0,5032.0
1576619.0,146486.0,122863.0,282818.0,113365.0,18388.0,8060.0,2904.0,3504.0,2785.0
825519.0,102885.0,75344.0,121182.0,39880.0,22488.0,11251.0,7902.0,11239.0,4286.0
1127038.0,142490.0,104029.0,159389.0,54114.0,31671.0,15523.0,10935.0,15557.0,5910.0
1576621.0,146484.0,122863.0,282820.0,113365.0,18388.0,8060.0,2904.0,3504.0,2785.0
1576621.0,146486.0,122863.0,282820.0,113365.0,18388.0,8060.0,2904.0,3504.0,2785.0
507782.0,65233.0,47215.0,65952.0,23967.0,14767.0,7146.0,5116.0,6861.0,2772.0
418038.0,54260.0,39250.0,54130.0,20039.0,12162.0,5928.0,4248.0,5652.0,2302.0
831881.0,107905.0,78973.0,107170.0,39214.0,24650.0,12018.0,8665.0,11688.0,4604.0
1576620.0,146482.0,122863.0,282821.0,113366.0,18388.0,8060.0,2904.0,3504.0,2785.0
70516.0,8872.0,6064.0,9473.0,3631.0,1659.0,865.0,609.0,912.0,336.0
867012.0,52788.0,33974.0,83483.0,31074.0,5910.0,2136.0,9505.0,1301.0,482.0
666256.0,86471.0,42754.0,119969.0,47975.0,6315.0,3650.0,1863.0,5186.0,975.0
1576621.0,146484.0,122863.0,282821.0,113365.0,18388.0,8060.0,2904.0,3504.0,2785.0
13245.0,336.0,1134.0,940.0,264.0,648.0,58.0,106.0,6.0,19.0
1576617.0,146483.0,122863.0,282819.0,113365.0,18388.0,8061.0,2904.0,3504.0,2785.0
147991.0,14803.0,10503.0,34166.0,8298.0,2088.0,1239.0,785.0,1693.0,444.0
1576617.0,146484.0,122863.0,282819.0,113365.0,18388.0,8061.0,2904.0,3504.0,2785.0
1277489.0,47778.0,73618.0,119812.0,27965.0,23517.0,1714.0,661.0,1615.0,447.0
1023571.0,133061.0,96807.0,132039.0,48116.0,30293.0,14862.0,10683.0,13952.0,5715.0
666140.0,86473.0,42770.0,119917.0,47966.0,6314.0,3650.0,1837.0,5183.0,974.0
1576619.0,146483.0,122865.0,282821.0,113366.0,18388.0,8060.0,2904.0,3504.0,2785.0
643585.0,71480.0,54542.0,94184.0,29124.0,16689.0,7216.0,5126.0,7269.0,2805.0
1576620.0,146484.0,122863.0,282820.0,113365.0,18388.0,8060.0,2904.0,3505.0,2785.0
801289.0,104339.0,75554.0,103547.0,37800.0,23466.0,11507.0,8278.0,10870.0,4401.0
845466.0,101940.0,76630.0,104777.0,37771.0,24486.0,10894.0,7799.0,10275.0,4273.0
601045.0,77366.0,36948.0,107936.0,43531.0,5909.0,3406.0,1773.0,4451.0,894.0
1576619.0,146484.0,122864.0,282818.0,113365.0,18388.0,8060.0,2904.0,3504.0,2785.0
970161.0,71537.0,68759.0,107915.0,31255.0,37700.0,6641.0,7191.0,4403.0,1620.0
13249.0,337.0,1134.0,942.0,264.0,648.0,58.0,106.0,6.0,19.0
666134.0,86471.0,42771.0,119917.0,47964.0,6313.0,3650.0,1837.0,5182.0,974.0
1576619.0,146484.0,122864.0,282820.0,113365.0,18388.0,8061.0,2904.0,3504.0,2785.0
851692.0,110572.0,80600.0,110030.0,40165.0,25103.0,12184.0,8894.0,11532.0,4756.0
13244.0,335.0,1134.0,940.0,264.0,648.0,58.0,106.0,6.0,19.0
1576616.0,146483.0,122864.0,282819.0,113365.0,18388.0,8061.0,2904.0,3504.0,2785.0
523039.0,65952.0,36669.0,83535.0,33693.0,4791.0,1782.0,2086.0,4136.0,453.0
976528.0,112456.0,87189.0,118681.0,42904.0,26926.0,11833.0,8654.0,11180.0,4652.0
12779.0,1408.0,1112.0,1885.0,521.0,390.0,176.0,96.0,146.0,41.0
1357526.0,129814.0,100779.0,156764.0,56761.0,37263.0,11984.0,8710.0,11491.0,4603.0
42174.0,9474.0,2961.0,6036.0,1467.0,615.0,309.0,214.0,492.0,126.0
1062954.0,138433.0,100522.0,136891.0,49932.0,31531.0,15399.0,11105.0,14575.0,5899.0
2841.0,220.0,200.0,638.0,92.0,22.0,9.0,3.0,25.0,0.0
508188.0,50939.0,37581.0,55469.0,19568.0,11154.0,5742.0,3810.0,4919.0,2113.0
55649.0,7376.0,2982.0,10329.0,3276.0,293.0,325.0,143.0,609.0,92.0
347511.0,38385.0,18616.0,27450.0,10385.0,11209.0,1149.0,307.0,1516.0,345.0
14938.0,1665.0,1346.0,2098.0,616.0,403.0,213.0,112.0,178.0,56.0
666140.0,86476.0,42770.0,119917.0,47965.0,6313.0,3651.0,1837.0,5183.0,975.0
779746.0,96630.0,70395.0,114953.0,37944.0,20976.0,10347.0,7243.0,10087.0,3951.0
151478.0,21708.0,9951.0,23386.0,8185.0,1423.0,753.0,318.0,975.0,249.0
666256.0,86471.0,42757.0,119968.0,47977.0,6315.0,3650.0,1864.0,5185.0,976.0
601144.0,77365.0,36933.0,107979.0,43528.0,5912.0,3404.0,1789.0,4453.0,900.0
19385.0,4268.0,1581.0,2997.0,803.0,407.0,174.0,136.0,240.0,51.0
152918.0,16166.0,3049.0,6054.0,6766.0,12521.0,145.0,150.0,281.0,26.0
237236.0,33761.0,18229.0,36922.0,23829.0,1062.0,1606.0,636.0,1697.0,428.0
120718.0,16243.0,6589.0,10584.0,3508.0,5544.0,865.0,815.0,975.0,304.0
601153.0,77365.0,36937.0,107985.0,43525.0,5912.0,3404.0,1788.0,4452.0,899.0
2842.0,219.0,200.0,642.0,95.0,22.0,9.0,3.0,25.0,0.0
39871.0,4780.0,2621.0,6619.0,1883.0,675.0,295.0,196.0,423.0,88.0
232155.0,49941.0,16336.0,51977.0,8934.0,3055.0,1194.0,648.0,1601.0,428.0
105939.0,8945.0,4408.0,9352.0,3979.0,1824.0,378.0,197.0,2103.0,552.0
869480.0,108731.0,79139.0,127169.0,42062.0,23775.0,11743.0,8475.0,11484.0,4519.0
1576618.0,146484.0,122863.0,282820.0,113365.0,18388.0,8060.0,2904.0,3504.0,2785.0
10177.0,1066.0,638.0,2332.0,298.0,48.0,52.0,10.0,83.0,3.0
134076.0,14671.0,8376.0,43479.0,1930.0,763.0,406.0,230.0,1079.0,203.0
504229.0,75129.0,35779.0,83901.0,42734.0,2008.0,2465.0,1384.0,3561.0,643.0
275587.0,37080.0,21161.0,47993.0,19394.0,1310.0,766.0,260.0,550.0,264.0
39038.0,4418.0,2371.0,6238.0,1381.0,636.0,240.0,187.0,433.0,84.0
492173.0,59618.0,43386.0,78395.0,24497.0,12466.0,6279.0,4388.0,6395.0,2422.0
1576622.0,146486.0,122863.0,282820.0,113366.0,18388.0,8060.0,2904.0,3504.0,2785.0
1311624.0,125853.0,101795.0,143192.0,52266.0,36288.0,11294.0,8306.0,11131.0,4587.0
15396.0,3261.0,1345.0,2160.0,614.0,357.0,176.0,122.0,186.0,55.0
5050.0,511.0,335.0,947.0,178.0,34.0,26.0,12.0,46.0,4.0
477194.0,62510.0,33989.0,80130.0,33342.0,3889.0,1559.0,1439.0,1319.0,427.0
7433.0,850.0,581.0,1207.0,293.0,176.0,93.0,52.0,75.0,19.0
42454.0,9511.0,2957.0,6068.0,1470.0,627.0,319.0,224.0,522.0,118.0
1576618.0,146482.0,122864.0,282821.0,113366.0,18388.0,8060.0,2904.0,3504.0,2786.0
663915.0,84215.0,42803.0,120779.0,47704.0,6182.0,3425.0,1819.0,5107.0,943.0
1054003.0,118389.0,91628.0,143374.0,47571.0,27355.0,12207.0,8830.0,11960.0,4760.0
1359772.0,346868.0,117205.0,189906.0,94231.0,10629.0,14446.0,3246.0,12616.0,1375.0
32736.0,6317.0,2210.0,3668.0,594.0,223.0,69.0,42.0,224.0,19.0
1044964.0,111135.0,85049.0,117094.0,44533.0,29438.0,11295.0,8233.0,10490.0,4374.0
695059.0,85986.0,62628.0,104651.0,34015.0,18450.0,9194.0,6479.0,9117.0,3561.0
140915.0,4029.0,2930.0,10478.0,1171.0,433.0,270.0,153.0,707.0,68.0
62971.0,6192.0,4240.0,7972.0,1620.0,923.0,267.0,97.0,294.0,55.0
2831.0,216.0,199.0,631.0,95.0,22.0,9.0,3.0,25.0,0.0
38934.0,4758.0,2502.0,6565.0,1872.0,656.0,253.0,150.0,431.0,78.0
673846.0,60154.0,43805.0,146850.0,24298.0,8489.0,4775.0,3450.0,5279.0,1927.0
2835.0,221.0,200.0,636.0,94.0,22.0,9.0,4.0,25.0,0.0
1140883.0,144413.0,105002.0,161639.0,54624.0,31973.0,15778.0,11289.0,15364.0,6010.0
55649.0,7376.0,2982.0,10329.0,3276.0,293.0,325.0,143.0,609.0,92.0
542876.0,67826.0,38668.0,87100.0,35017.0,5151.0,1994.0,1854.0,2274.0,650.0
15398.0,2694.0,589.0,2770.0,842.0,33.0,48.0,35.0,89.0,16.0
363392.0,40363.0,33921.0,55848.0,6066.0,4754.0,3235.0,963.0,4915.0,562.0
15187.0,2797.0,583.0,2863.0,842.0,70.0,53.0,87.0,135.0,8.0
25867.0,4696.0,1301.0,3394.0,776.0,319.0,145.0,121.0,394.0,42.0
198282.0,28076.0,23605.0,31482.0,4697.0,2499.0,2540.0,819.0,2926.0,582.0
178233.0,26028.0,11381.0,26500.0,15288.0,1596.0,1226.0,563.0,1668.0,361.0
14014.0,2672.0,601.0,2595.0,868.0,46.0,52.0,30.0,56.0,12.0
666131.0,86478.0,42770.0,119914.0,47970.0,6313.0,3650.0,1837.0,5182.0,975.0
1185148.0,107928.0,89469.0,123250.0,47628.0,33127.0,8946.0,6473.0,8646.0,3646.0
301760.0,31516.0,25641.0,44752.0,4969.0,4398.0,2438.0,811.0,3929.0,409.0
14826.0,2869.0,652.0,2759.0,872.0,39.0,43.0,26.0,42.0,8.0
13122.0,2624.0,553.0,2549.0,823.0,33.0,39.0,25.0,41.0,8.0
14700.0,2639.0,557.0,2704.0,837.0,47.0,40.0,26.0,43.0,8.0
592457.0,73755.0,27998.0,68066.0,28517.0,5651.0,1849.0,1190.0,4751.0,804.0
14897.0,2781.0,643.0,2634.0,903.0,37.0,68.0,30.0,58.0,10.0
300036.0,31284.0,25363.0,44384.0,4961.0,4377.0,2432.0,801.0,3934.0,409.0
14312.0,2726.0,608.0,2773.0,841.0,46.0,44.0,34.0,81.0,13.0
14659.0,2808.0,664.0,2692.0,852.0,78.0,44.0,36.0,118.0,12.0
1101474.0,139041.0,101286.0,156787.0,52807.0,30735.0,15241.0,10867.0,14739.0,5826.0
13043.0,2643.0,542.0,2543.0,825.0,27.0,47.0,19.0,37.0,9.0
14702.0,2692.0,639.0,2591.0,984.0,35.0,45.0,27.0,47.0,8.0
13684.0,2630.0,556.0,2554.0,823.0,36.0,39.0,25.0,104.0,8.0
14784.0,2744.0,627.0,2699.0,879.0,69.0,55.0,30.0,51.0,9.0
55426.0,6377.0,3103.0,9743.0,2507.0,232.0,281.0,73.0,551.0,81.0
241041.0,34765.0,27932.0,39569.0,6175.0,2962.0,2966.0,1147.0,3918.0,615.0
223297.0,31521.0,25481.0,36411.0,5318.0,2792.0,2851.0,983.0,3442.0,557.0
642441.0,70889.0,46599.0,92326.0,39620.0,4728.0,2658.0,2017.0,3032.0,859.0
717506.0,54471.0,13547.0,28667.0,29360.0,7049.0,886.0,2016.0,2102.0,366.0
13122.0,2624.0,553.0,2549.0,823.0,33.0,39.0,25.0,41.0,8.0
15307.0,2811.0,552.0,2622.0,823.0,36.0,39.0,35.0,42.0,8.0
103940.0,6356.0,2824.0,7321.0,2236.0,3998.0,737.0,657.0,589.0,413.0
37804.0,2794.0,5452.0,7149.0,1214.0,233.0,134.0,186.0,577.0,34.0
48668.0,7697.0,8261.0,8284.0,2306.0,458.0,251.0,251.0,492.0,96.0
81738.0,7455.0,10092.0,14010.0,3042.0,1084.0,528.0,470.0,913.0,208.0
450096.0,58584.0,32592.0,76474.0,32095.0,2784.0,1219.0,1219.0,990.0,319.0
24189.0,2173.0,2290.0,2556.0,653.0,539.0,189.0,120.0,146.0,56.0
42438.0,9490.0,2975.0,6100.0,1471.0,640.0,285.0,243.0,526.0,134.0
45515.0,3252.0,6985.0,9392.0,1373.0,293.0,210.0,197.0,696.0,48.0
13991.0,2684.0,582.0,2615.0,847.0,39.0,39.0,30.0,76.0,18.0
224959.0,31812.0,25604.0,36724.0,5373.0,2791.0,2837.0,1081.0,3528.0,577.0
2840.0,217.0,200.0,639.0,96.0,23.0,9.0,3.0,25.0,0.0
2835.0,224.0,203.0,633.0,95.0,22.0,9.0,3.0,25.0,0.0
151506.0,21700.0,9942.0,23391.0,8201.0,1448.0,751.0,314.0,980.0,246.0
14683.0,2662.0,579.0,2644.0,828.0,77.0,40.0,30.0,49.0,12.0
15097.0,2679.0,553.0,2613.0,828.0,33.0,39.0,47.0,41.0,8.0
45538.0,3277.0,6986.0,9382.0,1358.0,297.0,205.0,204.0,699.0,44.0
45562.0,3282.0,7001.0,9376.0,1349.0,300.0,211.0,204.0,692.0,44.0
14548.0,2741.0,679.0,2736.0,861.0,44.0,53.0,37.0,108.0,14.0
37685.0,6244.0,6941.0,6875.0,1789.0,126.0,85.0,144.0,353.0,47.0
14471.0,2679.0,573.0,2603.0,828.0,33.0,39.0,43.0,41.0,8.0
45528.0,3259.0,7013.0,9354.0,1346.0,304.0,211.0,210.0,691.0,45.0
114433.0,9221.0,6701.0,11615.0,4447.0,2422.0,884.0,848.0,972.0,423.0
8874.0,2225.0,442.0,1182.0,124.0,117.0,89.0,65.0,74.0,11.0
15084.0,2731.0,699.0,2721.0,856.0,38.0,44.0,30.0,95.0,14.0
143748.0,11124.0,11065.0,25965.0,3393.0,1729.0,612.0,753.0,1105.0,353.0
879034.0,134777.0,50590.0,111232.0,34757.0,8677.0,3115.0,1505.0,6375.0,948.0
717506.0,54471.0,13547.0,28667.0,29360.0,7049.0,886.0,2016.0,2102.0,366.0
15097.0,1798.0,1359.0,2095.0,648.0,379.0,176.0,104.0,223.0,48.0
37871.0,6264.0,6873.0,6851.0,1807.0,129.0,98.0,132.0,371.0,43.0
14412.0,2774.0,651.0,2625.0,866.0,52.0,54.0,34.0,97.0,14.0
151444.0,21682.0,9969.0,23364.0,8204.0,1442.0,752.0,303.0,970.0,247.0
37603.0,6292.0,7168.0,6783.0,1803.0,124.0,91.0,135.0,338.0,52.0
9247.0,779.0,549.0,1068.0,653.0,186.0,32.0,44.0,67.0,22.0
547584.0,32142.0,14981.0,39821.0,11568.0,13059.0,1001.0,721.0,3815.0,435.0
2840.0,219.0,200.0,638.0,94.0,22.0,9.0,3.0,26.0,0.0
287603.0,40334.0,33609.0,47285.0,6361.0,3038.0,3595.0,1171.0,4510.0,653.0
14934.0,1754.0,1285.0,2156.0,606.0,411.0,197.0,108.0,176.0,74.0
114433.0,9221.0,6701.0,11615.0,4447.0,2422.0,884.0,848.0,972.0,423.0
1576621.0,146486.0,122863.0,282823.0,113365.0,18388.0,8060.0,2904.0,3504.0,2785.0
14654.0,2787.0,655.0,2692.0,860.0,57.0,52.0,49.0,99.0,13.0
114433.0,9221.0,6701.0,11615.0,4447.0,2422.0,884.0,848.0,972.0,423.0
1153506.0,117215.0,110308.0,136491.0,45549.0,26868.0,12556.0,8613.0,13529.0,5403.0
586421.0,75442.0,71277.0,97137.0,11938.0,4887.0,4964.0,1651.0,10209.0,1057.0
666136.0,86472.0,42769.0,119918.0,47967.0,6318.0,3651.0,1837.0,5182.0,977.0
1166258.0,114929.0,48376.0,119268.0,36989.0,15232.0,7212.0,3219.0,9520.0,2518.0
14549.0,1743.0,1150.0,2752.0,545.0,100.0,48.0,27.0,235.0,25.0
9554.0,677.0,367.0,996.0,243.0,151.0,68.0,19.0,147.0,9.0
37580.0,6295.0,7206.0,6751.0,1791.0,133.0,94.0,142.0,343.0,48.0
43152.0,3299.0,6871.0,8200.0,1427.0,297.0,125.0,190.0,572.0,32.0
162560.0,21610.0,23129.0,24464.0,4953.0,2941.0,1700.0,808.0,2652.0,553.0
44758.0,3353.0,7580.0,8795.0,1414.0,274.0,111.0,223.0,640.0,33.0
15040.0,2756.0,640.0,2744.0,854.0,66.0,50.0,45.0,107.0,15.0
11365.0,512.0,1002.0,1102.0,141.0,403.0,175.0,11.0,188.0,152.0
7323.0,762.0,207.0,645.0,131.0,160.0,20.0,15.0,113.0,12.0
163220.0,21571.0,23123.0,24566.0,5190.0,3029.0,1669.0,758.0,2658.0,555.0
287311.0,40508.0,33675.0,47223.0,6301.0,3091.0,3555.0,1129.0,4475.0,671.0
14029.0,2694.0,575.0,2649.0,831.0,51.0,42.0,29.0,46.0,11.0
37892.0,2779.0,5447.0,7161.0,1229.0,232.0,126.0,185.0,572.0,36.0
55803.0,7386.0,2997.0,10360.0,3294.0,299.0,327.0,145.0,610.0,92.0
45140.0,3199.0,6889.0,9363.0,1352.0,330.0,199.0,192.0,713.0,46.0
15468.0,3296.0,1332.0,2192.0,620.0,358.0,199.0,129.0,197.0,56.0
37610.0,6221.0,6919.0,6865.0,1806.0,136.0,80.0,149.0,326.0,44.0
14902.0,2900.0,609.0,2578.0,839.0,233.0,50.0,30.0,51.0,11.0
11718.0,776.0,446.0,1120.0,270.0,209.0,84.0,19.0,161.0,7.0
14100.0,2758.0,606.0,2601.0,854.0,76.0,44.0,31.0,58.0,11.0
248343.0,34276.0,28174.0,40272.0,5722.0,3047.0,3288.0,1192.0,3970.0,637.0
523302.0,54403.0,19622.0,71705.0,20946.0,3671.0,1924.0,1940.0,6685.0,529.0
31684.0,1109.0,2692.0,7893.0,736.0,100.0,107.0,60.0,409.0,84.0
9247.0,779.0,549.0,1068.0,653.0,186.0,32.0,44.0,67.0,22.0
589192.0,68613.0,50687.0,89759.0,27647.0,15127.0,7027.0,5142.0,7146.0,2708.0
9488.0,510.0,282.0,593.0,113.0,1371.0,49.0,24.0,152.0,13.0
8895.0,898.0,615.0,1211.0,186.0,105.0,61.0,45.0,144.0,8.0
13987.0,2724.0,597.0,2631.0,844.0,45.0,42.0,29.0,68.0,10.0
13122.0,2624.0,553.0,2549.0,823.0,33.0,39.0,25.0,41.0,8.0
41011.0,6711.0,7542.0,7210.0,1969.0,234.0,142.0,186.0,383.0,60.0
271273.0,30504.0,16359.0,37068.0,12099.0,3591.0,2223.0,1779.0,4071.0,902.0
596114.0,72517.0,52824.0,91622.0,29163.0,15342.0,7693.0,5410.0,7739.0,2996.0
9488.0,510.0,282.0,593.0,113.0,1371.0,49.0,24.0,152.0,13.0
884844.0,74155.0,75305.0,107330.0,17861.0,12575.0,4332.0,3395.0,15772.0,1628.0
182290.0,25324.0,20723.0,29712.0,4753.0,2559.0,2155.0,892.0,2768.0,483.0
5973.0,564.0,278.0,519.0,171.0,247.0,21.0,28.0,55.0,14.0
7052.0,625.0,293.0,443.0,109.0,103.0,18.0,28.0,86.0,13.0
11365.0,512.0,1002.0,1102.0,141.0,403.0,175.0,11.0,188.0,152.0
35321.0,8200.0,3184.0,6498.0,961.0,215.0,188.0,86.0,365.0,109.0
37549.0,6273.0,7195.0,6746.0,1796.0,137.0,93.0,136.0,338.0,49.0
8568.0,1601.0,509.0,1353.0,144.0,128.0,40.0,50.0,36.0,22.0
6261.0,62.0,741.0,493.0,85.0,127.0,45.0,19.0,2.0,4.0
15695.0,2742.0,595.0,2739.0,875.0,37.0,57.0,30.0,52.0,17.0
15773.0,2679.0,585.0,2614.0,852.0,44.0,41.0,27.0,65.0,15.0
20848.0,2722.0,1122.0,3055.0,809.0,209.0,173.0,110.0,381.0,56.0
81755.0,7450.0,10088.0,14007.0,3033.0,1081.0,532.0,460.0,916.0,206.0
1576616.0,146484.0,122864.0,282819.0,113365.0,18388.0,8060.0,2904.0,3504.0,2785.0
41510.0,3050.0,6150.0,8348.0,1254.0,321.0,178.0,189.0,647.0,38.0
37918.0,2767.0,5410.0,7170.0,1222.0,241.0,129.0,187.0,576.0,42.0
9771.0,926.0,397.0,1020.0,266.0,190.0,61.0,39.0,99.0,14.0
20015.0,3164.0,1097.0,3215.0,752.0,194.0,196.0,100.0,202.0,59.0
7323.0,762.0,207.0,645.0,131.0,160.0,20.0,15.0,113.0,12.0
663473.0,83340.0,84377.0,104208.0,45878.0,4269.0,4324.0,1451.0,4630.0,896.0
37632.0,6304.0,7170.0,6779.0,1799.0,146.0,89.0,138.0,342.0,43.0
9554.0,677.0,367.0,996.0,243.0,151.0,68.0,19.0,147.0,9.0
37581.0,6289.0,7174.0,6769.0,1796.0,134.0,93.0,141.0,338.0,40.0
43452.0,3255.0,6563.0,8881.0,1329.0,306.0,201.0,196.0,695.0,45.0
81701.0,7448.0,10093.0,13978.0,3040.0,1091.0,528.0,463.0,918.0,207.0
124191.0,13205.0,9741.0,13651.0,3950.0,2269.0,993.0,740.0,1517.0,441.0
81750.0,7445.0,10099.0,14013.0,3046.0,1093.0,524.0,464.0,917.0,209.0
14683.0,2662.0,579.0,2644.0,828.0,77.0,40.0,30.0,49.0,12.0
14671.0,2877.0,629.0,2660.0,899.0,46.0,54.0,36.0,210.0,11.0
717506.0,54471.0,13547.0,28667.0,29360.0,7049.0,886.0,2016.0,2102.0,366.0
8475.0,861.0,205.0,1296.0,210.0,100.0,57.0,27.0,158.0,10.0
666259.0,86472.0,42753.0,119964.0,47974.0,6316.0,3651.0,1864.0,5185.0,976.0
41567.0,3058.0,6136.0,8364.0,1253.0,315.0,188.0,190.0,651.0,33.0
37640.0,6287.0,7182.0,6792.0,1790.0,140.0,86.0,139.0,337.0,41.0
8770.0,318.0,237.0,472.0,154.0,86.0,19.0,19.0,79.0,8.0
41496.0,3019.0,6131.0,8350.0,1267.0,317.0,179.0,190.0,650.0,36.0
15233.0,1761.0,1353.0,2232.0,651.0,448.0,196.0,130.0,196.0,70.0
122172.0,12682.0,9618.0,13269.0,3845.0,2213.0,966.0,706.0,1404.0,461.0
54343.0,6472.0,4888.0,7224.0,2355.0,1316.0,807.0,487.0,756.0,295.0
48630.0,7696.0,8269.0,8224.0,2319.0,472.0,253.0,258.0,495.0,98.0
7102.0,544.0,359.0,606.0,94.0,125.0,50.0,31.0,48.0,16.0
841037.0,109282.0,79511.0,108602.0,39771.0,24805.0,12074.0,8794.0,11377.0,4728.0
37567.0,6262.0,7201.0,6762.0,1786.0,142.0,88.0,136.0,341.0,47.0
41025.0,6737.0,7540.0,7184.0,1972.0,223.0,132.0,180.0,388.0,64.0
162512.0,22894.0,18750.0,25841.0,4543.0,2331.0,1881.0,762.0,2702.0,470.0
14176.0,2711.0,606.0,2618.0,834.0,184.0,39.0,32.0,83.0,10.0
45506.0,3258.0,7002.0,9336.0,1359.0,303.0,216.0,198.0,700.0,44.0
13122.0,2624.0,553.0,2549.0,823.0,33.0,39.0,25.0,41.0,8.0
27297.0,1854.0,2167.0,7044.0,647.0,289.0,101.0,57.0,400.0,58.0
15353.0,2853.0,733.0,2575.0,868.0,43.0,46.0,28.0,66.0,9.0
125851.0,13399.0,9802.0,13907.0,4056.0,2296.0,1007.0,782.0,1559.0,436.0
27304.0,3619.0,2735.0,3573.0,1235.0,853.0,362.0,255.0,362.0,141.0
7052.0,625.0,293.0,443.0,109.0,103.0,18.0,28.0,86.0,13.0
9554.0,677.0,367.0,996.0,243.0,151.0,68.0,19.0,147.0,9.0
48631.0,7699.0,8254.0,8251.0,2312.0,454.0,262.0,262.0,494.0,98.0
542240.0,109740.0,47402.0,81767.0,30983.0,4104.0,2778.0,1287.0,5108.0,1157.0
11834.0,858.0,1051.0,2029.0,220.0,77.0,138.0,10.0,194.0,154.0
53247.0,11109.0,4165.0,7971.0,1883.0,988.0,471.0,366.0,1079.0,206.0
14688.0,2802.0,627.0,2710.0,876.0,86.0,60.0,36.0,82.0,9.0
14804.0,2695.0,611.0,2641.0,824.0,53.0,62.0,25.0,42.0,10.0
839.0,67.0,76.0,151.0,19.0,0.0,1.0,1.0,17.0,0.0
37809.0,6231.0,6889.0,6822.0,1808.0,122.0,88.0,142.0,366.0,44.0
240814.0,16317.0,12343.0,25552.0,6211.0,4911.0,2036.0,3625.0,2226.0,686.0
18564.0,1125.0,802.0,1790.0,467.0,486.0,91.0,93.0,138.0,19.0
15285.0,1767.0,1350.0,2264.0,677.0,431.0,186.0,98.0,212.0,60.0
81747.0,7433.0,10082.0,13994.0,3038.0,1090.0,527.0,463.0,924.0,205.0
183569.0,25302.0,20852.0,30044.0,4826.0,2563.0,2260.0,923.0,2725.0,549.0
14596.0,2729.0,603.0,2623.0,864.0,95.0,48.0,54.0,48.0,9.0
14491.0,2716.0,643.0,2769.0,847.0,54.0,48.0,29.0,73.0,8.0
48643.0,7675.0,8266.0,8259.0,2305.0,457.0,262.0,260.0,496.0,91.0
15472.0,3286.0,1367.0,2219.0,637.0,366.0,169.0,131.0,196.0,65.0
14850.0,2634.0,562.0,2544.0,825.0,33.0,56.0,21.0,39.0,13.0
2835.0,221.0,200.0,633.0,92.0,23.0,9.0,3.0,25.0,0.0
1842522.0,168674.0,108595.0,226661.0,95701.0,25465.0,12411.0,6613.0,26273.0,3946.0
154180.0,17752.0,11163.0,11953.0,3999.0,5587.0,2411.0,865.0,1711.0,417.0
38972.0,4675.0,2581.0,6550.0,1840.0,644.0,250.0,167.0,432.0,73.0
131882.0,10403.0,6673.0,14897.0,3572.0,2276.0,890.0,736.0,1692.0,237.0
217975.0,14880.0,10967.0,16227.0,4785.0,3472.0,1759.0,864.0,1459.0,659.0
886269.0,74287.0,75446.0,107496.0,17880.0,12627.0,4355.0,3464.0,15812.0,1666.0
3196.0,94.0,286.0,210.0,51.0,107.0,14.0,30.0,7.0,4.0
24084.0,1444.0,926.0,2195.0,474.0,544.0,98.0,82.0,322.0,17.0
988882.0,95956.0,40308.0,102647.0,28643.0,14854.0,6466.0,3097.0,8651.0,2347.0
44613.0,3937.0,1757.0,3372.0,2191.0,565.0,169.0,126.0,355.0,76.0
14305.0,2754.0,622.0,2667.0,850.0,60.0,48.0,35.0,61.0,11.0
37548.0,6260.0,7176.0,6794.0,1786.0,134.0,98.0,140.0,338.0,48.0
6440.0,427.0,266.0,447.0,118.0,121.0,14.0,17.0,38.0,5.0
2577.0,44.0,277.0,197.0,37.0,41.0,27.0,17.0,2.0,0.0
528738.0,36141.0,39270.0,50288.0,12895.0,17218.0,3426.0,3739.0,6116.0,1518.0
8895.0,898.0,615.0,1211.0,186.0,105.0,61.0,45.0,144.0,8.0
45257.0,3394.0,7662.0,9056.0,1424.0,281.0,95.0,201.0,627.0,35.0
7920.0,584.0,533.0,895.0,190.0,148.0,68.0,47.0,94.0,20.0
15577.0,2738.0,573.0,2714.0,832.0,97.0,47.0,29.0,85.0,8.0
37880.0,6265.0,6883.0,6869.0,1823.0,127.0,93.0,138.0,355.0,41.0
78601.0,949.0,1172.0,1693.0,351.0,964.0,40.0,140.0,71.0,74.0
13043.0,2643.0,542.0,2543.0,825.0,27.0,47.0,19.0,37.0,9.0
14831.0,2687.0,601.0,2713.0,1018.0,40.0,43.0,31.0,60.0,10.0
15965.0,462.0,809.0,1388.0,286.0,942.0,48.0,86.0,11.0,8.0
10584.0,529.0,996.0,2499.0,130.0,64.0,105.0,13.0,148.0,137.0
708680.0,92058.0,66925.0,91536.0,33555.0,20805.0,10135.0,7261.0,9560.0,3949.0
4174.0,410.0,402.0,926.0,136.0,68.0,31.0,21.0,44.0,15.0
2410.0,38.0,298.0,216.0,31.0,37.0,20.0,22.0,3.0,2.0
162860.0,21490.0,23009.0,24606.0,5046.0,2955.0,1655.0,813.0,2631.0,561.0
81745.0,7460.0,10097.0,13999.0,3041.0,1084.0,533.0,463.0,918.0,205.0
12531.0,541.0,294.0,901.0,191.0,526.0,37.0,21.0,114.0,78.0
13043.0,2643.0,542.0,2543.0,825.0,27.0,47.0,19.0,37.0,9.0
124492.0,32598.0,9943.0,22888.0,6275.0,1655.0,800.0,493.0,1295.0,573.0
15062.0,2801.0,653.0,2689.0,858.0,87.0,55.0,47.0,69.0,13.0
34620.0,2737.0,1558.0,4012.0,679.0,1737.0,87.0,91.0,160.0,67.0
14528.0,1115.0,642.0,1533.0,212.0,276.0,107.0,127.0,264.0,12.0
44770.0,3349.0,7575.0,8784.0,1426.0,271.0,109.0,226.0,634.0,34.0
552293.0,2620.0,22132.0,91567.0,936.0,924.0,295.0,222.0,287.0,99.0
45207.0,2556.0,3751.0,8523.0,1407.0,962.0,315.0,315.0,240.0,124.0
37579.0,6270.0,7190.0,6773.0,1790.0,136.0,89.0,140.0,336.0,48.0
123459.0,13073.0,9760.0,13563.0,3897.0,2266.0,963.0,731.0,1494.0,427.0
29059.0,2422.0,1151.0,2732.0,776.0,416.0,165.0,41.0,264.0,46.0
32507.0,2995.0,1441.0,3900.0,1035.0,403.0,273.0,107.0,313.0,69.0
10590.0,1036.0,806.0,1837.0,605.0,198.0,84.0,36.0,72.0,19.0
126945.0,7085.0,2750.0,10509.0,1073.0,2657.0,923.0,320.0,1090.0,110.0
6738.0,353.0,296.0,586.0,1324.0,272.0,27.0,40.0,45.0,6.0
13122.0,2624.0,553.0,2549.0,823.0,33.0,39.0,25.0,41.0,8.0
18014.0,1760.0,1594.0,2512.0,686.0,436.0,141.0,108.0,69.0,21.0
14903.0,1100.0,638.0,1684.0,273.0,323.0,91.0,125.0,253.0,15.0
28126.0,251.0,1254.0,8617.0,123.0,116.0,56.0,43.0,36.0,7.0
48514.0,1732.0,3804.0,3750.0,1231.0,3047.0,188.0,370.0,146.0,49.0
15994.0,1849.0,1485.0,2293.0,728.0,405.0,188.0,178.0,216.0,74.0
523540.0,54416.0,19625.0,71795.0,20957.0,3656.0,1963.0,1927.0,6675.0,524.0
19296.0,4306.0,1564.0,2978.0,752.0,388.0,181.0,124.0,258.0,60.0
178645.0,13908.0,9889.0,17092.0,3107.0,3350.0,872.0,911.0,1867.0,450.0
24084.0,1444.0,926.0,2195.0,474.0,544.0,98.0,82.0,322.0,17.0
57213.0,7193.0,5569.0,7489.0,2213.0,1373.0,707.0,469.0,829.0,246.0
23936.0,718.0,1426.0,2142.0,504.0,1466.0,132.0,137.0,89.0,35.0
16451.0,949.0,764.0,1531.0,235.0,220.0,99.0,68.0,213.0,32.0
842.0,66.0,76.0,154.0,23.0,2.0,2.0,1.0,16.0,0.0
609451.0,88424.0,34545.0,80595.0,33475.0,37593.0,4026.0,1498.0,1310.0,475.0
14558.0,2776.0,655.0,2710.0,850.0,45.0,43.0,39.0,102.0,19.0
104178.0,1081.0,4795.0,9810.0,978.0,3889.0,180.0,222.0,42.0,63.0
14304.0,2665.0,611.0,2707.0,848.0,43.0,52.0,27.0,73.0,10.0
44790.0,3345.0,7564.0,8762.0,1423.0,271.0,107.0,232.0,638.0,35.0
414306.0,44314.0,34941.0,56062.0,7650.0,6616.0,3534.0,1281.0,5007.0,705.0
265721.0,5535.0,21190.0,104065.0,14506.0,2005.0,2052.0,800.0,4363.0,641.0
19125.0,862.0,623.0,1315.0,184.0,191.0,69.0,55.0,238.0,13.0
14580.0,1121.0,673.0,1460.0,223.0,323.0,85.0,147.0,251.0,22.0
24932.0,2698.0,1205.0,3292.0,850.0,338.0,199.0,191.0,370.0,38.0
18277.0,878.0,651.0,1308.0,322.0,748.0,83.0,42.0,223.0,24.0
14527.0,2815.0,634.0,2627.0,835.0,68.0,49.0,33.0,71.0,14.0
80234.0,7922.0,4765.0,8462.0,4363.0,1166.0,560.0,330.0,648.0,243.0
34792.0,2764.0,1575.0,4048.0,688.0,1746.0,88.0,91.0,162.0,69.0
2840.0,220.0,200.0,637.0,95.0,25.0,9.0,3.0,25.0,0.0
842.0,66.0,76.0,154.0,23.0,2.0,2.0,1.0,16.0,0.0
545944.0,9737.0,43756.0,220577.0,30485.0,3405.0,4015.0,1428.0,8888.0,1393.0
24932.0,2698.0,1205.0,3292.0,850.0,338.0,199.0,191.0,370.0,38.0
22811.0,147.0,172.0,220.0,45.0,93.0,5.0,31.0,62.0,1.0
7920.0,584.0,533.0,895.0,190.0,148.0,68.0,47.0,94.0,20.0
842.0,66.0,76.0,154.0,23.0,2.0,2.0,1.0,16.0,0.0
73894.0,7964.0,6001.0,7970.0,2793.0,1827.0,1107.0,797.0,830.0,313.0
81298.0,8146.0,4990.0,8376.0,4436.0,1228.0,564.0,364.0,596.0,253.0
18564.0,1125.0,802.0,1790.0,467.0,486.0,91.0,93.0,138.0,19.0
173713.0,44543.0,10452.0,29188.0,13717.0,1441.0,1238.0,526.0,1248.0,382.0
7102.0,544.0,359.0,606.0,94.0,125.0,50.0,31.0,48.0,16.0
695468.0,82673.0,81002.0,127065.0,7105.0,5621.0,4528.0,1181.0,12481.0,1683.0
31684.0,1109.0,2692.0,7893.0,736.0,100.0,107.0,60.0,409.0,84.0
128574.0,8409.0,6271.0,8935.0,3067.0,1728.0,687.0,530.0,831.0,1024.0
839.0,67.0,76.0,151.0,19.0,0.0,1.0,1.0,17.0,0.0
2842.0,218.0,200.0,636.0,95.0,24.0,10.0,3.0,25.0,0.0
26383.0,2909.0,1232.0,3263.0,759.0,373.0,206.0,145.0,362.0,47.0
11834.0,858.0,1051.0,2029.0,220.0,77.0,138.0,10.0,194.0,154.0
45316.0,3238.0,6966.0,9352.0,1358.0,293.0,207.0,204.0,687.0,49.0
37630.0,6272.0,7181.0,6785.0,1795.0,140.0,88.0,138.0,345.0,47.0
37657.0,6213.0,6939.0,6850.0,1804.0,142.0,74.0,143.0,352.0,49.0
81735.0,7452.0,10089.0,14008.0,3042.0,1089.0,526.0,466.0,920.0,209.0
529436.0,36133.0,39100.0,51006.0,12909.0,17317.0,3545.0,3849.0,6076.0,1490.0
6890.0,436.0,375.0,553.0,131.0,146.0,28.0,35.0,46.0,13.0
14657.0,2764.0,606.0,2643.0,850.0,75.0,47.0,34.0,92.0,8.0
81756.0,7456.0,10078.0,14002.0,3039.0,1083.0,528.0,466.0,919.0,211.0
303451.0,21862.0,15755.0,23425.0,7425.0,8649.0,2028.0,2257.0,3426.0,813.0
14786.0,2882.0,626.0,2573.0,856.0,37.0,41.0,36.0,44.0,10.0
51019.0,1941.0,3305.0,4726.0,1006.0,3183.0,272.0,326.0,160.0,102.0
13884.0,2685.0,567.0,2578.0,835.0,82.0,40.0,27.0,48.0,8.0
13410.0,1265.0,518.0,1405.0,205.0,248.0,116.0,95.0,178.0,18.0
29229.0,2599.0,1418.0,3554.0,923.0,534.0,189.0,89.0,293.0,43.0
6345.0,425.0,270.0,426.0,127.0,120.0,19.0,22.0,45.0,3.0
45924.0,1147.0,4810.0,3692.0,1204.0,2920.0,288.0,441.0,185.0,61.0
365164.0,44172.0,36863.0,46991.0,19002.0,3343.0,10314.0,691.0,3291.0,3121.0
67052.0,6697.0,4755.0,6852.0,2230.0,1692.0,721.0,455.0,821.0,316.0
251403.0,34927.0,28473.0,40624.0,5996.0,3202.0,3285.0,1193.0,3992.0,667.0
37629.0,6276.0,7178.0,6773.0,1788.0,132.0,90.0,146.0,339.0,48.0
18083.0,1043.0,855.0,1598.0,339.0,320.0,116.0,60.0,189.0,23.0
18277.0,557.0,1525.0,1122.0,298.0,580.0,91.0,69.0,57.0,27.0
8646.0,466.0,334.0,1341.0,120.0,110.0,82.0,53.0,123.0,5.0
20680.0,966.0,1012.0,1637.0,380.0,357.0,102.0,63.0,193.0,25.0
169862.0,15516.0,13100.0,17303.0,15992.0,2084.0,625.0,921.0,375.0,222.0
13122.0,2624.0,553.0,2549.0,823.0,33.0,39.0,25.0,41.0,8.0
12983.0,2621.0,542.0,2542.0,824.0,32.0,38.0,21.0,39.0,8.0
14900.0,2850.0,566.0,2602.0,837.0,33.0,39.0,26.0,41.0,10.0
15039.0,2646.0,553.0,2598.0,831.0,35.0,53.0,30.0,41.0,8.0
1576619.0,146483.0,122865.0,282821.0,113366.0,18388.0,8060.0,2904.0,3504.0,2785.0
92003.0,9740.0,5258.0,14132.0,1912.0,960.0,526.0,616.0,2629.0,195.0
13191.0,1171.0,535.0,1401.0,206.0,264.0,107.0,106.0,216.0,14.0
114433.0,9221.0,6701.0,11615.0,4447.0,2422.0,884.0,848.0,972.0,423.0
15317.0,2932.0,616.0,2788.0,839.0,56.0,60.0,30.0,137.0,16.0
27182.0,3724.0,2587.0,3558.0,1286.0,838.0,359.0,261.0,370.0,137.0
5894.0,573.0,274.0,409.0,192.0,278.0,124.0,16.0,33.0,12.0
14681.0,1190.0,588.0,1534.0,212.0,294.0,94.0,141.0,252.0,34.0
9520.0,399.0,730.0,590.0,162.0,563.0,33.0,63.0,8.0,7.0
6301.0,584.0,364.0,930.0,161.0,126.0,35.0,13.0,66.0,15.0
417431.0,30222.0,21116.0,87235.0,10177.0,7532.0,3007.0,2062.0,3609.0,1134.0
717506.0,54471.0,13547.0,28667.0,29360.0,7049.0,886.0,2016.0,2102.0,366.0
7920.0,584.0,533.0,895.0,190.0,148.0,68.0,47.0,94.0,20.0
44385.0,3381.0,7594.0,8807.0,1410.0,267.0,107.0,204.0,613.0,35.0
825944.0,79397.0,27067.0,100687.0,38530.0,10477.0,6340.0,15327.0,7176.0,3794.0
546859.0,9787.0,43992.0,221511.0,30665.0,3461.0,4013.0,1474.0,8828.0,1354.0
124074.0,13112.0,9738.0,13654.0,3941.0,2278.0,1016.0,782.0,1510.0,415.0
183383.0,25257.0,20840.0,29850.0,4804.0,2708.0,2215.0,941.0,2809.0,545.0
162453.0,13874.0,11515.0,8275.0,5033.0,8160.0,1080.0,1874.0,214.0,237.0
15834.0,579.0,1225.0,1218.0,306.0,635.0,81.0,106.0,22.0,15.0
4174.0,410.0,402.0,926.0,136.0,68.0,31.0,21.0,44.0,15.0
14587.0,2884.0,648.0,2852.0,903.0,34.0,41.0,23.0,62.0,9.0
576661.0,76979.0,39552.0,111442.0,44980.0,2220.0,2695.0,1564.0,4159.0,726.0
19597.0,1803.0,940.0,2152.0,455.0,437.0,191.0,148.0,206.0,51.0
19106.0,681.0,1261.0,1924.0,383.0,1924.0,83.0,228.0,59.0,3.0
16908.0,1741.0,1375.0,3068.0,933.0,247.0,80.0,49.0,214.0,51.0
81758.0,7456.0,10086.0,14006.0,3035.0,1087.0,525.0,463.0,919.0,204.0
40351.0,1876.0,2933.0,11221.0,1642.0,539.0,294.0,183.0,657.0,109.0
14702.0,2685.0,611.0,2734.0,858.0,53.0,59.0,28.0,80.0,8.0
21824.0,1968.0,1103.0,2610.0,565.0,228.0,208.0,127.0,262.0,58.0
371702.0,34430.0,25909.0,32260.0,11597.0,11640.0,3418.0,2606.0,3211.0,1224.0
13915.0,656.0,962.0,1210.0,347.0,674.0,90.0,90.0,81.0,12.0
1038980.0,96619.0,76033.0,125225.0,42176.0,26294.0,8216.0,5759.0,8231.0,3198.0
7323.0,762.0,207.0,645.0,131.0,160.0,20.0,15.0,113.0,12.0
646099.0,76351.0,70421.0,103319.0,9554.0,6109.0,5722.0,1367.0,11336.0,746.0
511909.0,52934.0,18543.0,70186.0,20427.0,3297.0,1777.0,1820.0,6507.0,457.0
58129.0,4403.0,4017.0,4354.0,1733.0,3020.0,390.0,407.0,321.0,139.0
96696.0,3423.0,2865.0,3537.0,1099.0,962.0,405.0,289.0,817.0,130.0
13122.0,2624.0,553.0,2549.0,823.0,33.0,39.0,25.0,41.0,8.0
18849.0,852.0,1139.0,1202.0,431.0,1148.0,117.0,73.0,52.0,37.0
41505.0,3078.0,6122.0,8328.0,1257.0,314.0,173.0,194.0,654.0,36.0
41521.0,3039.0,6146.0,8363.0,1256.0,325.0,175.0,194.0,653.0,46.0
34620.0,2737.0,1558.0,4012.0,679.0,1737.0,87.0,91.0,160.0,67.0
877.0,75.0,74.0,157.0,20.0,2.0,2.0,0.0,17.0,1.0
15068.0,2865.0,610.0,2770.0,880.0,41.0,42.0,43.0,179.0,9.0
201935.0,10733.0,10518.0,22309.0,5225.0,3011.0,1013.0,1546.0,852.0,365.0
59453.0,3111.0,4206.0,11176.0,2070.0,857.0,413.0,277.0,2436.0,109.0
32063.0,2890.0,1432.0,3836.0,903.0,443.0,317.0,98.0,306.0,90.0
37822.0,2778.0,5432.0,7146.0,1219.0,233.0,136.0,183.0,577.0,33.0
47448.0,1537.0,2033.0,1919.0,859.0,1409.0,479.0,238.0,120.0,166.0
15751.0,1470.0,678.0,1787.0,445.0,158.0,100.0,118.0,154.0,29.0
15166.0,2624.0,555.0,2551.0,823.0,34.0,39.0,27.0,41.0,8.0
113135.0,14088.0,2294.0,8311.0,1789.0,6484.0,325.0,284.0,331.0,130.0
18564.0,1125.0,802.0,1790.0,467.0,486.0,91.0,93.0,138.0,19.0
9540.0,399.0,727.0,592.0,163.0,571.0,33.0,63.0,8.0,7.0
470804.0,12864.0,36627.0,175258.0,24839.0,3604.0,3698.0,1587.0,7112.0,1326.0
28986.0,2319.0,1170.0,2734.0,740.0,445.0,169.0,47.0,256.0,44.0
49801.0,6282.0,5076.0,5457.0,3128.0,978.0,439.0,360.0,447.0,313.0
13244.0,336.0,1133.0,940.0,265.0,648.0,58.0,106.0,6.0,19.0
15219.0,1019.0,1009.0,2678.0,271.0,251.0,143.0,65.0,1231.0,150.0
13122.0,2624.0,553.0,2549.0,823.0,33.0,39.0,25.0,41.0,8.0
7323.0,762.0,207.0,645.0,131.0,160.0,20.0,15.0,113.0,12.0
13122.0,2624.0,553.0,2549.0,823.0,33.0,39.0,25.0,41.0,8.0
238612.0,33651.0,27475.0,39206.0,5349.0,2816.0,3035.0,1065.0,3697.0,606.0
283230.0,37946.0,21683.0,48673.0,19591.0,1588.0,927.0,285.0,561.0,271.0
37568.0,6270.0,7173.0,6761.0,1798.0,138.0,86.0,143.0,341.0,45.0
9037.0,403.0,483.0,1480.0,138.0,1102.0,58.0,29.0,103.0,4.0
717506.0,54471.0,13547.0,28667.0,29360.0,7049.0,886.0,2016.0,2102.0,366.0
14979.0,1682.0,1364.0,2232.0,639.0,424.0,211.0,121.0,199.0,57.0
14945.0,1165.0,694.0,1844.0,266.0,344.0,99.0,111.0,215.0,23.0
48698.0,7687.0,8258.0,8259.0,2300.0,479.0,255.0,253.0,489.0,97.0
94963.0,11346.0,8412.0,10128.0,4891.0,2231.0,849.0,877.0,946.0,261.0
133962.0,14633.0,8288.0,43452.0,1863.0,812.0,425.0,237.0,1087.0,191.0
13122.0,2624.0,553.0,2549.0,823.0,33.0,39.0,25.0,41.0,8.0
120713.0,12551.0,9372.0,13285.0,3754.0,2175.0,998.0,720.0,1463.0,405.0
190258.0,26632.0,21535.0,30645.0,5158.0,2789.0,2273.0,961.0,2854.0,593.0
463970.0,62096.0,32915.0,78640.0,32619.0,2878.0,1215.0,1249.0,1256.0,311.0
1576621.0,146484.0,122864.0,282822.0,113365.0,18388.0,8060.0,2904.0,3505.0,2785.0
13122.0,2624.0,553.0,2549.0,823.0,33.0,39.0,25.0,41.0,8.0
80469.0,23125.0,4087.0,13440.0,6313.0,417.0,338.0,45.0,868.0,182.0
5894.0,573.0,274.0,409.0,192.0,278.0,124.0,16.0,33.0,12.0
185688.0,25697.0,20986.0,30043.0,4880.0,2737.0,2276.0,982.0,2823.0,553.0
5639.0,1390.0,421.0,817.0,235.0,41.0,17.0,9.0,92.0,6.0
9512.0,1697.0,382.0,771.0,122.0,366.0,60.0,23.0,144.0,31.0
1576618.0,146484.0,122863.0,282819.0,113366.0,18388.0,8060.0,2904.0,3504.0,2785.0
636041.0,79494.0,40015.0,114770.0,45477.0,6214.0,3384.0,1772.0,4852.0,929.0
5711.0,1378.0,442.0,815.0,230.0,48.0,20.0,12.0,91.0,2.0
62484.0,5217.0,4107.0,5948.0,1825.0,1874.0,1274.0,408.0,561.0,223.0
442255.0,49047.0,44088.0,48336.0,8776.0,21300.0,1372.0,1654.0,7428.0,926.0
7343.0,1357.0,554.0,798.0,196.0,24.0,15.0,12.0,56.0,14.0
32063.0,2890.0,1432.0,3836.0,903.0,443.0,317.0,98.0,306.0,90.0
6552.0,1043.0,310.0,2473.0,342.0,32.0,23.0,6.0,145.0,2.0
24932.0,2698.0,1205.0,3292.0,850.0,338.0,199.0,191.0,370.0,38.0
422173.0,52787.0,33857.0,50788.0,15663.0,4184.0,2302.0,1707.0,2278.0,747.0
12254.0,467.0,764.0,1127.0,274.0,604.0,33.0,99.0,12.0,8.0
10254.0,1012.0,324.0,665.0,91.0,93.0,16.0,13.0,45.0,6.0
178645.0,13908.0,9889.0,17092.0,3107.0,3350.0,872.0,911.0,1867.0,450.0
839.0,67.0,76.0,151.0,19.0,0.0,1.0,1.0,17.0,0.0
37596.0,6254.0,7172.0,6760.0,1788.0,158.0,85.0,142.0,356.0,43.0
3476.0,675.0,280.0,479.0,102.0,27.0,10.0,9.0,20.0,6.0
877.0,75.0,74.0,157.0,20.0,2.0,2.0,0.0,17.0,1.0
9247.0,779.0,549.0,1068.0,653.0,186.0,32.0,44.0,67.0,22.0
15046.0,2719.0,573.0,2565.0,845.0,255.0,51.0,34.0,51.0,10.0
523163.0,54406.0,19609.0,71649.0,20942.0,3650.0,1944.0,1923.0,6683.0,524.0
24084.0,1444.0,926.0,2195.0,474.0,544.0,98.0,82.0,322.0,17.0
6703.0,1559.0,425.0,513.0,132.0,93.0,23.0,25.0,14.0,39.0
45567.0,3273.0,6963.0,9371.0,1372.0,300.0,212.0,201.0,703.0,48.0
13410.0,1265.0,518.0,1405.0,205.0,248.0,116.0,95.0,178.0,18.0
9542.0,1695.0,379.0,775.0,126.0,374.0,61.0,21.0,144.0,26.0
8623.0,1885.0,452.0,925.0,266.0,16.0,31.0,10.0,45.0,12.0
373921.0,40734.0,35311.0,56902.0,6240.0,5028.0,2999.0,1063.0,5452.0,525.0
9247.0,779.0,549.0,1068.0,653.0,186.0,32.0,44.0,67.0,22.0
449914.0,58077.0,32627.0,75524.0,31977.0,2835.0,1272.0,1276.0,1147.0,386.0
90436.0,7452.0,5647.0,15204.0,2891.0,1217.0,640.0,1180.0,360.0,162.0
15902.0,1462.0,1050.0,1487.0,422.0,320.0,72.0,113.0,335.0,62.0
114433.0,9221.0,6701.0,11615.0,4447.0,2422.0,884.0,848.0,972.0,423.0
7355.0,1353.0,548.0,795.0,191.0,19.0,20.0,6.0,60.0,16.0
4299.0,832.0,327.0,675.0,146.0,18.0,18.0,7.0,40.0,4.0
32300.0,8851.0,2123.0,5849.0,1820.0,238.0,124.0,44.0,378.0,91.0
32261.0,8827.0,2128.0,5843.0,1821.0,240.0,122.0,43.0,376.0,88.0
6301.0,584.0,364.0,930.0,161.0,126.0,35.0,13.0,66.0,15.0
28986.0,2319.0,1170.0,2734.0,740.0,445.0,169.0,47.0,256.0,44.0
502994.0,61576.0,23347.0,72772.0,26558.0,2969.0,1427.0,2553.0,3226.0,478.0
279056.0,21425.0,16604.0,22016.0,8224.0,8016.0,2344.0,1880.0,2070.0,863.0
7102.0,544.0,359.0,606.0,94.0,125.0,50.0,31.0,48.0,16.0
547578.0,32066.0,15085.0,39952.0,11529.0,13022.0,1011.0,713.0,3803.0,454.0
41460.0,3025.0,6129.0,8323.0,1264.0,316.0,185.0,196.0,653.0,39.0
9771.0,926.0,397.0,1020.0,266.0,190.0,61.0,39.0,99.0,14.0
4243.0,562.0,246.0,1676.0,123.0,30.0,16.0,5.0,59.0,3.0
7920.0,584.0,533.0,895.0,190.0,148.0,68.0,47.0,94.0,20.0
297403.0,31278.0,26192.0,44821.0,4835.0,4255.0,2575.0,819.0,3958.0,449.0
877.0,75.0,74.0,157.0,20.0,2.0,2.0,0.0,17.0,1.0
595930.0,74767.0,9477.0,34656.0,10956.0,6880.0,124.0,4873.0,1692.0,163.0
7353.0,1349.0,545.0,814.0,195.0,16.0,16.0,13.0,60.0,18.0
49936.0,12603.0,3851.0,7715.0,2286.0,942.0,582.0,364.0,598.0,219.0
13043.0,2643.0,542.0,2543.0,825.0,27.0,47.0,19.0,37.0,9.0
198575.0,28040.0,23631.0,31572.0,4775.0,2488.0,2529.0,820.0,2955.0,578.0
6782.0,1072.0,194.0,1146.0,441.0,35.0,20.0,8.0,154.0,8.0
7052.0,625.0,293.0,443.0,109.0,103.0,18.0,28.0,86.0,13.0
11720.0,777.0,452.0,1126.0,275.0,209.0,84.0,19.0,158.0,7.0
2090.0,26.0,185.0,184.0,34.0,44.0,9.0,17.0,5.0,0.0
8895.0,898.0,615.0,1211.0,186.0,105.0,61.0,45.0,144.0,8.0
3739.0,791.0,349.0,511.0,89.0,15.0,21.0,8.0,43.0,9.0
1735.0,133.0,176.0,222.0,51.0,25.0,7.0,7.0,16.0,2.0
4116.0,359.0,322.0,491.0,104.0,138.0,28.0,14.0,58.0,9.0
3497.0,686.0,272.0,505.0,107.0,21.0,14.0,5.0,24.0,5.0
18564.0,1125.0,802.0,1790.0,467.0,486.0,91.0,93.0,138.0,19.0
5973.0,564.0,278.0,519.0,171.0,247.0,21.0,28.0,55.0,14.0
717506.0,54471.0,13547.0,28667.0,29360.0,7049.0,886.0,2016.0,2102.0,366.0
31684.0,1109.0,2692.0,7893.0,736.0,100.0,107.0,60.0,409.0,84.0
32290.0,8833.0,2136.0,5838.0,1827.0,242.0,122.0,44.0,373.0,90.0
13410.0,1265.0,518.0,1405.0,205.0,248.0,116.0,95.0,178.0,18.0
44758.0,3348.0,7559.0,8778.0,1436.0,271.0,112.0,226.0,635.0,34.0
3720.0,770.0,356.0,509.0,85.0,18.0,24.0,11.0,42.0,10.0
38951.0,4765.0,2564.0,6593.0,1807.0,642.0,251.0,152.0,419.0,70.0
928558.0,117606.0,82990.0,136057.0,45231.0,24500.0,12394.0,8595.0,11981.0,4763.0
5750.0,1381.0,444.0,835.0,238.0,48.0,21.0,15.0,97.0,2.0
7920.0,584.0,533.0,895.0,190.0,148.0,68.0,47.0,94.0,20.0
8770.0,318.0,237.0,472.0,154.0,86.0,19.0,19.0,79.0,8.0
9524.0,395.0,745.0,597.0,162.0,570.0,34.0,63.0,8.0,7.0
42440.0,2801.0,2522.0,3234.0,1072.0,3396.0,192.0,164.0,562.0,53.0
526420.0,35986.0,39335.0,50378.0,12977.0,17194.0,3492.0,3727.0,6110.0,1511.0
211519.0,23396.0,10265.0,25001.0,5397.0,2691.0,991.0,318.0,1403.0,333.0
16167.0,2751.0,568.0,2573.0,825.0,34.0,52.0,27.0,52.0,8.0
101563.0,3921.0,4179.0,24021.0,1259.0,885.0,252.0,2057.0,583.0,56.0
7021.0,1459.0,504.0,929.0,196.0,35.0,22.0,17.0,134.0,15.0
45217.0,3383.0,7660.0,9025.0,1428.0,275.0,103.0,198.0,634.0,31.0
19572.0,1189.0,882.0,1737.0,285.0,309.0,124.0,49.0,183.0,25.0
3523.0,703.0,286.0,501.0,106.0,21.0,16.0,4.0,24.0,4.0
1023065.0,54545.0,30883.0,57574.0,12267.0,11945.0,4281.0,3947.0,17648.0,1134.0
7463.0,1857.0,334.0,1413.0,237.0,29.0,19.0,58.0,74.0,8.0
239056.0,23257.0,24998.0,27885.0,5646.0,20160.0,1135.0,926.0,4549.0,449.0
10791.0,872.0,353.0,1637.0,266.0,168.0,64.0,38.0,127.0,14.0
12718.0,3233.0,907.0,2232.0,690.0,38.0,14.0,15.0,223.0,5.0
17346.0,2294.0,1267.0,3034.0,789.0,87.0,200.0,38.0,183.0,60.0
19572.0,1189.0,882.0,1737.0,285.0,309.0,124.0,49.0,183.0,25.0
839.0,67.0,76.0,151.0,19.0,0.0,1.0,1.0,17.0,0.0
666130.0,86474.0,42769.0,119915.0,47963.0,6314.0,3651.0,1838.0,5182.0,974.0
95788.0,6524.0,5695.0,11740.0,2004.0,3624.0,547.0,947.0,716.0,216.0
35854.0,8604.0,3008.0,5294.0,1756.0,74.0,162.0,47.0,301.0,189.0
9771.0,926.0,397.0,1020.0,266.0,190.0,61.0,39.0,99.0,14.0
546067.0,9827.0,43698.0,220731.0,31065.0,3390.0,3996.0,1438.0,8619.0,1382.0
79309.0,10872.0,4954.0,12620.0,2611.0,415.0,564.0,232.0,1113.0,203.0
37606.0,6290.0,7198.0,6776.0,1797.0,139.0,92.0,142.0,338.0,44.0
983191.0,125673.0,92513.0,125332.0,45673.0,28728.0,13882.0,9937.0,13391.0,5346.0
529920.0,36232.0,39006.0,51223.0,12782.0,17443.0,3519.0,3923.0,6092.0,1491.0
11979.0,485.0,838.0,726.0,243.0,641.0,34.0,85.0,9.0,12.0
666263.0,86470.0,42753.0,119972.0,47973.0,6316.0,3649.0,1863.0,5185.0,976.0
14260.0,1029.0,632.0,1423.0,377.0,304.0,118.0,51.0,201.0,24.0
3737.0,780.0,351.0,519.0,84.0,22.0,17.0,8.0,42.0,7.0
4174.0,410.0,402.0,926.0,136.0,68.0,31.0,21.0,44.0,15.0
20967.0,746.0,1433.0,1529.0,462.0,1080.0,103.0,154.0,21.0,16.0
41012.0,6703.0,7513.0,7211.0,1974.0,244.0,125.0,178.0,392.0,65.0
1724.0,138.0,180.0,226.0,61.0,20.0,10.0,4.0,18.0,2.0
21824.0,1968.0,1103.0,2610.0,565.0,228.0,208.0,127.0,262.0,58.0
70017.0,17187.0,4912.0,11056.0,3183.0,282.0,414.0,119.0,899.0,84.0
10584.0,529.0,996.0,2499.0,130.0,64.0,105.0,13.0,148.0,137.0
9230.0,2065.0,647.0,1635.0,261.0,39.0,33.0,20.0,183.0,10.0
12983.0,2621.0,542.0,2542.0,824.0,32.0,38.0,21.0,39.0,8.0
95785.0,6519.0,5693.0,11743.0,2004.0,3624.0,547.0,947.0,716.0,216.0
31093.0,3149.0,1866.0,4023.0,685.0,417.0,194.0,132.0,687.0,40.0
15568.0,2752.0,623.0,2749.0,844.0,45.0,40.0,42.0,110.0,21.0
8621.0,2356.0,536.0,1271.0,292.0,37.0,74.0,36.0,83.0,35.0
14491.0,2728.0,607.0,2649.0,846.0,59.0,44.0,40.0,51.0,8.0
7340.0,1353.0,547.0,807.0,193.0,22.0,23.0,10.0,57.0,17.0
13190.0,2628.0,560.0,2551.0,826.0,33.0,40.0,26.0,41.0,8.0
3744.0,788.0,356.0,517.0,89.0,25.0,21.0,13.0,41.0,11.0
20848.0,2722.0,1122.0,3055.0,809.0,209.0,173.0,110.0,381.0,56.0
473635.0,63697.0,34493.0,79975.0,33513.0,3772.0,1677.0,1510.0,1324.0,487.0
13279.0,1134.0,1779.0,1776.0,253.0,311.0,122.0,23.0,298.0,152.0
8263.0,457.0,284.0,418.0,434.0,125.0,80.0,65.0,126.0,16.0
14601.0,1126.0,620.0,1523.0,208.0,280.0,103.0,119.0,269.0,14.0
877.0,75.0,74.0,157.0,20.0,2.0,2.0,0.0,17.0,1.0
15257.0,2910.0,616.0,2787.0,838.0,61.0,51.0,32.0,139.0,15.0
13122.0,2624.0,553.0,2549.0,823.0,33.0,39.0,25.0,41.0,8.0
3.0,0.0,0.0,0.0,0.0,0.0,0.0,0.0,0.0,0.0
59140.0,5112.0,4559.0,7223.0,2322.0,2059.0,632.0,405.0,536.0,238.0
66158.0,3595.0,3405.0,5906.0,961.0,2093.0,99.0,165.0,391.0,151.0
5729.0,1376.0,434.0,839.0,229.0,47.0,22.0,14.0,101.0,5.0
315557.0,156.0,15313.0,66708.0,24.0,18.0,14.0,8.0,0.0,1.0
8667.0,2372.0,525.0,1294.0,288.0,41.0,75.0,37.0,78.0,36.0
79285.0,10863.0,4945.0,12613.0,2607.0,414.0,571.0,230.0,1112.0,198.0
6696.0,404.0,299.0,468.0,914.0,160.0,24.0,32.0,42.0,7.0
14594.0,2754.0,593.0,2617.0,831.0,101.0,41.0,31.0,58.0,8.0
19931.0,4407.0,1222.0,3040.0,663.0,56.0,29.0,22.0,290.0,17.0
6890.0,436.0,375.0,553.0,131.0,146.0,28.0,35.0,46.0,13.0
15396.0,2913.0,627.0,2794.0,837.0,62.0,52.0,36.0,141.0,15.0
839.0,67.0,76.0,151.0,19.0,0.0,1.0,1.0,17.0,0.0
57505.0,4529.0,8557.0,11495.0,2091.0,398.0,155.0,211.0,668.0,43.0
19603.0,1112.0,923.0,1752.0,310.0,339.0,116.0,55.0,189.0,27.0
37760.0,6256.0,6882.0,6827.0,1795.0,113.0,90.0,137.0,362.0,48.0
4758.0,1000.0,453.0,673.0,132.0,23.0,24.0,12.0,45.0,10.0
32283.0,8853.0,2127.0,5844.0,1810.0,246.0,124.0,44.0,374.0,90.0
15290.0,2810.0,622.0,2726.0,906.0,73.0,50.0,29.0,67.0,9.0
19513.0,1196.0,906.0,1703.0,291.0,319.0,123.0,44.0,190.0,21.0
842.0,66.0,76.0,154.0,23.0,2.0,2.0,1.0,16.0,0.0
96643.0,3422.0,2857.0,3532.0,1103.0,961.0,404.0,289.0,818.0,130.0
9286.0,400.0,670.0,593.0,164.0,571.0,29.0,63.0,9.0,7.0
32507.0,2995.0,1441.0,3900.0,1035.0,403.0,273.0,107.0,313.0,69.0
7043.0,1478.0,512.0,926.0,192.0,32.0,21.0,15.0,139.0,13.0
24084.0,1444.0,926.0,2195.0,474.0,544.0,98.0,82.0,322.0,17.0
8636.0,2350.0,524.0,1291.0,293.0,39.0,78.0,41.0,72.0,36.0
28986.0,2319.0,1170.0,2734.0,740.0,445.0,169.0,47.0,256.0,44.0
300014.0,31367.0,25344.0,44528.0,4912.0,4372.0,2425.0,811.0,3914.0,415.0
178600.0,24292.0,19873.0,28778.0,4549.0,2596.0,2246.0,914.0,2577.0,496.0
32695.0,1779.0,1986.0,1975.0,867.0,1381.0,174.0,217.0,216.0,29.0
227155.0,31980.0,25711.0,36948.0,5442.0,2942.0,2887.0,1050.0,3551.0,550.0
9275.0,392.0,692.0,593.0,162.0,570.0,29.0,63.0,8.0,7.0
15133.0,2920.0,608.0,2720.0,865.0,66.0,54.0,28.0,60.0,13.0
11720.0,777.0,452.0,1126.0,275.0,209.0,84.0,19.0,158.0,7.0
45194.0,3374.0,7660.0,9022.0,1437.0,273.0,98.0,202.0,625.0,35.0
20680.0,966.0,1012.0,1637.0,380.0,357.0,102.0,63.0,193.0,25.0
717506.0,54471.0,13547.0,28667.0,29360.0,7049.0,886.0,2016.0,2102.0,366.0
22464.0,795.0,1645.0,1591.0,518.0,1076.0,112.0,137.0,22.0,18.0
57403.0,5289.0,3762.0,5720.0,1921.0,1237.0,604.0,509.0,688.0,249.0
827110.0,97825.0,42681.0,179233.0,68561.0,4744.0,4231.0,1765.0,7453.0,1233.0
178645.0,13908.0,9889.0,17092.0,3107.0,3350.0,872.0,911.0,1867.0,450.0
6199.0,573.0,299.0,635.0,165.0,213.0,20.0,12.0,69.0,10.0
8646.0,466.0,334.0,1341.0,120.0,110.0,82.0,53.0,123.0,5.0
1088.0,288.0,81.0,160.0,58.0,23.0,2.0,2.0,3.0,1.0
9572.0,528.0,459.0,1057.0,234.0,110.0,46.0,29.0,129.0,15.0
35879.0,8596.0,2990.0,5300.0,1751.0,69.0,167.0,47.0,300.0,182.0
37586.0,6280.0,7189.0,6771.0,1799.0,134.0,90.0,135.0,349.0,44.0
78038.0,19265.0,3471.0,657.0,1168.0,32419.0,69.0,522.0,26.0,7.0
29229.0,2599.0,1418.0,3554.0,923.0,534.0,189.0,89.0,293.0,43.0
3500.0,696.0,293.0,509.0,105.0,20.0,10.0,6.0,20.0,3.0
13410.0,1265.0,518.0,1405.0,205.0,248.0,116.0,95.0,178.0,18.0
1945201.0,156946.0,68502.0,171242.0,43380.0,21959.0,5683.0,5335.0,10196.0,1523.0
15252.0,1774.0,1400.0,2239.0,638.0,430.0,229.0,121.0,200.0,51.0
19491.0,1142.0,900.0,1770.0,310.0,305.0,111.0,52.0,170.0,45.0
5973.0,564.0,278.0,519.0,171.0,247.0,21.0,28.0,55.0,14.0
29059.0,2422.0,1151.0,2732.0,776.0,416.0,165.0,41.0,264.0,46.0
909754.0,113883.0,83431.0,131906.0,43894.0,25089.0,12396.0,8842.0,12473.0,4714.0
18376.0,915.0,1223.0,1135.0,419.0,1329.0,75.0,125.0,8.0,14.0
6999.0,617.0,301.0,420.0,131.0,87.0,15.0,31.0,80.0,5.0
3744.0,800.0,350.0,513.0,85.0,19.0,20.0,8.0,43.0,10.0
13122.0,2624.0,553.0,2549.0,823.0,33.0,39.0,25.0,41.0,8.0
9525.0,396.0,729.0,594.0,162.0,572.0,34.0,64.0,8.0,7.0
7485.0,1843.0,334.0,1425.0,225.0,38.0,18.0,62.0,73.0,8.0
972874.0,55074.0,26881.0,63406.0,13323.0,23193.0,3894.0,5194.0,13842.0,1419.0
49321.0,7033.0,3635.0,8265.0,2859.0,504.0,461.0,94.0,510.0,141.0
99802.0,5448.0,3871.0,5191.0,2111.0,7673.0,228.0,407.0,154.0,53.0
7330.0,1343.0,551.0,779.0,200.0,26.0,14.0,7.0,57.0,15.0
8632.0,2347.0,537.0,1276.0,289.0,49.0,77.0,39.0,73.0,34.0
14724.0,1103.0,590.0,1533.0,291.0,363.0,148.0,139.0,241.0,22.0
422578.0,64242.0,21122.0,77025.0,33649.0,2505.0,2112.0,1143.0,3418.0,460.0
14654.0,2787.0,655.0,2692.0,860.0,57.0,52.0,49.0,99.0,13.0
114433.0,9221.0,6701.0,11615.0,4447.0,2422.0,884.0,848.0,972.0,423.0
381405.0,42163.0,36120.0,56396.0,7397.0,5789.0,3251.0,1266.0,5380.0,659.0
9554.0,677.0,367.0,996.0,243.0,151.0,68.0,19.0,147.0,9.0
15235.0,2737.0,651.0,2698.0,860.0,80.0,49.0,29.0,64.0,11.0
9554.0,1696.0,385.0,787.0,120.0,369.0,61.0,20.0,142.0,28.0
839.0,67.0,76.0,151.0,19.0,0.0,1.0,1.0,17.0,0.0
528725.0,36227.0,39340.0,50469.0,12842.0,17452.0,3482.0,3727.0,6116.0,1520.0
12446.0,1387.0,1195.0,1793.0,530.0,332.0,175.0,83.0,149.0,45.0
39639.0,6474.0,7273.0,7164.0,1884.0,184.0,97.0,153.0,386.0,53.0
55649.0,7376.0,2982.0,10329.0,3276.0,293.0,325.0,143.0,609.0,92.0
6560.0,1061.0,308.0,2470.0,340.0,27.0,14.0,7.0,146.0,4.0
8263.0,457.0,284.0,418.0,434.0,125.0,80.0,65.0,126.0,16.0
64919.0,8600.0,4466.0,9599.0,3429.0,1067.0,627.0,342.0,667.0,192.0
13122.0,2624.0,553.0,2549.0,823.0,33.0,39.0,25.0,41.0,8.0
11735.0,1042.0,959.0,1533.0,133.0,94.0,130.0,30.0,383.0,152.0
15563.0,2767.0,556.0,2734.0,829.0,58.0,47.0,27.0,69.0,9.0
60916.0,4027.0,3756.0,5014.0,1711.0,2588.0,828.0,412.0,979.0,296.0
29229.0,2599.0,1418.0,3554.0,923.0,534.0,189.0,89.0,293.0,43.0
8143.0,219.0,734.0,712.0,140.0,312.0,52.0,45.0,14.0,5.0
80479.0,23130.0,4069.0,13418.0,6319.0,427.0,340.0,47.0,867.0,182.0
7893.0,672.0,238.0,683.0,124.0,268.0,7.0,9.0,65.0,12.0
17320.0,2299.0,1270.0,3022.0,785.0,82.0,202.0,41.0,188.0,58.0
8568.0,1601.0,509.0,1353.0,144.0,128.0,40.0,50.0,36.0,22.0
2844.0,219.0,200.0,643.0,95.0,22.0,9.0,3.0,25.0,0.0
4775.0,1012.0,463.0,685.0,137.0,32.0,28.0,13.0,49.0,4.0
48692.0,7701.0,8268.0,8254.0,2307.0,452.0,252.0,249.0,494.0,93.0
133793.0,14541.0,8345.0,43427.0,1917.0,807.0,416.0,238.0,1089.0,193.0
274410.0,7809.0,22087.0,103079.0,14806.0,2270.0,2112.0,829.0,4136.0,742.0
13122.0,2624.0,553.0,2549.0,823.0,33.0,39.0,25.0,41.0,8.0
3505.0,687.0,277.0,487.0,106.0,23.0,13.0,8.0,22.0,5.0
839.0,67.0,76.0,151.0,19.0,0.0,1.0,1.0,17.0,0.0
663109.0,106437.0,63624.0,122506.0,34587.0,3643.0,3572.0,1299.0,6634.0,968.0
62288.0,5965.0,4050.0,6208.0,2187.0,1354.0,642.0,515.0,719.0,248.0
4770.0,1022.0,467.0,671.0,141.0,27.0,23.0,12.0,46.0,4.0
24221.0,2788.0,2733.0,2797.0,1135.0,163.0,79.0,65.0,112.0,29.0
3717.0,777.0,334.0,526.0,88.0,21.0,25.0,7.0,43.0,9.0
8874.0,2225.0,442.0,1182.0,124.0,117.0,89.0,65.0,74.0,11.0
877.0,75.0,74.0,157.0,20.0,2.0,2.0,0.0,17.0,1.0
114433.0,9221.0,6701.0,11615.0,4447.0,2422.0,884.0,848.0,972.0,423.0
14687.0,2866.0,641.0,2752.0,873.0,38.0,42.0,22.0,40.0,8.0
6890.0,436.0,375.0,553.0,131.0,146.0,28.0,35.0,46.0,13.0
31684.0,1109.0,2692.0,7893.0,736.0,100.0,107.0,60.0,409.0,84.0
4763.0,1017.0,453.0,672.0,143.0,26.0,18.0,16.0,50.0,5.0
17718.0,2515.0,902.0,2776.0,672.0,83.0,152.0,61.0,170.0,41.0
32290.0,8828.0,2137.0,5829.0,1817.0,252.0,123.0,45.0,371.0,88.0
717506.0,54471.0,13547.0,28667.0,29360.0,7049.0,886.0,2016.0,2102.0,366.0
14491.0,2728.0,607.0,2649.0,846.0,59.0,44.0,40.0,51.0,8.0
528556.0,36851.0,39319.0,50646.0,12893.0,17106.0,3508.0,3706.0,6123.0,1521.0
26122.0,2836.0,1271.0,3141.0,715.0,320.0,191.0,166.0,380.0,42.0
6199.0,573.0,299.0,635.0,165.0,213.0,20.0,12.0,69.0,10.0
7085.0,1536.0,388.0,1449.0,296.0,28.0,14.0,6.0,92.0,9.0
37597.0,6289.0,7187.0,6777.0,1796.0,142.0,97.0,147.0,330.0,44.0
29189.0,2336.0,1153.0,2828.0,782.0,521.0,138.0,48.0,246.0,55.0
15688.0,562.0,1079.0,1180.0,386.0,754.0,63.0,103.0,19.0,7.0
19261.0,3150.0,1144.0,2678.0,438.0,181.0,125.0,74.0,389.0,39.0
21824.0,1968.0,1103.0,2610.0,565.0,228.0,208.0,127.0,262.0,58.0
221938.0,31460.0,25276.0,36358.0,5095.0,2747.0,2847.0,1002.0,3485.0,528.0
77742.0,8043.0,8292.0,832.0,4057.0,61.0,240.0,274.0,26.0,229.0
585737.0,71212.0,51672.0,90703.0,28649.0,15202.0,7522.0,5295.0,7642.0,2881.0
29229.0,2599.0,1418.0,3554.0,923.0,534.0,189.0,89.0,293.0,43.0
9037.0,403.0,483.0,1480.0,138.0,1102.0,58.0,29.0,103.0,4.0
39615.0,6434.0,7292.0,7195.0,1879.0,175.0,98.0,160.0,396.0,48.0
119092.0,11952.0,9205.0,13013.0,3717.0,2149.0,980.0,716.0,1446.0,384.0
14605.0,1094.0,639.0,1630.0,228.0,296.0,94.0,120.0,258.0,14.0
9520.0,1705.0,379.0,764.0,122.0,371.0,59.0,25.0,144.0,33.0
877.0,75.0,74.0,157.0,20.0,2.0,2.0,0.0,17.0,1.0
44780.0,3335.0,7568.0,8802.0,1426.0,283.0,108.0,227.0,640.0,32.0
19513.0,1196.0,906.0,1703.0,291.0,319.0,123.0,44.0,190.0,21.0
7542.0,1671.0,639.0,1286.0,288.0,33.0,42.0,11.0,136.0,12.0
523246.0,54336.0,19666.0,71657.0,20976.0,3635.0,1928.0,1921.0,6681.0,517.0
13122.0,2624.0,553.0,2549.0,823.0,33.0,39.0,25.0,41.0,8.0
4741.0,998.0,472.0,671.0,135.0,27.0,22.0,13.0,46.0,5.0
29229.0,2599.0,1418.0,3554.0,923.0,534.0,189.0,89.0,293.0,43.0
34620.0,2737.0,1558.0,4012.0,679.0,1737.0,87.0,91.0,160.0,67.0
1725.0,124.0,175.0,222.0,57.0,25.0,9.0,9.0,14.0,3.0
96640.0,3420.0,2858.0,3530.0,1105.0,961.0,404.0,289.0,818.0,130.0
9560.0,1698.0,371.0,785.0,118.0,374.0,60.0,19.0,142.0,35.0
133380.0,8250.0,3862.0,48940.0,2160.0,2683.0,358.0,1164.0,430.0,158.0
248118.0,34401.0,28129.0,40173.0,5816.0,3116.0,3243.0,1175.0,3945.0,608.0
5607.0,1378.0,428.0,802.0,233.0,50.0,19.0,9.0,96.0,12.0
14464.0,2733.0,614.0,2644.0,867.0,66.0,51.0,32.0,54.0,8.0
17337.0,2303.0,1275.0,3027.0,785.0,88.0,195.0,39.0,186.0,58.0
13122.0,2624.0,553.0,2549.0,823.0,33.0,39.0,25.0,41.0,8.0
6892.0,686.0,178.0,565.0,91.0,164.0,8.0,26.0,111.0,12.0
32162.0,165.0,1521.0,4188.0,192.0,535.0,60.0,57.0,11.0,18.0
98722.0,5727.0,5264.0,10248.0,2320.0,4776.0,455.0,947.0,596.0,168.0
37604.0,6235.0,6917.0,6866.0,1805.0,115.0,85.0,145.0,338.0,51.0
19491.0,1142.0,900.0,1770.0,310.0,305.0,111.0,52.0,170.0,45.0
45567.0,3266.0,6977.0,9406.0,1367.0,290.0,216.0,201.0,690.0,44.0
19491.0,1142.0,900.0,1770.0,310.0,305.0,111.0,52.0,170.0,45.0
1365750.0,136557.0,103526.0,160049.0,55819.0,33447.0,14117.0,9813.0,13419.0,5957.0
10137.0,2781.0,494.0,1708.0,544.0,34.0,39.0,69.0,86.0,47.0
17307.0,2302.0,1279.0,3026.0,779.0,79.0,197.0,39.0,189.0,60.0
246454.0,22535.0,9901.0,30901.0,8498.0,1104.0,1008.0,329.0,1878.0,296.0
15700.0,584.0,1222.0,1226.0,330.0,637.0,82.0,103.0,21.0,8.0
14657.0,2764.0,606.0,2643.0,850.0,75.0,47.0,34.0,92.0,8.0
81765.0,7446.0,10085.0,14006.0,3030.0,1093.0,530.0,461.0,914.0,209.0
6560.0,1062.0,295.0,2479.0,344.0,27.0,18.0,5.0,148.0,7.0
440589.0,48731.0,43980.0,48250.0,8667.0,21303.0,1344.0,1633.0,7481.0,934.0
4174.0,410.0,402.0,926.0,136.0,68.0,31.0,21.0,44.0,15.0
187022.0,26112.0,21100.0,30240.0,4944.0,2682.0,2210.0,975.0,2890.0,561.0
48596.0,7679.0,8279.0,8213.0,2301.0,450.0,258.0,260.0,488.0,100.0
1297422.0,118940.0,99000.0,153772.0,53594.0,33864.0,10303.0,7296.0,10322.0,4135.0
422885.0,54694.0,39673.0,55105.0,20120.0,12298.0,6001.0,4442.0,5681.0,2335.0
228680.0,32302.0,25726.0,37199.0,5493.0,2824.0,2965.0,1044.0,3619.0,577.0
546267.0,9835.0,43617.0,220703.0,30552.0,3558.0,4017.0,1515.0,8780.0,1356.0
89642.0,7969.0,6431.0,9423.0,2296.0,1240.0,518.0,415.0,1051.0,211.0
8636.0,2354.0,523.0,1271.0,298.0,43.0,77.0,46.0,78.0,36.0
35373.0,4659.0,3540.0,3706.0,879.0,243.0,88.0,39.0,305.0,25.0
7346.0,1343.0,538.0,798.0,188.0,22.0,19.0,11.0,56.0,16.0
17691.0,2518.0,899.0,2772.0,663.0,84.0,155.0,66.0,169.0,43.0
2836.0,218.0,201.0,633.0,96.0,22.0,9.0,5.0,25.0,0.0
27746.0,2304.0,1171.0,3005.0,607.0,192.0,152.0,78.0,374.0,47.0
529705.0,36321.0,39092.0,50912.0,12761.0,17319.0,3503.0,3945.0,6069.0,1484.0
7102.0,544.0,359.0,606.0,94.0,125.0,50.0,31.0,48.0,16.0
8874.0,2225.0,442.0,1182.0,124.0,117.0,89.0,65.0,74.0,11.0
90434.0,7453.0,5648.0,15204.0,2893.0,1217.0,639.0,1180.0,361.0,162.0
103008.0,549.0,5469.0,21080.0,470.0,1601.0,87.0,90.0,10.0,14.0
6527.0,1056.0,302.0,2458.0,333.0,26.0,16.0,6.0,144.0,3.0
7437.0,1821.0,341.0,1422.0,245.0,32.0,25.0,58.0,72.0,8.0
152911.0,16169.0,3048.0,6052.0,6763.0,12521.0,145.0,150.0,281.0,26.0
89916.0,7398.0,5860.0,8223.0,3085.0,2007.0,933.0,690.0,803.0,406.0
14908.0,2801.0,657.0,2710.0,849.0,80.0,45.0,31.0,128.0,12.0
7044.0,1476.0,503.0,938.0,201.0,31.0,20.0,16.0,142.0,12.0
7018.0,1465.0,507.0,929.0,200.0,35.0,18.0,14.0,138.0,13.0
13043.0,2643.0,542.0,2543.0,825.0,27.0,47.0,19.0,37.0,9.0
7447.0,1835.0,333.0,1416.0,232.0,31.0,21.0,60.0,75.0,11.0
2830.0,223.0,200.0,631.0,93.0,22.0,9.0,3.0,25.0,0.0
37460.0,4473.0,836.0,1052.0,582.0,260.0,79.0,70.0,546.0,3.0
15184.0,2713.0,611.0,2954.0,845.0,53.0,51.0,27.0,54.0,8.0
37883.0,2780.0,5451.0,7156.0,1217.0,237.0,131.0,187.0,574.0,37.0
8617.0,1873.0,461.0,911.0,267.0,19.0,29.0,8.0,46.0,11.0
1511865.0,199456.0,117085.0,204284.0,83313.0,13713.0,6494.0,4562.0,16957.0,2122.0
6701.0,233.0,513.0,437.0,183.0,345.0,25.0,46.0,11.0,10.0
717506.0,54471.0,13547.0,28667.0,29360.0,7049.0,886.0,2016.0,2102.0,366.0
79318.0,10865.0,4955.0,12629.0,2618.0,416.0,565.0,229.0,1114.0,203.0
546768.0,32021.0,15009.0,39809.0,11483.0,12978.0,998.0,727.0,3790.0,441.0
11850.0,3531.0,700.0,1785.0,423.0,42.0,90.0,40.0,96.0,52.0
5728.0,1395.0,447.0,820.0,226.0,47.0,16.0,18.0,99.0,4.0
877.0,75.0,74.0,157.0,20.0,2.0,2.0,0.0,17.0,1.0
16347.0,469.0,903.0,1423.0,272.0,903.0,63.0,102.0,9.0,14.0
29229.0,2599.0,1418.0,3554.0,923.0,534.0,189.0,89.0,293.0,43.0
3515.0,686.0,280.0,514.0,102.0,23.0,13.0,10.0,18.0,6.0
232162.0,23313.0,18691.0,16759.0,14315.0,1868.0,2531.0,2264.0,574.0,293.0
3505.0,709.0,279.0,491.0,117.0,25.0,10.0,6.0,19.0,4.0
14868.0,2941.0,600.0,2648.0,849.0,80.0,84.0,53.0,74.0,11.0
45495.0,5315.0,3325.0,7840.0,1933.0,414.0,190.0,97.0,565.0,46.0
7893.0,672.0,238.0,683.0,124.0,268.0,7.0,9.0,65.0,12.0
18588.0,1188.0,881.0,1894.0,476.0,571.0,103.0,79.0,204.0,7.0
18067.0,890.0,611.0,1377.0,279.0,638.0,102.0,47.0,207.0,23.0
122869.0,15608.0,3755.0,8706.0,1936.0,3107.0,283.0,472.0,3003.0,174.0
3497.0,694.0,291.0,491.0,105.0,24.0,11.0,10.0,20.0,5.0
24216.0,2785.0,2733.0,2810.0,1130.0,155.0,77.0,63.0,107.0,28.0
7024.0,1466.0,511.0,930.0,196.0,39.0,26.0,14.0,137.0,12.0
282305.0,37748.0,18733.0,41546.0,17442.0,1972.0,1354.0,822.0,2679.0,536.0
7920.0,584.0,533.0,895.0,190.0,148.0,68.0,47.0,94.0,20.0
666250.0,86469.0,42756.0,119968.0,47973.0,6315.0,3652.0,1864.0,5185.0,975.0
717506.0,54471.0,13547.0,28667.0,29360.0,7049.0,886.0,2016.0,2102.0,366.0
237733.0,23049.0,24845.0,27922.0,5540.0,20110.0,1057.0,899.0,4553.0,438.0
6738.0,353.0,296.0,586.0,1324.0,272.0,27.0,40.0,45.0,6.0
75904.0,4749.0,3442.0,3901.0,5093.0,3479.0,333.0,549.0,356.0,57.0
8632.0,2361.0,533.0,1272.0,292.0,39.0,77.0,41.0,77.0,36.0
273294.0,16310.0,14541.0,18528.0,10561.0,14920.0,1490.0,2058.0,1025.0,479.0
25694.0,6340.0,2074.0,4343.0,1355.0,81.0,91.0,43.0,523.0,17.0
14747.0,2784.0,659.0,2735.0,878.0,64.0,71.0,43.0,53.0,15.0
7107.0,1550.0,391.0,1445.0,293.0,35.0,15.0,9.0,90.0,10.0
15540.0,3236.0,1342.0,2264.0,690.0,366.0,142.0,101.0,180.0,70.0
842.0,66.0,76.0,154.0,23.0,2.0,2.0,1.0,16.0,0.0
9551.0,1699.0,381.0,777.0,120.0,376.0,62.0,18.0,144.0,28.0
96703.0,3426.0,2868.0,3542.0,1101.0,962.0,404.0,289.0,817.0,131.0
6890.0,436.0,375.0,553.0,131.0,146.0,28.0,35.0,46.0,13.0
15272.0,1525.0,1311.0,1745.0,560.0,574.0,172.0,136.0,158.0,71.0
96701.0,3424.0,2865.0,3544.0,1100.0,962.0,404.0,289.0,817.0,131.0
93063.0,4580.0,2455.0,5744.0,1132.0,1603.0,192.0,304.0,474.0,47.0
9285.0,390.0,672.0,591.0,159.0,571.0,30.0,63.0,8.0,8.0
399298.0,7226.0,31653.0,161478.0,22105.0,2603.0,2930.0,1119.0,6416.0,990.0
14251.0,2784.0,624.0,2607.0,862.0,70.0,64.0,28.0,49.0,13.0
529371.0,36035.0,38984.0,50772.0,12790.0,17310.0,3585.0,3980.0,6068.0,1470.0
81698.0,7449.0,10085.0,13977.0,3039.0,1081.0,533.0,464.0,919.0,211.0
200104.0,28199.0,23695.0,31635.0,4650.0,2600.0,2528.0,886.0,3086.0,580.0
21351.0,2639.0,1310.0,3510.0,883.0,217.0,250.0,48.0,256.0,61.0
3729.0,792.0,337.0,523.0,96.0,17.0,25.0,6.0,41.0,8.0
482951.0,62991.0,35318.0,80575.0,33489.0,3509.0,1596.0,1472.0,1562.0,508.0
14760.0,2038.0,1372.0,1932.0,662.0,471.0,185.0,135.0,188.0,66.0
12687.0,3212.0,909.0,2227.0,686.0,29.0,21.0,12.0,220.0,6.0
4750.0,1010.0,452.0,674.0,143.0,24.0,23.0,12.0,47.0,2.0
114433.0,9221.0,6701.0,11615.0,4447.0,2422.0,884.0,848.0,972.0,423.0
17329.0,2319.0,1269.0,3029.0,786.0,84.0,195.0,40.0,183.0,61.0
18523.0,962.0,1036.0,1153.0,396.0,1325.0,66.0,105.0,10.0,19.0
13990.0,268.0,1307.0,4412.0,729.0,132.0,120.0,45.0,144.0,35.0
11850.0,1382.0,1152.0,1747.0,478.0,297.0,152.0,91.0,178.0,43.0
1576618.0,146483.0,122864.0,282820.0,113365.0,18388.0,8060.0,2904.0,3504.0,2785.0
3208.0,95.0,288.0,212.0,51.0,108.0,14.0,29.0,7.0,4.0
33043.0,1363.0,2095.0,2473.0,857.0,1881.0,177.0,238.0,45.0,27.0
15396.0,2913.0,627.0,2794.0,837.0,62.0,52.0,36.0,141.0,15.0
